id,品类,账户,名称,手机号,email,角色,账号类型,地址,最后一次登录,负责店铺数量
11103,3C,ZNWX-8303,TJH-80003-H,,,SUPER_ADMIN,接待账号,福建省-厦门市,2026-09-16 12:06:49,0
13174,3C,ZNWX-1245,XXW80318-储高,,,ASSISTANT,接待账号,福建省-厦门市,2026-08-11 19:55:10,0
27448,3C,ZNWX-4533,DAH1-GZW80017-M,,,ASSISTANT,接待账号,福建省-厦门市,2026-08-11 10:17:29,0
28966,3C,ZNWX-4430,D01-257-WXX80668-J,,,ASSISTANT,接待账号,福建省-厦门市,2026-09-14 17:15:01,5
33949,3C,ZNWX-7725,LTY,,,ASSISTANT,接待账号,,2026-03-25 14:11:17,19
34259,3C,ZNWX-9396,DA/DBS2-ZLY80866-J,,,ASSISTANT,接待账号,福建省-厦门市,2026-07-05 20:56:51,0
36990,3C,ZNWX-5852,DAT1-CXJ80976-J,,,ASSISTANT,接待账号,中国阿里云,2025-06-28 11:30:43,0
38690,3C,ZNWX-9003,D01-0257-ZWH81092-M,,,ASSISTANT,接待账号,福建省-Wenquan,2026-09-15 09:29:11,0
41169,3C,ZNWX-8592,DAL1-CZB81240-M,,,ASSISTANT,接待账号,福建省-厦门市,2026-08-06 15:35:29,0
43032,3C,ZNWX-7597,D01-0258-YYB81442-M,,,ASSISTANT,接待账号,福建省-厦门市,2026-08-29 10:24:14,0
44306,3C,ZNWX-6853,DAH1-ZQD81558-M,,,ASSISTANT,接待账号,福建省-厦门市,2026-02-13 10:29:30,0
44524,3C,ZNWX-9905,DA/DBS4-LQJ81561-M,,,ASSISTANT,接待账号,福建省-厦门市,2026-08-11 13:57:31,0
44525,3C,ZNWX-9473,DA/DBT2-LC81518-J,,,ASSISTANT,接待账号,福建省-厦门市,2026-08-28 13:57:53,0
46360,3C,ZNWX-2692,DA/DBT3-LLB81689-M,,,ASSISTANT,接待账号,福建省-厦门市,2026-07-07 16:49:10,0
48772,3C,ZNWX-0355,DAL1-WJF81843-M,+8618950113669,,ASSISTANT,接待账号,福建省-厦门市,2026-09-08 11:45:45,0
49438,3C,ZNWX-5225,D01-057-ZJC81870-J,,,ASSISTANT,接待账号,Nonthaburi-Nonthaburi,2026-09-16 11:34:48,0
50000,3C,ZNWX-0747,DA/DBS4-LJF81980-JS,,,ASSISTANT,接待账号,福建省-厦门市,2026-02-14 10:06:40,0
50034,3C,ZNWX-9788,D01-0257-LX81943-M,,,ASSISTANT,接待账号,福建省-厦门市,2026-09-14 17:14:41,0
51923,3C,ZNWX-7156,D01-0258-ZEM82112-M,,,ASSISTANT,接待账号,福建省-厦门市,2026-09-07 16:04:38,0
52009,3C,ZNWX-3759,DA/DBS5-ZHN82036-J,,,ASSISTANT,接待账号,,2026-03-28 17:17:02,0
52017,3C,ZNWX-4881,DAL3-FLH82075-M,,,ASSISTANT,接待账号,福建省-福州,2026-05-29 17:40:26,0
54282,3C,ZNWX-9324,D01-257-CDG82217-J,,,ASSISTANT,接待账号,福建省-厦门市,2026-09-16 11:19:53,0
55926,3C,ZNWX-7332,DAL3-HKB82292-JS,,,ASSISTANT,接待账号,福建省-厦门市,2026-04-01 16:46:55,0
55929,3C,ZNWX-1791,D01-257-ZY83089-J,+8618065194956,,ASSISTANT,接待账号,福建省-Wenquan,2026-09-16 09:04:51,0
56413,3C,ZNWX-4007,DA/DBT1-LR82323-J,,,ASSISTANT,接待账号,福建省-厦门市,2026-03-07 16:03:51,0
57378,3C,ZNWX-9898,DBS1-CZL82341-J,,,ASSISTANT,接待账号,福建省-Wenquan,2026-05-14 13:43:34,0
58607,3C,ZNWX-0885,DAS1-HDX82443-M,,,ASSISTANT,接待账号,福建省-厦门市,2026-09-16 11:36:29,0
61884,3C,ZNWX-8261,DAS1-CZK82617-J,,,ASSISTANT,接待账号,福建省-厦门市,2026-09-15 13:37:58,0
61910,3C,ZNWX-8158,DAH1-Boom-CSO,,,ASSISTANT,接待账号,曼谷-Samphanthawong,2026-09-15 22:00:19,21
61927,3C,ZNWX-0327,DAH1-鸿润-CSA,,,ASSISTANT,接待账号,曼谷-Nong Khaem,2026-07-20 14:12:29,0
63198,3C,ZNWX-0041,DA/DBT2-LCC81378-M,,,ASSISTANT,接待账号,福建省-厦门市,2026-08-13 19:51:21,0
64212,3C,ZNWX-2766,D01-057-CK82766-J,,,ASSISTANT,接待账号,福建省-厦门市,2026-09-14 10:26:11,0
65363,3C,ZNWX-8161,DAH1-Eve-CSO,,eybzy2003@gmail.com,ASSISTANT,接待账号,曼谷-曼谷,2026-06-29 23:43:40,0
65466,3C,ZNWX-8283,DAH1-LXH82831-JC,,,ASSISTANT,接待账号,福建省-厦门市,2025-12-29 09:30:11,0
65650,3C,ZNWX-0169,D01-257-DRJ82772-J,,,ASSISTANT,接待账号,福建省-厦门市,2026-09-15 15:20:52,4
65759,3C,ZNWX-0175,DA/DBS4-LGG82832-J,,,ASSISTANT,接待账号,福建省-厦门市,2026-06-22 10:27:52,0
65760,3C,ZNWX-0177,DA/DBS4-CLB82871-J,,,ASSISTANT,接待账号,福建省-厦门市,2026-09-04 10:29:14,0
66766,3C,ZNWX-8290,DBS3-JXQ82901-M,,,ASSISTANT,接待账号,福建省-厦门市,2026-08-20 09:08:37,0
68472,3C,ZNWX-0883,DA/DBT1-ZYQ83040-J,,,ASSISTANT,接待账号,福建省-Wenquan,2026-06-16 21:58:17,0
68656,3C,ZNWX-0183,DA/DBT4-ZWJ83331-J,+8615059572382,,ASSISTANT,接待账号,福建省-厦门市,2026-08-31 11:43:32,0
69312,3C,ZNWX-0886,DA/DBT1-WJC83101-J,,,ASSISTANT,接待账号,福建省-漳州市,2026-08-30 21:59:11,0
69686,3C,ZNWX-8314,DA/DBS2-ZZW83122-J,,,ASSISTANT,接待账号,福建省-Wenquan,2026-04-30 14:39:51,0
69775,3C,ZNWX-0888,DA/DBT2-RWM83157-J,,,ASSISTANT,接待账号,福建省-厦门市,2026-08-28 11:12:25,0
69969,3C,ZNWX-7889,DBS1-WJX83142-J,,,ASSISTANT,接待账号,福建省-厦门市,2026-07-03 11:45:34,0
70935,3C,ZNWX-0889,DA/DBT1-GJL82652-J,,,ASSISTANT,接待账号,福建省-厦门市,2026-07-18 17:16:45,0
71750,3C,ZNWX-8339,D01-257-LX83393-J,,,ASSISTANT,接待账号,福建省-厦门市,2026-09-15 14:17:25,0
71755,3C,ZNWX-8338,DAS1-KJ83384-J,,,ASSISTANT,接待账号,,2026-03-31 16:33:34,0
73060,3C,ZNWX-0893,DA/DBT2-WY83505-J,,,ASSISTANT,接待账号,,2026-04-03 09:36:32,0
73278,3C,ZNWX-0187,D01-257-ZYL83546-J,,,ASSISTANT,接待账号,福建省-厦门市,2026-09-15 19:14:05,0
73342,3C,ZNWX-0540,D01-258-TYT83909-J,,,ASSISTANT,接待账号,福建省-Wenquan,2026-09-16 11:33:43,0
73510,3C,ZNWX-0190,DA/DBS4-RH83529-J,,,ASSISTANT,接待账号,,2026-03-31 14:45:52,0
73844,3C,ZNWX-0894,DA/DBT1-CH83669-Sub,,,ASSISTANT,接待账号,福建省-Wenquan,2026-05-30 13:36:30,0
74024,3C,ZNWX-0895,DA/DBT5-HYH83637-J,,,ASSISTANT,接待账号,福建省-Wenquan,2026-06-09 14:27:35,0
74311,3C,ZNWX-3626,DAL3-SSH83626-J,,,ASSISTANT,接待账号,福建省-厦门市,2026-04-02 09:07:05,0
74802,3C,ZNWX-0192,D01-257-BWT83697-J,,,ASSISTANT,接待账号,福建省-厦门市,2026-09-16 11:20:24,0
74902,3C,ZNWX-3709,DAL3-WWY83709-J,,,ASSISTANT,接待账号,福建省-厦门市,2026-05-06 22:17:03,0
75629,3C,ZNWX-0683,D01-258-DLX83687-J,+8618806093269,,ASSISTANT,接待账号,福建省-Wenquan,2026-09-16 11:55:04,0
75777,3C,ZNWX-0607,DA/DBS2-HPQ83800-J,,,ASSISTANT,接待账号,福建省-厦门市,2026-08-29 16:10:35,0
76013,3C,ZNWX-8384,DAS1-ZWQ83845-JC,,,ASSISTANT,接待账号,福建省-厦门市,2026-02-28 13:56:09,0
78449,3C,ZNWX-8405,D01-257-LJH84059-J,,,ASSISTANT,接待账号,福建省-Wenquan,2026-09-16 11:36:20,0
78987,3C,ZNWX-0879,DA/DBT1-MDX840854-J,,,ASSISTANT,接待账号,福建省-Wenquan,2026-05-11 15:19:47,0
79148,3C,ZNWX-0875,DA/DBT1-ZZX84147-Sub,,,ASSISTANT,接待账号,福建省-厦门市,2026-07-31 11:17:29,0
79276,3C,ZNWX-0605,DA/DBS2-JJ84153-Sub,,,ASSISTANT,接待账号,,2026-03-31 19:42:18,0
80056,3C,ZNWX-0173,ZNWX-0173,,,ASSISTANT,接待账号,,2025-11-11 21:07:00,0
80059,3C,ZNWX-0219,ZNWX-0219,,,ASSISTANT,接待账号,福建省-厦门市,2025-11-22 16:27:20,0
80926,3C,ZNWX-4261,DAL1-YHY84261-J,,,ASSISTANT,接待账号,福建省-福州,2026-05-07 13:43:18,0
81318,3C,ZNWX-4290,DAL1-YS84290-Sub,,,ASSISTANT,接待账号,,2026-02-15 14:59:10,0
81964,3C,ZNWX-8433,D01-257-ZHX84337-J,,,ASSISTANT,接待账号,福建省-厦门市,2026-09-15 13:51:42,5
83298,3C,ZNWX-4445,DAL1-HY84445-J,,,ASSISTANT,接待账号,福建省-厦门市,2026-02-24 16:50:44,0
83392,3C,ZNWX-0157,D01-057-ZZX84499-J,,,ASSISTANT,接待账号,福建省-Wenquan,2026-09-16 09:16:15,0
83697,3C,ZNWX-8451,D01-057-CWP84517-J,,,ASSISTANT,接待账号,福建省-厦门市,2026-09-16 10:18:23,0
84117,3C,ZNWX-1266,DAT5-LC84556-J,,,ASSISTANT,接待账号,上海市-上海,2026-04-19 12:17:40,0
85737,3C,ZNWX-1118,3C客服负责人：林群佳,,,ASSISTANT,接待账号,福建省-Wenquan,2026-05-18 20:04:09,0
87180,3C,ZNWX-1510,DA/DBT1-GQ85179-Sub,,,ASSISTANT,接待账号,福建省-Wenquan,2026-06-18 16:41:54,0
87428,3C,ZNWX-1500,DBS1-QKX84802-sub,,,ASSISTANT,接待账号,福建省-厦门市,2026-06-17 13:44:47,0
87701,3C,ZNWX-0844,ZNWX-TEST,,,ASSISTANT,接待账号,,2026-03-13 18:26:38,0
87944,3C,ZNWX-1518,DA/DBT1-XY84877-Sub,,,ASSISTANT,接待账号,福建省-Wenquan,2026-08-26 15:03:15,0
88001,3C,ZNWX-1643,DAL1-LJH83709-J,+8615393700785,1783730778@qq.com,ASSISTANT,接待账号,,2026-04-01 18:12:04,0
88169,3C,ZNWX-1519,DA/DBT2-LYJ84917-sub,,,ASSISTANT,接待账号,福建省-Wenquan,2026-04-30 15:10:34,0
88549,3C,ZNWX-1520,D01-258-ZWM84963-J,,,ASSISTANT,接待账号,福建省-厦门市,2026-09-14 20:43:44,0
89205,3C,ZNWX-1522,D01-258-WXY85073-J,,,ASSISTANT,接待账号,福建省-厦门市,2026-09-16 10:49:55,0
89277,3C,ZNWX-5140,ZNWX-RK,+8618558956757,490949941@qq.com,ASSISTANT,接待账号,,2026-04-02 08:54:51,0
89359,3C,ZNWX-4152,DBS3-JJ84152-J,,,ASSISTANT,接待账号,福建省-厦门市,2026-06-17 14:26:41,0
89362,3C,ZNWX-0589,DAS3-SGJJ85051-J,,,ASSISTANT,接待账号,福建省-厦门市,2026-09-04 09:45:38,0
90250,3C,ZNWX-7100,DAS4-LMM85162-J,,,ASSISTANT,接待账号,福建省-厦门市,2026-08-29 14:30:41,0
90611,3C,ZNWX-5201,D01-257-TH85201-J,,,ASSISTANT,接待账号,福建省-厦门市,2026-09-16 09:06:25,0
90624,3C,ZNWX-5159,DAT3-YYH85195-J,,,ASSISTANT,接待账号,福建省-厦门市,2026-07-15 13:35:58,0
91151,3C,ZNWX-1523,DA/DBT2-ZYQ85290-Sub,,,ASSISTANT,接待账号,福建省-厦门市,2026-07-27 16:05:00,0
91347,3C,ZNWX-5251,DA/DBS5-ZXY85251-J,,,ASSISTANT,接待账号,福建省-厦门市,2026-07-29 15:55:43,0
91781,3C,ZNWX-5200,DBS1-LK85340-J,,,ASSISTANT,接待账号,福建省-厦门市,2026-07-25 14:19:43,0
92198,3C,ZNWX-1724,DAA1-XIAN-CSA,,,ASSISTANT,接待账号,曼谷-Samphanthawong,2026-09-15 16:26:48,0
93260,3C,ZNWX-5513,DA/DBS5-LY85513-J,,,ASSISTANT,接待账号,福建省-厦门市,2026-07-29 15:51:11,0
94209,3C,ZNWX-0628,DAS3-LHB85695-Sub,,,ASSISTANT,接待账号,四川-成都,2026-07-21 23:53:17,0
94242,3C,ZNWX-0890,D01-258-TJS85270-J,,,ASSISTANT,接待账号,福建省-厦门市,2026-09-16 10:10:23,0
94252,3C,ZNWX-5320,DAT3-CWZ85565-J,+8619993145636,caiwenzhuo5636@163.com,ASSISTANT,接待账号,福建省-厦门市,2026-08-05 13:39:40,0
94333,3C,ZNWX-5667,D01-057-LZQ85667-J,,,ASSISTANT,接待账号,福建省-厦门市,2026-09-16 11:13:39,1
94683,3C,ZNWX-5338,DA/DBS/LANZ-CSO,,,ASSISTANT,接待账号,Metro Manila-马尼拉,2026-09-16 10:24:07,6
95233,3C,ZNWX-5400,DAT4-XEX85749-J,,,ASSISTANT,接待账号,福建省-厦门市,2026-07-11 13:49:30,0
95327,3C,ZNWX-5454,DAS1-LH85788-Sub,,,ASSISTANT,接待账号,福建省-福州市,2026-09-01 09:23:02,6
95448,3C,ZNWX-1822,D01-058-CSH85745-J,,,ASSISTANT,接待账号,福建省-Wenquan,2026-09-16 10:57:21,2
95449,3C,ZNWX-1823,D01-058-CY85751-J,,,ASSISTANT,接待账号,福建省-Wenquan,2026-09-15 20:12:17,2
95529,3C,ZNWX-5450,DAS3-Marj-CSA,,,ASSISTANT,接待账号,Metro Manila-马尼拉,2026-09-16 12:33:58,0
95795,3C,ZNWX-5455,D01-058-LY85754-J,+8615160757303,,ASSISTANT,接待账号,福建省-Wenquan,2026-09-16 09:24:05,2
96259,3C,ZNWX-1824,DAT1-YRR85882-J,,,ASSISTANT,接待账号,福建省-厦门市,2026-09-05 23:55:23,0
96372,3C,ZNWX-5555,DA/DBS4-LHH85886-J,,,ASSISTANT,接待账号,福建省-厦门市,2026-07-18 09:05:19,0
96641,3C,ZNWX-5458,D01-057-LYX85959-J,,,ASSISTANT,接待账号,福建省-Wenquan,2026-09-16 09:22:12,0
97511,3C,ZNWX-1871,D01-058-YYH86060-J,,,ASSISTANT,接待账号,福建省-厦门市,2026-09-16 09:40:15,2
97513,3C,ZNWX-5401,DAT4/DBT4-ZZQ86068-J,+8615105939133,,ASSISTANT,接待账号,福建省-厦门市,2026-08-29 13:41:11,0
98458,3C,3CSM-LTY,数据导出-兰天昱,,,ASSISTANT,接待账号,东京都-东京,2026-08-07 10:37:25,0
98522,3C,ZNWX-1872,D01-058-LZH85267-J,,,ASSISTANT,接待账号,福建省-厦门市,2026-09-05 09:46:41,0
98642,3C,ZNWX-6117,D01-057-FF86117-J,,,ASSISTANT,接待账号,福建省-厦门市,2026-09-16 09:28:44,0
99988,3C,ZNWX-5601,李涵-AI模型训练师,,,ASSISTANT,接待账号,福建省-Wenquan,2026-09-16 09:01:50,0
11110,母婴,ZNWX-3486,HAM80055-H,,,SUPER_ADMIN,接待账号,福建省-厦门市,2026-09-16 12:10:41,0
11588,母婴,ZNWX-2085,HKS1-YZB80016-JS,,,ASSISTANT,接待账号,福建省-福州,2026-09-15 15:28:47,2
15019,母婴,ZNWX-0024,杨帆YF,,,ASSISTANT,接待账号,福建省-厦门市,2026-06-10 15:28:33,53
26781,母婴,ZNWX-4177,BBT3-LTK80100-JS,,,ASSISTANT,接待账号,福建省-厦门市,2026-09-14 14:02:28,0
26782,母婴,ZNWX-3431,HCS1-JDS80302-M,,,ASSISTANT,接待账号,福建省-厦门市,2026-09-08 15:12:19,0
26802,母婴,ZNWX-6018,HFS1-ZH80387-M,,,ASSISTANT,接待账号,福建省-福州市,2026-09-15 16:19:05,0
26803,母婴,ZNWX-3469,HBS1-LST80099-M,,,ASSISTANT,接待账号,福建省-厦门市,2026-09-05 15:37:03,0
26813,母婴,ZNWX-6988,HBS2-YT80170-JS,,,ASSISTANT,接待账号,福建省-厦门市,2026-07-30 10:41:40,0
26816,母婴,ZNWX-0037,HBS1-LZP80584-M,,,ASSISTANT,接待账号,福建省-福州,2026-09-14 09:03:02,0
27348,母婴,ZNWX-9647,BBS3-WXH80074-M,,,ASSISTANT,接待账号,福建省-厦门市,2026-09-08 15:05:30,0
27354,母婴,ZNWX-7798,BBS5-LYF80458-M,,,ASSISTANT,接待账号,福建省-福州市,2026-09-08 21:17:26,0
27356,母婴,ZNWX-3371,BBS3-ZRL80396-M,,,ASSISTANT,接待账号,福建省-福州,2026-09-16 10:01:15,0
28612,母婴,ZNWX-0597,BAS1-ZLF80641-JS,,,ASSISTANT,接待账号,福建省-厦门市,2026-01-26 11:42:27,0
28976,母婴,ZNWX-9137,ZHC-SZR80662-M,,,ASSISTANT,接待账号,福建省-厦门市,2026-04-01 15:23:30,0
28977,母婴,ZNWX-4649,BDS3-SBJ80665-JS,,,ASSISTANT,接待账号,福建省-福州,2026-09-16 09:54:34,0
32218,母婴,ZNWX-6404,HBT5-TY80784-JS,,,ASSISTANT,接待账号,福建省-福州,2026-09-14 16:40:20,4
32223,母婴,ZNWX-8335,HBS5/HBT5-陈思源,,,ASSISTANT,接待账号,上海市-上海,2026-09-05 23:09:01,0
32269,母婴,ZNWX-2231,BDS3-JXY80765-JS,,,ASSISTANT,接待账号,福建省-福州,2026-09-15 14:09:10,0
32285,母婴,ZNWX-0621,HBS4-ZQL80774-M,,,ASSISTANT,接待账号,福建省-厦门市,2026-09-01 14:15:21,0
33967,母婴,ZNWX-7515,HCS2/4-CJH80394-M,,,ASSISTANT,接待账号,福建省-Wenquan,2026-09-11 15:37:52,2
34307,母婴,ZNWX-2501,BAT2-WFS80869-M,,,ASSISTANT,接待账号,福建省-厦门市,2026-08-11 14:30:07,0
34604,母婴,ZNWX-1341,BBT3-YF80903-M,,,ASSISTANT,接待账号,福建省-厦门市,2026-09-01 10:14:49,0
34731,母婴,ZNWX-0174,BDT3-ZMH80851-M,,,ASSISTANT,接待账号,福建省-福州,2026-09-15 17:51:07,0
34871,母婴,ZNWX-9439,HBS3-LWQ80771-M,+8613111111112,2752216529@qq.com,ASSISTANT,接待账号,福建省-厦门市,2026-08-28 17:12:34,0
35076,母婴,ZNWX-3101,HBS2-CZT80120-M,,,ASSISTANT,接待账号,福建省-厦门市,2026-09-07 15:07:36,0
35077,母婴,ZNWX-0012,HKF80363-储高,,,ASSISTANT,接待账号,福建省-厦门市,2026-09-05 22:46:00,0
35433,母婴,ZNWX-1372,BGS3-CSD80930-JC,,,ASSISTANT,接待账号,福建省-厦门市,2026-07-24 15:49:01,0
36462,母婴,ZNWX-9477,HKS2-CMJ80970-JS,,,ASSISTANT,接待账号,福建省-厦门市,2026-07-09 21:38:46,0
36911,母婴,ZNWX-1833,BDS2/4-WMY80977-J,,,ASSISTANT,接待账号,福建省-福州,2026-09-16 09:54:28,0
37079,母婴,ZNWX-0486,HCT3-LHW80905-M,,,ASSISTANT,接待账号,福建省-厦门市,2026-08-08 11:33:36,0
37104,母婴,ZNWX-8489,HKS1-CXL81010-M,,,ASSISTANT,接待账号,福建省-福州,2026-09-15 14:15:09,0
37162,母婴,ZNWX-8530,HBT2-ZZY80990-M,,,ASSISTANT,接待账号,福建省-福州市,2026-08-26 16:48:20,0
37163,母婴,ZNWX-8121,HBT2-LCG81008-JS,,,ASSISTANT,接待账号,福建省-福州,2026-09-16 09:00:47,0
37165,母婴,ZNWX-9002,HCS3-LTB80996-M,,,ASSISTANT,接待账号,福建省-厦门市,2026-09-13 15:02:54,0
38603,母婴,ZNWX-7832,BAT1-CML81087-M,,,ASSISTANT,接待账号,福建省-福州市,2026-09-01 17:13:36,0
38716,母婴,ZNWX-1923,BAS2-ZYY80918-J,,,ASSISTANT,接待账号,福建省-厦门市,2026-02-04 13:50:55,0
38722,母婴,ZNWX-0226,BGS3-WDY81095-JS,,,ASSISTANT,接待账号,福建省-福州市,2026-09-05 14:35:57,0
39141,母婴,ZNWX-9113,HFS2-WYC81123-M,,,ASSISTANT,接待账号,福建省-厦门市,2026-09-15 09:30:58,0
39321,母婴,ZNWX-6011,JQW80368-储高,,,ASSISTANT,接待账号,福建省-厦门市,2026-09-06 01:03:32,0
39750,母婴,ZNWX-6481,HKS3-ZYL81068-M,,,ASSISTANT,接待账号,福建省-厦门市,2026-09-01 09:47:01,0
40049,母婴,ZNWX-1012,HFS3-Shelly-CSO,,,ASSISTANT,接待账号,Metro Manila-马尼拉,2026-09-11 13:25:55,14
40161,母婴,ZNWX-2137,HES4-LQH80461-M,,,ASSISTANT,接待账号,福建省-厦门市,2026-07-18 09:16:23,0
40304,母婴,ZNWX-7702,客服负责人：陈聪辉,,,ASSISTANT,接待账号,福建省-福州,2026-09-16 11:58:59,0
40452,母婴,ZNWX-3118,HCS3-HXY84010-JS,,,ASSISTANT,接待账号,福建省-厦门市,2026-07-31 15:30:54,0
40993,母婴,ZNWX-1511,ZHC1/2-LYM81045-JS,,,ASSISTANT,接待账号,福建省-西天尾,2026-06-07 11:35:24,0
41044,母婴,ZNWX-0218,HCS3-HZC81234-JS,,,ASSISTANT,接待账号,福建省-福州,2026-09-16 09:10:14,0
41045,母婴,ZNWX-3712,HCS1-LYZ81244-M,,,ASSISTANT,接待账号,福建省-厦门市,2026-09-09 17:06:15,0
41074,母婴,ZNWX-1163,BBS1-HXX81261-M,,,ASSISTANT,接待账号,福建省-福州市,2026-09-10 00:04:33,0
41115,母婴,ZNWX-4163,HFT3-WJB81302-M,,,ASSISTANT,接待账号,福建省-福州市,2026-09-11 16:26:07,0
41344,母婴,ZNWX-7335,HBS3-LJY81317-M,,,ASSISTANT,接待账号,福建省-Wenquan,2026-05-22 09:35:14,0
41713,母婴,ZNWX-4030,ZHC1/3/4-YMH81247-JS,,,ASSISTANT,接待账号,,2026-04-06 14:26:09,0
42333,母婴,ZNWX-1717,BBT1-LYT81375-M,,,ASSISTANT,接待账号,福建省-福州市,2026-09-16 10:26:27,0
42829,母婴,ZNWX-8650,HCS3-LYY80803-M,,,ASSISTANT,接待账号,,2025-10-29 15:30:50,0
42948,母婴,ZNWX-5893,HCS3-ZYH81437-M,,,ASSISTANT,接待账号,福建省-福州,2026-09-15 13:43:50,0
43019,母婴,ZNWX-5535,ZBA1-5-YCL81440-M,,,ASSISTANT,接待账号,,2026-04-08 11:40:20,0
43048,母婴,ZNWX-7071,BGT4-QWT81449-M,,,ASSISTANT,接待账号,福建省-福州市,2026-08-25 17:17:51,0
43112,母婴,ZNWX-1337,BAS1-MKX81417-JS,,,ASSISTANT,接待账号,福建省-厦门市,2026-05-04 11:04:15,0
43117,母婴,ZNWX-8094,HCT1-LWC81423-M,,,ASSISTANT,接待账号,福建省-厦门市,2026-07-30 15:58:21,0
44302,母婴,ZNWX-7468,BBS4-LWJ81535-JS,,,ASSISTANT,接待账号,福建省-福州,2026-09-16 09:14:52,0
44428,母婴,ZNWX-6655,BBS3-CZK81554-JC,,,ASSISTANT,接待账号,福建省-福州市,2026-09-11 17:06:12,0
44436,母婴,ZNWX-6026,BBS2-ZGJ81562-J,,,ASSISTANT,接待账号,福建省-厦门市,2026-03-03 10:38:57,0
44581,母婴,ZNWX-7984,BDT1/2/3-HJB81568-M,,,ASSISTANT,接待账号,福建省-厦门市,2026-08-25 10:21:58,0
44588,母婴,ZNWX-3134,HCS1-SJD81239-JS,,,ASSISTANT,接待账号,福建省-福州,2026-09-16 09:49:00,0
44818,母婴,ZNWX-7168,HBT4-XL81570-M,,,ASSISTANT,接待账号,福建省-Wenquan,2026-05-04 10:50:57,0
44851,母婴,ZNWX-0172,HBT1-FJQ81609-J,,,ASSISTANT,接待账号,福建省-Wenquan,2026-09-15 16:30:20,0
46359,母婴,ZNWX-6454,HBT1-HZP81696-JS,,,ASSISTANT,接待账号,福建省-福州,2026-09-15 16:02:03,0
46424,母婴,ZNWX-1766,BAS4-GSM80569-M,,,ASSISTANT,接待账号,福建省-福州,2026-09-15 11:38:16,0
46460,母婴,ZNWX-9772,BDS1/2/4-HXR81677-M,,,ASSISTANT,接待账号,福建省-厦门市,2026-09-09 14:34:04,0
46517,母婴,ZNWX-1945,HFS1-XH81691-JS,,,ASSISTANT,接待账号,福建省-福州市,2026-09-09 20:55:03,0
46539,母婴,ZNWX-7023,HAS2-LZR81697-M,,,ASSISTANT,接待账号,福建省-厦门市,2026-09-09 15:21:21,0
46893,母婴,ZNWX-7659,HES3-ZC81741-M,,,ASSISTANT,接待账号,福建省-福州,2026-09-15 17:11:22,0
46964,母婴,ZNWX-6094,HKS1-XDK81648-JS,,,ASSISTANT,接待账号,广东-广州市,2026-09-11 00:14:51,0
48069,母婴,ZNWX-2928,BBS4-SQJ81784-J,,,ASSISTANT,接待账号,福建省-厦门市,2026-09-16 11:49:16,0
48459,母婴,ZNWX-0199,HFS3/HBS3-Jerome-CSO,,,ASSISTANT,接待账号,Metro Manila-马尼拉,2026-07-08 22:03:34,0
49230,母婴,ZNWX-4977,HFS4-HZY81818-M,,,ASSISTANT,接待账号,福建省-厦门市,2026-09-07 14:13:11,0
49296,母婴,ZNWX-1486,HCS2-YTY81864-JS,,,ASSISTANT,接待账号,福建省-福州,2026-09-16 11:34:51,0
49996,母婴,ZNWX-4591,HCS2-CYX81910-J,,,ASSISTANT,接待账号,福建省-福州,2026-09-14 14:50:01,0
49997,母婴,ZNWX-5835,HGS1-GWC81891-J,,,ASSISTANT,接待账号,福建省-厦门市,2026-09-10 16:47:03,0
50008,母婴,ZNWX-4224,BBS3-TJB81895-JC,,,ASSISTANT,接待账号,福建省-福州市,2026-09-16 10:22:56,0
50009,母婴,ZNWX-8863,BAT1-HZ81967-JS,,,ASSISTANT,接待账号,福建省-厦门市,2026-09-09 23:45:34,0
50066,母婴,ZNWX-4009,BAT1-LHX81955-JS,,,ASSISTANT,接待账号,福建省-福州市,2026-09-16 09:22:13,0
50090,母婴,ZNWX-9733,HCT3-LJM81894-J,,,ASSISTANT,接待账号,福建省-福州市,2026-09-16 09:09:22,3
50104,母婴,ZNWX-0733,BDS3/5-WYX81896-M,,,ASSISTANT,接待账号,福建省-福州,2026-09-15 09:28:49,0
50236,母婴,ZNWX-1070,HBS4-ZPQ81961-JS,,,ASSISTANT,接待账号,福建省-厦门市,2026-09-05 16:28:42,0
50783,母婴,ZNWX-9937,HKS5-ZY80993-M,,,ASSISTANT,接待账号,福建省-福州,2026-09-16 11:57:51,0
52068,母婴,ZNWX-7294,HFS3-YZC82063-M,,,ASSISTANT,接待账号,福建省-福州市,2026-09-11 11:55:54,0
52071,母婴,ZNWX-7770,BAS4-CDM82066-JS,,,ASSISTANT,接待账号,福建省-厦门市,2026-08-31 22:59:28,0
52430,母婴,ZNWX-1049,BAS3-CSJ81976-JS,,,ASSISTANT,接待账号,福建省-厦门市,2026-09-03 18:00:29,0
52508,母婴,ZNWX-2897,HBS2-CM82120-J,,,ASSISTANT,接待账号,福建省-福州,2026-09-16 11:50:53,2
52686,母婴,ZNWX-1807,BBS1-Khongkwan-CSO,,,ASSISTANT,接待账号,曼谷-曼谷,2026-09-15 17:00:49,16
52922,母婴,ZNWX-9027,BBT3-XL80864-M,,,ASSISTANT,接待账号,福建省-厦门市,2026-06-18 09:29:44,0
52991,母婴,ZNWX-0371,BAS2-YL80456-M,,,ASSISTANT,接待账号,福建省-福州,2026-09-15 13:34:21,0
53038,母婴,ZNWX-7839,HFS2-LTT82155-J,,,ASSISTANT,接待账号,福建省-福州,2026-09-16 09:09:08,2
53275,母婴,ZNWX-4686,ZN超级管理员,,,ASSISTANT,接待账号,福建省-厦门市,2026-03-04 00:39:47,0
54170,母婴,ZNWX-3541,HBS1-ZWX82176-JS,,,ASSISTANT,接待账号,福建省-Wenquan,2026-05-08 17:56:18,0
54196,母婴,ZNWX-6174,BAS4-CJH82197-J,,,ASSISTANT,接待账号,福建省-厦门市,2026-02-14 14:28:14,0
54211,母婴,ZNWX-8073,BBT4/5-CJ82209-M,,,ASSISTANT,接待账号,福建省-厦门市,2026-02-28 11:26:02,0
54503,母婴,ZNWX-1826,BBT2-ZKB82216-M,,,ASSISTANT,接待账号,福建省-厦门市,2026-09-08 16:37:23,0
54625,母婴,ZNWX-0333,HBT2-LKY82250-JS,,,ASSISTANT,接待账号,福建省-厦门市,2026-06-05 16:46:34,0
55924,母婴,ZNWX-3316,BBS5-CX81762-JS,,,ASSISTANT,接待账号,福建省-福州,2026-09-16 10:56:59,0
55984,母婴,ZNWX-2438,BDT4/5-LDN82307-J,,,ASSISTANT,接待账号,福建省-福州市,2026-09-11 13:39:58,0
56043,母婴,ZNWX-6181,HFS5-ZZ82278-J,,,ASSISTANT,接待账号,福建省-福州,2026-09-16 09:57:48,0
57267,母婴,ZNWX-0207,HBS5-ZFL82373-JS,,,ASSISTANT,接待账号,福建省-福州,2026-09-14 09:10:19,2
57424,母婴,ZNWX-1024,HBS4-WJD82353-JS,,,ASSISTANT,接待账号,福建省-福州,2026-09-16 09:50:49,0
58693,母婴,ZNWX-0313,HBS4-MXH82437-J,,,ASSISTANT,接待账号,福建省-福州,2026-09-15 11:48:24,2
58783,母婴,ZNWX-1246,BBS5-WZD82413-JS,,111111111@qq.com,ASSISTANT,接待账号,福建省-厦门市,2026-09-15 17:58:27,0
58923,母婴,ZNWX-5794,BGS3-WXY82449-JS,,,ASSISTANT,接待账号,福建省-福州市,2026-08-19 17:17:49,0
59850,母婴,ZNWX-8971,HFT3-WHM82470-JC,,,ASSISTANT,接待账号,福建省-福州,2026-09-15 17:26:47,0
60306,母婴,ZNWX-2472,HES4-LMC82472-J,,,ASSISTANT,接待账号,福建省-厦门市,2026-09-16 11:49:14,0
60394,母婴,ZNWX-2497,HCS4-LWQ82481-J,+8618259989770,,ASSISTANT,接待账号,福建省-厦门市,2026-08-01 10:07:49,0
60612,母婴,ZNWX-9567,BAS5-LZF82490-JS,,,ASSISTANT,接待账号,福建省-福州,2026-09-16 11:53:04,0
60701,母婴,ZNWX-4587,BGS4-MJX82502-M,,,ASSISTANT,接待账号,福建省-福州市,2026-09-14 15:52:10,0
60766,母婴,ZNWX-2209,HBT2-LYF82504-JS,+8613333333333,11111111@qq.com,ASSISTANT,接待账号,福建省-福州,2026-09-15 14:12:23,0
60920,母婴,ZNWX-8312,HFS1-YQH82516-J,,,ASSISTANT,接待账号,福建省-福州,2026-09-16 10:59:22,2
61024,母婴,ZNWX-7360,HFT2-FYK82518-JS,,,ASSISTANT,接待账号,福建省-福州,2026-09-16 10:07:23,0
61071,母婴,ZNWX8251,BBT1-WXW82519-JS,,,ASSISTANT,接待账号,福建省-福州,2026-09-16 09:19:31,0
61330,母婴,ZNWX-8828,HES3-XWH82527-JC,,,ASSISTANT,接待账号,福建省-福州市,2026-09-16 09:15:31,2
61443,母婴,ZNWX-2546,HKS2-WFF82546-M,,,ASSISTANT,接待账号,福建省-福州,2026-09-15 09:06:27,0
61489,母婴,ZNWX-6263,HBS3-XRK82557-JC,+8613333333335,,ASSISTANT,接待账号,福建省-厦门市,2026-09-05 23:01:02,0
61518,母婴,ZNWX-0420,HBS4-LC82602-JS,,,ASSISTANT,接待账号,福建省-福州,2026-09-16 11:16:28,1
61530,母婴,ZNWX-1875,BBS1-ZYZ82565-JS,,,ASSISTANT,接待账号,福建省-福州市,2026-09-05 15:54:44,0
61588,母婴,ZNWX-82551,HFS5-WPA82551-M,+8613333333334,11111111111@qq.com,ASSISTANT,接待账号,福建省-福州市,2026-09-09 10:12:45,0
61630,母婴,ZNWX-4926,HBT2-HXJ82605-JS,,,ASSISTANT,接待账号,福建省-厦门市,2026-09-01 09:51:10,0
61638,母婴,ZNWX-2544,HFT4-HTC82544-J,,,ASSISTANT,接待账号,Metro Manila-马尼拉,2026-08-07 16:29:59,0
61986,母婴,ZNWX-0907,BAS1-CJX0907-JS,,,ASSISTANT,接待账号,福建省-厦门市,2026-07-31 13:34:19,0
62101,母婴,ZNWX-9283,HFS3-DJJ82538-JS,,,ASSISTANT,接待账号,福建省-福州市,2026-09-16 09:27:56,0
62148,母婴,ZNWX-2628,BBS1-LJH82628-JS,,,ASSISTANT,接待账号,福建省-厦门市,2026-09-16 09:51:34,0
62335,母婴,ZNWX-6666,BBS4-KJJ82643-J,,,ASSISTANT,接待账号,福建省-福州,2026-09-16 09:20:14,0
62602,母婴,ZNWX8787,BBS2-CCY82682-J,,,ASSISTANT,接待账号,福建省-厦门市,2026-07-25 15:18:51,0
62644,母婴,ZNWX-7462,HFS1-HWJ82555-J,,,ASSISTANT,接待账号,福建省-福州,2026-09-16 09:50:38,0
62661,母婴,ZNWX-2503,HFT4-RXF81973-M,,,ASSISTANT,接待账号,福建省-厦门市,2026-05-20 13:52:49,0
62663,母婴,ZNWX-9054,HFT4-WHW82665-JS,,,ASSISTANT,接待账号,福建省-厦门市,2026-05-30 09:50:10,0
62683,母婴,ZNWX-8265,BBT4-HCP8265-M,,,ASSISTANT,接待账号,福建省-厦门市,2026-09-09 16:43:09,0
62743,母婴,ZNWX-2662,HFT2-LZF82662-M,,,ASSISTANT,接待账号,福建省-福州市,2026-09-05 10:49:39,0
63274,母婴,ZNWX-5258,HES3-QF82659-JC,,,ASSISTANT,接待账号,福建省-厦门市,2026-09-15 14:23:24,2
63783,母婴,ZNWX-7297,HKS3-LW82744-JC,+8613333333339,,ASSISTANT,接待账号,福建省-厦门市,2026-09-04 17:10:16,0
63825,母婴,HAT1-赖坤强,HKT1-LKQ82737-J,,,ASSISTANT,接待账号,福建省-厦门市,2026-09-09 17:29:18,0
63830,母婴,ZNWX-7956,BBT2-CMY82754-JS,,,ASSISTANT,接待账号,福建省-福州市,2026-09-15 17:41:23,0
63871,母婴,ZNWX-陈督翔,BAT3-CDX82751-JS,,,ASSISTANT,接待账号,福建省-厦门市,2026-07-25 09:45:22,0
64014,母婴,ZNWX-2724,BAS2-WQQ82724-J,,,ASSISTANT,接待账号,福建省-厦门市,2025-12-31 17:07:09,0
64015,母婴,ZNWX-2746,BAS2-LSQ82746-JS,,,ASSISTANT,接待账号,福建省-厦门市,2026-07-24 11:06:24,0
64320,母婴,ZNWX-0725,HBT2-YGR82460-JS,,,ASSISTANT,接待账号,福建省-福州,2026-09-16 10:43:42,0
64434,母婴,ZNWX-82488,HBS1-ZWH82488-sub,,,ASSISTANT,接待账号,福建省-Wenquan,2026-08-12 13:40:32,0
64742,母婴,KWX-110,HAT3-KWX82790-J,+8613333333338,,ASSISTANT,接待账号,福建省-厦门市,2025-11-29 09:00:11,0
65035,母婴,ZNWX-2798,HFT1-LJY82798-J,,,ASSISTANT,接待账号,福建省-福州,2026-09-16 09:05:51,0
65354,母婴,ZNWX-0563,HFS3-HX82808-JS,+8613333333337,,ASSISTANT,接待账号,福建省-福州,2026-09-16 09:24:52,0
65478,母婴,ZNWX-5486,BBS3-LX82828-JC,,,ASSISTANT,接待账号,福建省-福州,2026-09-16 09:03:20,0
65532,母婴,ZNWX-1258,HAT3-LH81957-J,,,ASSISTANT,接待账号,福建省-福州市,2026-09-07 03:59:59,0
65538,母婴,ZNWX-3761,HKS2-WJH82837-JS,,,ASSISTANT,接待账号,福建省-福州,2026-09-16 10:20:21,0
65544,母婴,ZNWX-82818,HFS1-GJZ82818-JS,,,ASSISTANT,接待账号,福建省-福州市,2026-09-15 17:02:27,0
65550,母婴,ZNWX-8811,BDT3-LYQ82853-J,+8613333333341,,ASSISTANT,接待账号,福建省-福州,2026-09-16 09:29:19,3
65552,母婴,ZNWX-8822,BBT2-YWN82869-JS,,,ASSISTANT,接待账号,福建省-厦门市,2026-09-16 09:02:19,0
65588,母婴,ZNWX-9806,HKT1-LX82829-JS,,,ASSISTANT,接待账号,福建省-厦门市,2026-07-30 16:42:02,0
65632,母婴,ZNWZ-3265,HES3-LXY82827-JC,,,ASSISTANT,接待账号,福建省-厦门市,2026-08-28 11:27:35,0
65633,母婴,ZNWX-7064,BGS4-JDK82823-J,,,ASSISTANT,接待账号,福建省-福州市,2026-09-15 11:52:47,0
66770,母婴,ZNWX-7652,HCL3-HLS82907-J,,,ASSISTANT,接待账号,福建省-厦门市,2025-11-27 10:33:55,0
66772,母婴,ZNWX-7653,ZHA3-LYY82906-J,,,ASSISTANT,接待账号,福建省-厦门市,2026-03-16 13:48:22,0
66776,母婴,ZNWX-7657,ZBB1-HCL82910-J,,,ASSISTANT,接待账号,福建省-厦门市,2026-04-02 11:01:29,0
66777,母婴,ZNWX-7658,ZBA1/3-HYF82912-JS,,,ASSISTANT,接待账号,福建省-厦门市,2026-04-02 10:35:09,0
66794,母婴,ZNWX-2837,HBT1-HNL82922-J,,,ASSISTANT,接待账号,福建省-厦门市,2026-03-02 09:17:09,0
67304,母婴,ZNWX-1548,BAT3-CKX82941-Sub,,,ASSISTANT,接待账号,福建省-福州,2026-09-16 10:04:34,0
67327,母婴,ZNWX-5013,HFS2-HZH82950-J,,,ASSISTANT,接待账号,福建省-福州,2026-09-16 11:56:18,2
67464,母婴,ZNWX-9483,BGS3-TQF82983-JC,,,ASSISTANT,接待账号,福建省-宁德,2026-08-14 16:32:22,0
67664,母婴,ZNWX-0851,HFS2-HWK83000-J,,,ASSISTANT,接待账号,福建省-福州,2026-09-16 12:26:12,2
67770,母婴,ZNWX-3001,HBS1-A-QSJ83001-J,,,ASSISTANT,接待账号,福建省-福州,2026-09-14 13:51:37,0
68387,母婴,ZNWX-4652,HCS1-CF83018-J,,,ASSISTANT,接待账号,福建省-福州市,2026-09-16 09:08:56,0
68388,母婴,ZNWX-7857,HFT4-CFF82959-M,,,ASSISTANT,接待账号,福建省-厦门市,2026-08-10 16:15:38,0
68397,母婴,ZNWX-3748,BBT4-LWH83024-JS,,,ASSISTANT,接待账号,福建省-福州,2026-09-16 10:01:13,0
68415,母婴,ZNWX-5777,HCS1/5-CWJ83023-JS,,,ASSISTANT,接待账号,福建省-福州,2026-09-16 09:19:49,0
68424,母婴,ZNWX-3064,HBS1-GYX83064-JS,,,ASSISTANT,接待账号,福建省-厦门市,2025-06-20 13:33:31,0
68442,母婴,ZNWX-3025,HFT1-XLM83025-J,,,ASSISTANT,接待账号,福建省-福州市,2026-09-16 09:47:50,0
68449,母婴,ZNWX-4680,BAT4-WJL83054-JS,,,ASSISTANT,接待账号,福建省-福州,2026-09-16 10:21:02,3
68456,母婴,ZNWX-1017,HFS3-FL83036-JS,,,ASSISTANT,接待账号,福建省-厦门市,2026-05-28 11:54:59,0
68460,母婴,ZNWX-0329,BGS3-YMQ82684-JC,,,ASSISTANT,接待账号,福建省-厦门市,2026-07-31 17:20:19,0
68461,母婴,ZNWX-4731,BAS3-ZH83030-J,,,ASSISTANT,接待账号,福建省-厦门市,2025-12-27 10:05:03,0
68462,母婴,ZNWX-6558,BDS3-HAL83070-JS,,,ASSISTANT,接待账号,福建省-福州,2026-09-16 09:16:19,0
68495,母婴,ZNWX-3071,HFT3-ZWF83071-JC,,,ASSISTANT,接待账号,福建省-福州市,2026-09-12 11:13:29,0
68508,母婴,ZNWX-3078,HFS4-SYF83078-J,,,ASSISTANT,接待账号,福建省-厦门市,2026-06-13 09:14:53,0
68747,母婴,ZNWX-3082,HFT1-LCH83082-J,,,ASSISTANT,接待账号,广东-广州市,2026-09-15 22:37:29,0
69299,母婴,ZNWX-5678,BBT3-LWH82620-JS,,,ASSISTANT,接待账号,福建省-福州市,2026-09-10 14:46:19,0
69676,母婴,ZNWX-3119,BAS2-WLH83119-Sub,,,ASSISTANT,接待账号,福建省-厦门市,2025-12-03 13:39:49,0
69682,母婴,ZNWX-5249,ZHA5-LKP83114-JC,+8618205942516,,ASSISTANT,接待账号,,2026-04-03 20:22:18,0
69717,母婴,ZNWX-3173,HBS1-CCQ83173-JS,,,ASSISTANT,接待账号,福建省-厦门市,2026-09-04 15:33:19,0
69755,母婴,ZNWX-6464,HBS3-CLL83177-JC,,,ASSISTANT,接待账号,福建省-福州,2026-09-15 15:30:11,0
69803,母婴,ZNWX-1502,BBS2-ZHS83154-J,,,ASSISTANT,接待账号,福建省-厦门市,2026-09-16 09:59:40,0
69805,母婴,ZNWX-3144,HBT1-SYT83144-JS,,,ASSISTANT,接待账号,福建省-福州,2026-09-14 11:01:12,0
69812,母婴,ZNWX-976,HCS3-DFT84159-J,,,ASSISTANT,接待账号,福建省-福州,2026-09-16 11:20:36,3
69814,母婴,ZNWX-0856,HCT1-SSR83188-JS,+8613376980570,,ASSISTANT,接待账号,福建省-Wenquan,2026-07-09 14:55:27,0
69839,母婴,ZNWX-0976,HBS2-HJK83143-JS,,,ASSISTANT,接待账号,福建省-福州,2026-09-14 13:31:47,0
69853,母婴,ZNWX-7919,HCS2-LYD83707-J,+8615160053881,,ASSISTANT,接待账号,福建省-Wenquan,2026-04-30 09:21:02,0
69908,母婴,ZNWX-5487,HFT2-HJL83148-JS,,,ASSISTANT,接待账号,福建省-福州市,2026-09-11 16:20:18,0
70072,母婴,ZNWX-3145,HFS4-CC83145-J,,,ASSISTANT,接待账号,福建省-福州市,2026-09-16 11:35:08,0
70077,母婴,ZNWX-3201,HES3-XJY83201-J,,,ASSISTANT,接待账号,福建省-福州,2026-09-16 09:31:27,0
70416,母婴,ZNWX-9988,81324-BP,,,ASSISTANT,接待账号,福建省-厦门市,2026-08-21 14:55:30,0
70627,母婴,ZNWX-3842,HAS1-LQJ83291,,,ASSISTANT,接待账号,福建省-厦门市,2025-09-16 17:05:03,0
70693,母婴,ZNWX-5833,HFS5-XPS83266-J,,,ASSISTANT,接待账号,福建省-福州,2026-09-16 10:06:30,0
70697,母婴,ZNWX-1107,CCT2-WXY83233-JC,,,ASSISTANT,接待账号,福建省-厦门市,2026-06-08 00:54:22,0
70713,母婴,ZNWX-3240,BDT3-HAQ83240-J,,,ASSISTANT,接待账号,福建省-厦门市,2026-02-27 16:25:19,0
70756,母婴,ZNWX-3377,HBT1-YLJ83277-JS,,,ASSISTANT,接待账号,福建省-福州,2026-09-16 09:05:02,3
70762,母婴,ZNWX-83248,HFS1-DKY83248-J,,,ASSISTANT,接待账号,福建省-厦门市,2025-12-17 15:27:53,0
70811,母婴,ZNWX-7749,HCS3-HSD83264-JS,,,ASSISTANT,接待账号,福建省-福州,2026-09-16 09:08:12,0
70813,母婴,ZNWX-3236,HBT4-WGK83236-J,+8619955072182,,ASSISTANT,接待账号,福建省-福州,2026-09-16 09:20:26,0
70818,母婴,ZNWX-1121,ZBA1-DJL83308-JS,,,ASSISTANT,接待账号,,2026-04-03 09:52:48,0
70929,母婴,ZNWX-5292,BBT5-XDD83276-JS,,,ASSISTANT,接待账号,福建省-厦门市,2026-02-03 10:50:40,0
71046,母婴,ZNWX-3366,BAT5-TZR83279-J,,,ASSISTANT,接待账号,福建省-厦门市,2026-02-27 09:10:57,0
71330,母婴,ZNWX-83243,HKT1-YSQ83243-JS,,,ASSISTANT,接待账号,福建省-福州,2026-09-16 09:30:37,0
71470,母婴,ZNWX-1579,HAT2-YYB83325-SUB,,,ASSISTANT,接待账号,福建省-厦门市,2026-02-02 10:23:12,0
71514,母婴,ZNWX-3334,HFT1-LZW83334-Sub,,,ASSISTANT,接待账号,,2026-03-31 15:27:54,0
71708,母婴,ZNWX-4457,BBT4-MCQ83354-J,,,ASSISTANT,接待账号,福建省-厦门市,2026-02-25 14:57:53,0
71744,母婴,ZNWX-6136,HFS2-CZJ83389-J,,,ASSISTANT,接待账号,福建省-福州,2026-09-16 09:14:00,2
71764,母婴,ZNWX-83402,HFT1-YKF83402-J,,,ASSISTANT,接待账号,福建省-厦门市,2026-07-27 15:40:50,0
71765,母婴,ZNWX-3376,HFT4-MLJ83402-JS,,,ASSISTANT,接待账号,曼谷-曼谷,2026-08-10 14:34:39,0
71769,母婴,ZNWX-4623,BBS2-YZ83395-J,,,ASSISTANT,接待账号,福建省-福州市,2026-08-31 13:33:30,0
71772,母婴,ZNWX-2718,BBS3-GBQ83361-JC,,,ASSISTANT,接待账号,Jakarta-雅加达,2026-09-16 11:27:38,0
71784,母婴,ZNWX-7328,HBS3-ZQQ83381-JC,+8615159197328,,ASSISTANT,接待账号,福建省-厦门市,2026-09-07 10:12:36,0
71786,母婴,ZNWX-3365,HBT3-WJ83365-JC,,,ASSISTANT,接待账号,福建省-厦门市,2026-08-13 10:39:31,0
71793,母婴,ZNWX-6120,HES3-LBZ83404-JC,,,ASSISTANT,接待账号,福建省-福州,2026-09-16 10:35:42,4
71794,母婴,ZNWX-3372,HBS1-CPM83372-J,,,ASSISTANT,接待账号,福建省-Wenquan,2026-04-30 13:32:27,0
71808,母婴,ZNWX-8336,BBS5-ZH83369-JS,+8618750810490,,ASSISTANT,接待账号,福建省-厦门市,2026-09-15 13:33:05,0
71811,母婴,ZNWX-0717,HCT1-HQW83410-JS,+8617689271619,,ASSISTANT,接待账号,福建省-厦门市,2026-07-09 10:33:33,0
71837,母婴,ZNWX-3368,BBS4-YMT83373-J,,,ASSISTANT,接待账号,福建省-厦门市,2026-01-26 09:31:02,0
71875,母婴,ZNWX-3380,ZHB1-WLP83380-JS,,,ASSISTANT,接待账号,,2026-04-01 17:33:39,0
71911,母婴,ZNWX-2561,BFS3-ZT82561-JC,,,ASSISTANT,接待账号,福建省-福州,2026-09-16 10:47:01,0
71952,母婴,ZNWX-7894,HAT2-XJJ83352-J,,,ASSISTANT,接待账号,福建省-厦门市,2026-01-30 17:57:31,0
72037,母婴,ZNWX-3632,HCS1/5-LSM83363-JS,,,ASSISTANT,接待账号,福建省-福州,2026-09-16 09:12:54,0
72039,母婴,ZNWX-3418,HBS1-A-LJH83418-sub,,,ASSISTANT,接待账号,,2026-03-31 14:20:02,0
72096,母婴,ZNWX-4598,HBS2-LYL83353-JS,,,ASSISTANT,接待账号,福建省-福州,2026-09-14 23:01:47,0
72345,母婴,ZNWX3421,ZBB3/4-WB83462-J,,,ASSISTANT,接待账号,江苏-南通,2026-07-24 21:25:22,0
72347,母婴,ZNWX-3499,BBS4-LXY83464-J,,,ASSISTANT,接待账号,福建省-福州,2026-09-16 08:48:06,2
72703,母婴,ZNWX-8687,BFS3-GFJ83471-JC,,,ASSISTANT,接待账号,福建省-福州,2026-09-16 09:20:48,0
72877,母婴,ZNWX-3211,BBL5-LSY83494-J,,,ASSISTANT,接待账号,福建省-厦门市,2025-11-22 17:50:44,0
72901,母婴,ZNWX-1501,BAT1-LHR83520-J,,,ASSISTANT,接待账号,,2026-04-10 15:52:37,0
72938,母婴,ZNWX8182,BBT1-TJ83500-J,,,ASSISTANT,接待账号,福建省-厦门市,2025-12-16 10:51:05,0
72958,母婴,ZNWX-3611,HCS1/5-XY83521-JS,,,ASSISTANT,接待账号,福建省-福州市,2026-09-01 09:12:32,0
72996,母婴,ZNWX-8945,HFT2-GZJ83513-J,,,ASSISTANT,接待账号,福建省-福州,2026-09-16 11:56:54,2
73003,母婴,ZNWX-1106,BAS2-YQW83502-JS,,,ASSISTANT,接待账号,福建省-福州市,2026-09-16 09:02:24,0
73016,母婴,ZNWX-5001,HES3-YYK81354-JC,,,ASSISTANT,接待账号,福建省-福州市,2026-08-31 10:56:01,0
73021,母婴,ZNWX-1244,HAS2-ZQL83496-J,,,ASSISTANT,接待账号,福建省-厦门市,2026-03-02 15:31:16,0
73200,母婴,ZNWX-5426,HCS3-HWT83477-JS,,,ASSISTANT,接待账号,福建省-福州,2026-09-16 09:10:01,0
73350,母婴,ZNWX-1503,BAT1-LC83586-Sub,,,ASSISTANT,接待账号,福建省-厦门市,2026-01-28 15:54:52,0
74582,母婴,ZNWX-9091,HFT4-QXE83673-J,,,ASSISTANT,接待账号,福建省-福州市,2026-08-24 15:59:07,2
74731,母婴,ZNWX-9853,HCT1-YM83718-J,,,ASSISTANT,接待账号,福建省-福州,2026-09-16 11:23:09,2
74752,母婴,ZNWX-0306,BAS1-WYL83691-J,,,ASSISTANT,接待账号,福建省-厦门市,2026-09-02 14:43:16,0
74800,母婴,ZNWX-0825,HBS4-CKX83715-J,,,ASSISTANT,接待账号,福建省-福州,2026-09-16 09:04:42,0
74849,母婴,znwx-3695,BBS2-HHJ83695-J,,,ASSISTANT,接待账号,福建省-厦门市,2026-09-16 10:25:16,0
74890,母婴,ZNWX-9407,ZHC1/3-ZZJ83731-JS,,,ASSISTANT,接待账号,福建省-厦门市,2026-08-07 10:10:24,0
74900,母婴,ZNWX-2675,BFS3-YPR83686-JC,,,ASSISTANT,接待账号,福建省-福州,2026-09-16 09:11:33,0
74924,母婴,ZNWX-2455,HKS2-LJ83732-J,,,ASSISTANT,接待账号,福建省-福州,2026-09-16 09:54:27,2
75210,母婴,HBT1-3754,HBT1-XJX83754-J,,,ASSISTANT,接待账号,,2026-03-26 14:20:03,0
75568,母婴,HAT2-HYZ,HFT2-HYZ83774-Sub,,,ASSISTANT,接待账号,福建省-福州,2026-09-16 09:44:39,0
75634,母婴,ZNWX3784,HBS1-WHL83784-JS,,,ASSISTANT,接待账号,,2026-03-23 17:25:22,0
75673,母婴,ZNWX-4380,HGS1/HCS5-CL83794-J,,,ASSISTANT,接待账号,福建省-厦门市,2026-06-30 17:19:17,0
75674,母婴,ZNWX-9632,HKS3-CSY83778-JC,,,ASSISTANT,接待账号,福建省-厦门市,2026-09-03 09:05:19,0
75679,母婴,ZNWX-7789,HFS2-YYM83815-J,,,ASSISTANT,接待账号,,2026-03-07 09:37:23,0
75684,母婴,ZNWX-8740,BBT1-MZM83816-J,,,ASSISTANT,接待账号,福建省-福州,2026-09-16 10:43:47,0
75886,母婴,ZNWX-1048,BDS4-NMR83842-J,,,ASSISTANT,接待账号,福建省-厦门市,2026-07-08 14:27:39,0
75962,母婴,ZNWX-1507,BAT1-XCW83847-Sub,,,ASSISTANT,接待账号,福建省-厦门市,2026-03-04 17:46:50,0
76108,母婴,ZNWX-9394,BBS4-ZH83855-Sub,,,ASSISTANT,接待账号,福建省-福州,2026-09-16 09:15:07,0
76184,母婴,ZNWX-3789,HBT4-LJX83789-JS,+8613162020223,,ASSISTANT,接待账号,福建省-厦门市,2026-08-04 11:06:38,0
76187,母婴,ZNWX-9542,HFS3-HLX83864-JC,,,ASSISTANT,接待账号,福建省-厦门市,2026-05-07 20:32:00,0
76237,母婴,ZNWX-3863,HFT4-WYZ83863-J,,,ASSISTANT,接待账号,福建省-厦门市,2026-05-07 20:31:43,0
76246,母婴,ZNWX-0917,HCT3-LZL83867-JS,,,ASSISTANT,接待账号,福建省-福州市,2026-09-07 16:23:44,0
76328,母婴,ZNWX-83870,HES4-LMY83870-J,,,ASSISTANT,接待账号,福建省-福州,2026-09-16 09:26:46,2
76388,母婴,ZNWX-4228,BAS1-WZL83873-JS,+8615880365202,,ASSISTANT,接待账号,福建省-福州,2026-09-15 16:58:53,0
76549,母婴,ZNWX-8878,HBS1-SQB83878-J,,,ASSISTANT,接待账号,福建省-福州,2026-09-14 17:52:20,0
76568,母婴,ZNWX-0831,BAT4-CZH83877-J,,,ASSISTANT,接待账号,,2026-02-18 00:00:41,0
76575,母婴,ZNWX-8440,HFS2-LR83917-J,,,ASSISTANT,接待账号,福建省-福州,2026-09-16 11:19:29,3
76593,母婴,ZNWX-3904,BAS2-KX83904-JS,,,ASSISTANT,接待账号,,2026-03-23 13:52:39,0
76595,母婴,ZNWX-3888,BAS2-ZZC83888-JS,,,ASSISTANT,接待账号,福建省-福州,2026-07-13 10:26:58,0
76597,母婴,ZNWX-8537,BDS2-HMY83900-J,,,ASSISTANT,接待账号,福建省-厦门市,2026-07-21 15:53:33,0
76606,母婴,ZWNX-5127,BAS1-HSC83876-Sub,,,ASSISTANT,接待账号,福建省-厦门市,2025-12-02 13:39:02,0
76609,母婴,ZNWX-3890,HCS1-ZH83922-Sub,,,ASSISTANT,接待账号,,2026-04-02 14:18:02,0
76641,母婴,ZNWX-83859,HFT3-HPR83859-JC,+8613779944829,,ASSISTANT,接待账号,福建省-厦门市,2026-07-31 16:29:46,0
76651,母婴,ZNWX-6478,BBT4-JXM-83887,,,ASSISTANT,接待账号,,2025-10-30 13:31:25,0
76681,母婴,ZNWX-3928,HFT3-DYH83928-JC,,,ASSISTANT,接待账号,福建省-厦门市,2026-09-15 22:15:29,0
76889,母婴,ZNWX-15735,BBS2-ZHB83934-J,+8617606065735,,ASSISTANT,接待账号,福建省-福州市,2026-09-16 09:40:00,0
76894,母婴,ZNWX-83939,HFS4-JLX83939-J,,,ASSISTANT,接待账号,福建省-福州市,2026-08-31 17:09:27,0
77019,母婴,ZNWX-8416,BBT3-WZQ83942-J,,,ASSISTANT,接待账号,福建省-福州,2026-09-16 11:13:14,2
77029,母婴,ZNWX-5411,ZHC1-QHB83943-J,,,ASSISTANT,接待账号,福建省-厦门市,2026-04-02 09:36:49,0
77114,母婴,ZNWX-0929,HBS4-JC83946-J,,,ASSISTANT,接待账号,福建省-福州,2026-09-16 12:36:55,0
77175,母婴,ZNWX-83199,HCS4-CYL83199-JS,,,ASSISTANT,接待账号,福建省-厦门市,2026-02-07 15:32:28,0
77457,母婴,ZNWX-9983,HCL1-ZHW83954-sub,,,ASSISTANT,接待账号,福建省-厦门市,2026-02-01 01:27:43,0
77618,母婴,ZNWX-7790,HKS2-TJJ83957-J,,,ASSISTANT,接待账号,福建省-福州,2026-09-16 09:02:58,2
77625,母婴,ZNWX-6888,BBT3-XJH83958-Sub,,,ASSISTANT,接待账号,福建省-福州,2026-09-16 09:40:49,0
77630,母婴,ZNWX-5981,BBT4-ZC83959-Sub,,,ASSISTANT,接待账号,福建省-厦门市,2025-12-31 16:54:44,0
77758,母婴,ZNWX-3964,HBT2-WK83964-Sub,,,ASSISTANT,接待账号,福建省-厦门市,2026-01-27 16:48:37,0
77862,母婴,ZNWX-1124,BAT3-WYP83975-JS,,,ASSISTANT,接待账号,福建省-福州,2026-09-15 13:37:20,0
77877,母婴,ZNWX-83974,HKT1-LYS83974-J,,,ASSISTANT,接待账号,福建省-厦门市,2026-07-14 08:59:14,0
78108,母婴,ZNWX-8766,BAT2-HYK83990-JS,,,ASSISTANT,接待账号,福建省-福州,2026-09-15 22:53:32,0
78131,母婴,ZNWX-5218,BGS4-ZRY83989-Sub,,,ASSISTANT,接待账号,福建省-厦门市,2026-08-18 14:06:25,0
78208,母婴,ZNWX-3996,BAS3-LWY83996-JC,,,ASSISTANT,接待账号,福建省-福州,2026-09-16 09:46:16,0
78369,母婴,ZNWX-3050,HBS3-XXM84019-JC,+8618720703050,,ASSISTANT,接待账号,福建省-厦门市,2026-06-27 11:34:41,0
78392,母婴,ZNWX-1753,BAT3-GWT84037-JS,,,ASSISTANT,接待账号,福建省-厦门市,2026-08-07 14:03:38,0
78399,母婴,ZNWX-5434,BAT2-FYH84009,,,ASSISTANT,接待账号,,2026-07-15 20:03:06,0
78450,母婴,ZNWX-4000,ZHB3-SXY84000-J,,,ASSISTANT,接待账号,福建省-厦门市,2026-08-01 14:37:18,0
78453,母婴,ZNWX-4005,HFS4-ZSL84005-J,,,ASSISTANT,接待账号,福建省-福州,2026-09-16 11:38:43,0
78454,母婴,ZNWX-4011,HES4-HZW84011-J,,,ASSISTANT,接待账号,福建省-福州,2026-09-16 09:26:16,0
78457,母婴,ZNWX-6217,BAS4-HSX84064-Sub,,,ASSISTANT,接待账号,,2026-03-21 13:47:05,0
78526,母婴,ZNWX-8567,HFS1-LJH84066-J,,,ASSISTANT,接待账号,福建省-福州,2026-09-16 12:31:47,2
78687,母婴,ZNWX-6135,HBS2-ZRY84014-J,,,ASSISTANT,接待账号,福建省-厦门市,2026-02-04 14:52:51,0
78754,母婴,ZNWX-1508,BAT1-ZZQ84108-JS,,,ASSISTANT,接待账号,福建省-福州,2026-09-16 09:12:14,0
78768,母婴,ZNWX-4017,HBT4-WQ84017-JS,,,ASSISTANT,接待账号,福建省-福州,2026-09-16 09:06:46,0
78771,母婴,ZNWX-84094,HBT3-LJH84094-JC,,,ASSISTANT,接待账号,福建省-厦门市,2026-09-03 10:50:38,0
78921,母婴,ZNWX-5488,HCT2-CFJ84084-J,,,ASSISTANT,接待账号,福建省-厦门市,2026-02-28 16:01:30,0
78982,母婴,ZNWX-6786,BBT5-JXX84080-J,,,ASSISTANT,接待账号,福建省-厦门市,2026-09-16 09:00:33,0
79030,母婴,ZNWX-5436,HKT2-XZY84097-JS,,,ASSISTANT,接待账号,福建省-福州,2026-09-16 11:21:21,0
79039,母婴,ZNWX-4139,HBS1-HSH84139-J,,,ASSISTANT,接待账号,福建省-福州,2026-09-15 09:06:05,0
79206,母婴,ZNWX-1009,BBS3-GYL81009-JC,,,ASSISTANT,接待账号,福建省-厦门市,2026-09-15 09:05:57,0
79208,母婴,ZNWX-2911,BBS3-FZY82911-JC,,,ASSISTANT,接待账号,福建省-厦门市,2026-02-27 14:17:46,0
79342,母婴,ZNWX-8282,BBS4-WZF84155-Sub,,,ASSISTANT,接待账号,福建省-厦门市,2026-02-26 09:02:07,0
79450,母婴,ZNWX-1892,BBS1-LX84154-J,,,ASSISTANT,接待账号,福建省-福州市,2026-09-16 11:05:40,1
79700,母婴,ZNWX-2876,BBS3-WRY82876-JS,,,ASSISTANT,接待账号,福建省-厦门市,2026-01-12 10:32:27,0
79840,母婴,ZNWX-3434,BAT4-GSY83408-J,,,ASSISTANT,接待账号,福建省-厦门市,2026-09-08 14:19:40,0
79874,母婴,ZNWX-4199,BBS1-ZY84199-JS,,,ASSISTANT,接待账号,福建省-福州,2026-09-16 11:17:05,0
79875,母婴,ZNWX-6541,BBS1-XRG84185-JS,,,ASSISTANT,接待账号,福建省-福州,2026-09-16 11:08:02,0
79918,母婴,ZNWX-7436,HBS3-HDH84198-JC,+8618350657436,,ASSISTANT,接待账号,福建省-福州,2026-09-15 10:07:52,0
79969,母婴,ZNWX-1512,BAT1-CHD84174-J,,,ASSISTANT,接待账号,福建省-厦门市,2026-05-18 09:36:33,0
80019,母婴,ZNWX-9967,Exterior Role,,,ASSISTANT,接待账号,福建省-厦门市,2025-11-18 09:37:55,0
80063,母婴,ZNWX-4061,HAT4-MHW84061-Sub,,,ASSISTANT,接待账号,,2025-12-11 13:32:26,0
80157,母婴,ZNWX-4194,HBT2-FDS84194-J,,,ASSISTANT,接待账号,福建省-厦门市,2026-07-25 15:18:31,0
80350,母婴,ZNWX-4226,ZHB1-WL84226-sub,,,ASSISTANT,接待账号,,2026-04-01 17:30:38,0
80368,母婴,ZNWX-9254,HFT1-FYM84231-Sub,,,ASSISTANT,接待账号,,2026-03-08 17:41:05,0
80647,母婴,ZNWX-1119,HCS2-TXF84275-J,,,ASSISTANT,接待账号,,2026-03-31 16:05:56,0
80855,母婴,ZNWX-0918,BBS2-YX84263-J,+8618055140918,,ASSISTANT,接待账号,,2026-03-07 16:56:28,0
80900,母婴,ZNWX-8803,BAT4-ZQ84245-J,,,ASSISTANT,接待账号,福建省-厦门市,2026-06-09 11:11:14,0
80912,母婴,ZNWX-2411,HCS1-WL84286-J,,,ASSISTANT,接待账号,福建省-福州,2026-09-15 17:16:37,0
80914,母婴,ZNWX-40129,HFS5-GHB84260-J,+8618876440129,,ASSISTANT,接待账号,福建省-福州,2026-09-16 11:38:40,2
80915,母婴,ZNWX-9849,HCT2-CJY84235-J,,,ASSISTANT,接待账号,福建省-厦门市,2026-07-17 14:34:07,0
80925,母婴,ZVWX-5699,HCT2-LDM83783-J,,,ASSISTANT,接待账号,福建省-Wenquan,2026-05-29 14:27:03,0
80942,母婴,ZNWX-2331,HBS2-HSQ84240-J,,,ASSISTANT,接待账号,福建省-福州,2026-09-16 11:57:58,1
81025,母婴,ZNWX-9631,BBT2-QJT84246-JS,,,ASSISTANT,接待账号,福建省-厦门市,2026-05-05 14:36:47,0
81171,母婴,ZNWX-5364,HCT1-XQF84305-J,,,ASSISTANT,接待账号,福建省-福州市,2026-08-22 12:26:51,0
81230,母婴,ZNWX-4307,BAS3-ZYX84307-Sub,,,ASSISTANT,接待账号,福建省-厦门市,2026-02-12 15:55:12,0
81328,母婴,ZNWX-1799,HBS2-CWZ84312-J,,,ASSISTANT,接待账号,福建省-福州,2026-09-16 11:35:58,2
81339,母婴,ZNWX-5127,BAS1-XXN84244-JS,,,ASSISTANT,接待账号,福建省-福州市,2026-09-16 09:29:11,0
81531,母婴,ZNWX-2613,BAS1-WCQ84325-Sub,,,ASSISTANT,接待账号,福建省-厦门市,2026-07-28 09:02:51,0
81532,母婴,ZNWX-4324,HBS1-HGL84324-sub,,,ASSISTANT,接待账号,福建省-厦门市,2026-07-27 13:32:04,0
81536,母婴,ZNWX-4323,BAS2-YZX84323-sub,,,ASSISTANT,接待账号,福建省-厦门市,2026-07-16 00:45:34,0
81548,母婴,ZNWX-7532,BAS1-WB84329-Sub,,,ASSISTANT,接待账号,福建省-厦门市,2026-05-28 15:12:06,0
81920,母婴,ZNWX-9871,BBT4-ZJB84336-Sub,,,ASSISTANT,接待账号,,2026-03-23 15:33:46,0
81932,母婴,ZNWX-4335,HKS1-LJH84335-J,,,ASSISTANT,接待账号,福建省-福州,2026-09-16 09:12:31,2
82017,母婴,ZNWX-84341,HBT2-WZ84341-sub,,,ASSISTANT,接待账号,福建省-厦门市,2026-09-05 13:37:51,0
82238,母婴,BBL3-LJ84395-Sub,ZBB3-LJ84395-Sub,,,ASSISTANT,接待账号,福建省-福州,2026-05-22 09:50:26,0
82463,母婴,znwx-8272,BBS4-WKW84409-Sub,,,ASSISTANT,接待账号,福建省-厦门市,2026-08-08 00:20:55,0
82472,母婴,ZNWX-4387,BAS5-HLS84387-J,,,ASSISTANT,接待账号,福建省-厦门市,2026-04-30 14:28:14,0
82509,母婴,ZNWX-8435,HKT2-HS84358-JS,+8615059924779,,ASSISTANT,接待账号,福建省-厦门市,2026-07-20 10:26:58,0
82513,母婴,ZNWX-1547,BAT2-LSR84381-J,,,ASSISTANT,接待账号,福建省-福州,2026-09-16 10:07:08,0
82547,母婴,ZNWX-84361,ZHA3-GNP84361-JC,,,ASSISTANT,接待账号,,2026-04-01 17:18:21,0
82548,母婴,ZNWX-5353,ZNWX-5353,+8617698755978,,ASSISTANT,接待账号,福建省-厦门市,2026-05-28 14:30:11,0
82550,母婴,ZNWX-4336,BAS4-LZW84346-J,,,ASSISTANT,接待账号,福建省-厦门市,2025-12-27 16:18:55,0
82560,母婴,ZNWX-4414,BBS2-ZYH84414-sub,,,ASSISTANT,接待账号,福建省-厦门市,2026-01-23 13:48:53,0
82625,母婴,ZNWX-4364,HBT4-HWX84364-JS,,,ASSISTANT,接待账号,福建省-厦门市,2026-04-29 16:04:09,0
82646,母婴,ZNWX-6689,BBS3-Ven-CSO,,,ASSISTANT,接待账号,Metro Manila-马尼拉,2026-09-15 08:12:02,19
82648,母婴,ZNWX-6690,BBS3-Mikaella-CSO,,,ASSISTANT,接待账号,Metro Manila-马尼拉,2026-09-15 15:38:32,19
82662,母婴,ZNWX-6691,BB-Kai-CSA,,,ASSISTANT,接待账号,Metro Manila-马尼拉,2026-09-15 20:35:38,0
83198,母婴,ZNWX-4479,HBT4-WHW84479-JS,,,ASSISTANT,接待账号,福建省-福州,2026-09-16 10:08:18,0
83209,母婴,ZNWX-1619,BAS4-LZW84346-J,,,ASSISTANT,接待账号,福建省-厦门市,2026-02-28 13:48:57,0
83295,母婴,ZNWX-1229,HCT3-ZMQ84437-J,,,ASSISTANT,接待账号,,2026-03-24 14:03:43,0
83305,母婴,ZNWX-4491,ZNWX-4491,,,ASSISTANT,接待账号,福建省-厦门市,2026-01-07 15:30:07,0
83317,母婴,ZNWX-2912,HCS2-ZYY84493-J,,,ASSISTANT,接待账号,福建省-福州市,2026-09-16 11:39:23,3
83320,母婴,ZNWX-5256,BGT4-MZJ84683-J,,,ASSISTANT,接待账号,福建省-厦门市,2026-09-08 17:06:56,3
83334,母婴,ZNWX-4436,BAT2-LYX84436-J,,,ASSISTANT,接待账号,福建省-福州,2026-09-16 09:12:34,0
83340,母婴,ZNWX-6421,BBT1-LBL84463-J,,,ASSISTANT,接待账号,福建省-福州,2026-09-16 10:02:06,3
83449,母婴,ZNWX-6581,HFT2-HXY84501-J,,,ASSISTANT,接待账号,福建省-福州,2026-09-16 11:52:48,1
83539,母婴,ZNWX-4449,BAS2-LCG84449-JS,,,ASSISTANT,接待账号,加州-普莱森顿,2026-09-04 08:59:16,0
84073,母婴,ZNWX-84552,HBS5-ZZN84552-J,,,ASSISTANT,接待账号,福建省-厦门市,2026-04-24 15:18:13,0
84076,母婴,BBS5-5353,BBS5-ZHY84562-J,+8617759286185,,ASSISTANT,接待账号,福建省-福州,2026-09-16 10:09:22,1
84083,母婴,ZNWX-9638,BBS5-LXP84529-J,+8615606969638,,ASSISTANT,接待账号,福建省-厦门市,2026-09-16 10:28:34,0
84132,母婴,ZNWX-4553,HBT3-CLN84553-JC,,,ASSISTANT,接待账号,福建省-厦门市,2026-08-10 09:14:52,0
84265,母婴,ZNWX-4454,BAS3-CSY84454-JC,+8617359852590,,ASSISTANT,接待账号,福建省-福州,2026-09-16 11:31:36,0
84645,母婴,ZNWX-冯俊淇,HBT1-FJQ84616-J,,,ASSISTANT,接待账号,福建省-厦门市,2026-09-07 16:34:42,0
84718,母婴,ZNWX-许艳婷,HFT4-XYT84611-J,,,ASSISTANT,接待账号,福建省-厦门市,2026-06-30 17:02:33,0
84943,母婴,ZNWX-7754,BAT2-ZWL84634-sub,,,ASSISTANT,接待账号,福建省-福州,2026-09-16 09:03:01,0
85033,母婴,ZNWX-84642,HCS3-TJ84642-J,,,ASSISTANT,接待账号,福建省-福州市,2026-09-16 09:26:47,3
85160,母婴,BBS3-Ven-CSO,BBS3-Venturillo-CSO,,,ASSISTANT,接待账号,,2026-01-28 15:20:51,30
85205,母婴,ZNWX-9856,ZHC1-QYF84677-sub,,,ASSISTANT,接待账号,福建省-厦门市,2026-02-25 20:02:48,0
85235,母婴,ZNWX-4535,HFT4-NYS84535-J,,,ASSISTANT,接待账号,福建省-厦门市,2026-07-09 09:49:20,2
85260,母婴,BB-Kyla-CSO,BBS3/BFS3-Ky-CSO,,,ASSISTANT,接待账号,Metro Manila-马尼拉,2026-09-16 11:49:30,19
85285,母婴,ZNWX-1130,BBT4-CYZ84681-J,,,ASSISTANT,接待账号,福建省-福州,2026-09-16 09:06:22,2
85374,母婴,ZNWX-3884,HBS1-ZYT83884-JS,,,ASSISTANT,接待账号,福建省-福州,2026-09-15 15:17:06,0
85378,母婴,ZNWX-蔡泽鸿,HBT1-CZH83877-J,,,ASSISTANT,接待账号,福建省-厦门市,2026-07-28 09:02:54,0
85380,母婴,ZNWX-刘伯铭,HBT1-LBM83139-JS,,,ASSISTANT,接待账号,福建省-厦门市,2026-06-27 10:25:15,0
85383,母婴,ZNWX-4410,BAT3-LZY84410-J,,,ASSISTANT,接待账号,,2026-03-05 15:38:59,0
85394,母婴,ZNWX-2493,BDS1-LJS82493-M,,,ASSISTANT,接待账号,福建省-厦门市,2026-09-08 18:31:30,0
85395,母婴,ZNWX-2959,HFT4-CFF82959-M,,,ASSISTANT,接待账号,加州-圣克拉拉,2026-07-19 19:50:13,0
85430,母婴,ZNWX-5969,BAS2-ZYX82539-JS,,,ASSISTANT,接待账号,福建省-厦门市,2026-02-13 16:51:15,0
85431,母婴,ZNWX-9351,BAS2-FXB80035-JS,,,ASSISTANT,接待账号,福建省-厦门市,2026-09-09 01:35:22,0
85432,母婴,ZNWX-9531,ZNWX-9531,,,ASSISTANT,接待账号,,2026-02-02 11:10:21,0
85434,母婴,ZNWX-4684,BAT3-qhb84684-Sub,,,ASSISTANT,接待账号,福建省-福州市,2026-08-21 15:49:52,0
85531,母婴,ZNWX-2248,HFS4-YHY81969-J,,,ASSISTANT,接待账号,福建省-福州市,2026-09-16 09:19:15,0
85537,母婴,ZNWX-3587,ZNWX-3587,,,ASSISTANT,接待账号,福建省-厦门市,2026-02-10 15:33:51,0
85541,母婴,HKT1-朱晓艺,HKT1-ZXY-84686-Sub,+8615060776243,,ASSISTANT,接待账号,福建省-福州,2026-09-16 11:52:41,0
85567,母婴,ZNWX-1123,HBS3-Matt-CSO,,,ASSISTANT,接待账号,,2026-02-15 18:57:32,0
85586,母婴,ZNWX-1299,HKS1-HJL80594-JS,+8617759626305,,ASSISTANT,接待账号,福建省-福州,2026-09-16 11:16:21,2
85627,母婴,ZNWX-8999,BBS4-ZYY80918-J,,,ASSISTANT,接待账号,福建省-福州市,2026-09-15 14:14:25,0
85647,母婴,ZNWX-1339,HBS3-MATT-CSO,,,ASSISTANT,接待账号,菲律宾,2026-02-08 09:14:38,0
85714,母婴,ZNWX-1600,BGT1-ZYN81530-JS,,,ASSISTANT,接待账号,福建省-福州市,2026-09-14 15:01:11,0
85718,母婴,ZNWX-4674,BGS3-YYT84674-Sub,,,ASSISTANT,接待账号,福建省-厦门市,2026-07-25 13:37:28,0
85745,母婴,ZNWX-1172,客服负责人：应永琼,,,ASSISTANT,接待账号,福建省-Wenquan,2026-08-18 21:24:58,0
85761,母婴,ZNWX-1173,客服负责人：林群浩,,,ASSISTANT,接待账号,加州-埃尔塞贡多,2026-09-09 10:55:19,0
85864,母婴,ZNWX-1368,ZNWX-SVMY-1368,,,ASSISTANT,接待账号,Metro Manila-马尼拉,2026-09-12 08:21:17,0
86007,母婴,ZNWX-1425,HBS3-Emman-CSO,,,ASSISTANT,接待账号,Metro Manila-马尼拉,2026-08-31 21:52:45,29
86008,母婴,ZNWX-1424,HBS3-Xyruz-CSO,,,ASSISTANT,接待账号,Metro Manila-马尼拉,2026-08-31 07:39:17,29
86014,母婴,ZNWX-1427,HFT4_A-LHL84695-J,,,ASSISTANT,接待账号,Jakarta-雅加达,2026-09-14 11:23:10,2
86018,母婴,ZNWX-1409,ZHA1-ZRR81002-M,,,ASSISTANT,接待账号,,2026-04-03 20:23:26,0
86032,母婴,ZNWX-1387,HES3-Emmanuel-CSO,,,ASSISTANT,接待账号,Metro Manila-马尼拉,2026-09-15 15:51:53,14
86034,母婴,HBT2-WLQ84600-JS,HBT2-WLQ84600-JS,+8615759303682,,ASSISTANT,接待账号,Kuala Lumpur-吉隆坡,2026-09-08 17:45:04,0
86283,母婴,ZNWX-1412,HF-海外客服-MY客服主管,,,ASSISTANT,接待账号,Metro Manila-马尼拉,2026-09-16 10:37:25,0
86391,母婴,ZNWX-1414,HBS3-Sophia-CSO,,,ASSISTANT,接待账号,Metro Manila-马尼拉,2026-08-31 19:12:41,29
86686,母婴,ZNWX-6373,BBS4-HQH80072-M,,,ASSISTANT,接待账号,福建省-福州市,2026-09-10 17:23:53,0
86692,母婴,ZNWX-1416,BAS3/BAT3-Rodel-CSO,,,ASSISTANT,接待账号,Metro Manila-马尼拉,2026-09-15 08:35:12,29
86693,母婴,ZNWX-1417,BAS3/BAT3-Marjon-CSO,,,ASSISTANT,接待账号,Metro Manila-马尼拉,2026-09-10 11:58:27,29
86739,母婴,ZNWX-2761,BGS1-LXL84707-Sub,,,ASSISTANT,接待账号,福建省-福州市,2026-09-16 11:19:20,0
86740,母婴,ZNWX-3193,BGS1-YLK84709-Sub,,,ASSISTANT,接待账号,福建省-福州市,2026-08-22 17:30:06,0
86755,母婴,ZNWX-4713,BAS2-TWY84713-J,,,ASSISTANT,接待账号,福建省-福州,2026-09-16 09:59:17,2
86792,母婴,ZNWX-2525,HKS4-LBB82657-J,,,ASSISTANT,接待账号,福建省-福州,2026-09-16 09:12:45,0
86839,母婴,ZNWX-1418,ZNWX-KIA-CSO-M,,,ASSISTANT,接待账号,Metro Manila-马尼拉,2026-09-15 16:17:31,0
86845,母婴,ZNWX-8561,BBT3-WJS84486-JS,,,ASSISTANT,接待账号,广东-广州市,2026-08-26 21:48:56,0
86882,母婴,ZNWX-5252,HCT1-CQS84724-J,,,ASSISTANT,接待账号,福建省-厦门市,2026-07-29 09:13:31,0
86971,母婴,ZNWX-2162,HKT2-PGQ84726-Js,+8619339952162,,ASSISTANT,接待账号,柔佛州-新山,2026-09-16 11:24:53,0
87176,母婴,ZNWX-1422,HCS3/HCT3-JRC-CSO,,,ASSISTANT,接待账号,Metro Manila-马尼拉,2026-08-31 19:16:14,5
87177,母婴,ZNWX-1423,HCS3/HCT3-XYRUS-CSO,,,ASSISTANT,接待账号,Metro Manila-马尼拉,2026-09-16 12:25:08,5
87182,母婴,ZNWX-1428,ZNWX-CSA,,,ASSISTANT,接待账号,Metro Manila-马尼拉,2026-09-15 10:06:15,0
87184,母婴,ZNWX-1429,ZNWX-XJY84446-J,,,ASSISTANT,接待账号,福建省-福州市,2026-09-16 09:23:32,0
87295,母婴,ZNWX-1554,BGT1-YCX84781-Sub,,,ASSISTANT,接待账号,福建省-厦门市,2026-09-15 21:31:56,0
87311,母婴,ZNWX-5584,HFS4-HBY84774-Sub,,,ASSISTANT,接待账号,福建省-厦门市,2026-05-16 16:25:38,0
87323,母婴,ZNWX-0819,HKS2-WQ84787-J,,,ASSISTANT,接待账号,福建省-福州,2026-09-16 09:15:18,2
87349,母婴,ZNWX-1436,BAT1-DYL84786-Sub,,,ASSISTANT,接待账号,福建省-厦门市,2026-05-09 12:01:20,0
87523,母婴,ZNWX-0930,BBT4-JH84750-JS,,,ASSISTANT,接待账号,福建省-厦门市,2026-09-16 11:53:18,0
87524,母婴,ZNWX-4751,HBT2-LHQ84751-JS,,,ASSISTANT,接待账号,福建省-厦门市,2026-08-14 13:52:23,0
87552,母婴,ZNWX-5269,HBS2-LXE84804-J,,,ASSISTANT,接待账号,福建省-福州,2026-09-16 10:15:52,1
87561,母婴,ZNWX-1481,HBS4-CWT84810-J,,,ASSISTANT,接待账号,福建省-福州,2026-09-16 09:51:52,0
87649,母婴,ZNWX-1243,BAS2-Rani-CSO,,,ASSISTANT,接待账号,Jakarta-West Jakarta,2026-09-16 08:29:32,21
87700,母婴,ZNWX-0633,BAT4-HW84763-J,,,ASSISTANT,接待账号,福建省-福州,2026-09-16 10:32:19,2
87710,母婴,ZNWX-2312,HCT3-ZAS84806-J,+8618339526281,,ASSISTANT,接待账号,福建省-福州市,2026-09-16 11:17:09,2
87747,母婴,ZNWX-4831,HBS1-A-CP84831-Sub,,,ASSISTANT,接待账号,福建省-厦门市,2026-08-28 13:34:06,0
87756,母婴,ZNWX-9100,BBS2-XYH84827-SUB,+8613559229100,,ASSISTANT,接待账号,福建省-福州,2026-04-17 16:55:24,0
87772,母婴,ZNWX-486,HES1-LYB84834-J,,,ASSISTANT,接待账号,福建省-厦门市,2026-09-16 12:05:31,1
88000,母婴,ZNWX-5965,ZHC1-LZH84843-JS,,,ASSISTANT,接待账号,,2026-04-03 12:20:06,0
88157,母婴,ZNWX-0947,HBT1-Toon-CSO,,,ASSISTANT,接待账号,曼谷-曼谷,2026-08-31 12:03:46,4
88159,母婴,ZNWX-0948,HBT1-XIAN-CSA,,,ASSISTANT,接待账号,曼谷-曼谷,2026-08-31 18:51:07,1
88173,母婴,ZNWX-1607,BBS3/BFS3-Maneja-CSO,,,ASSISTANT,接待账号,Metro Manila-马尼拉,2026-07-07 16:32:37,19
88174,母婴,ZNWX-1248,ZNWX-Imelda-M,,,ASSISTANT,接待账号,Jakarta-雅加达,2026-05-23 10:01:24,0
88288,母婴,ZNWX-6319,HCS3-LGR84925-JS,,,ASSISTANT,接待账号,福建省-福州,2026-09-16 10:34:48,3
88319,母婴,ZNWX-8497,HBT3-ZSQ84926-Sub,+8619139332259,1411125163@qq.com,ASSISTANT,接待账号,福建省-厦门市,2026-09-05 14:52:31,0
88419,母婴,ZF84937,HFS5-ZF84937-J,,,ASSISTANT,接待账号,福建省-福州,2026-09-16 09:39:54,2
88538,母婴,ZNWX-0215,HKS3-ZGL84945-JC,,,ASSISTANT,接待账号,福建省-厦门市,2026-08-28 15:21:14,0
88570,母婴,ZNWX-1357,BAS3-WJH85012-Sub,+8613709327799,2455721467@qq.com,ASSISTANT,接待账号,福建省-福州,2026-09-16 09:05:04,0
88581,母婴,ZNWX-6291,BAT2-XXP84953-J,,,ASSISTANT,接待账号,福建省-福州,2026-09-16 09:36:14,0
88582,母婴,ZNWX-1263,BGT4-SJL84951-J,,,ASSISTANT,接待账号,福建省-厦门市,2026-05-23 10:43:04,0
88583,母婴,ZNWX-1972,HBS2-HWQ84949-J,,,ASSISTANT,接待账号,福建省-福州,2026-09-16 09:18:03,2
88584,母婴,HBS2-HWQ84949-J,HBS2-HWQ84949-J,,,ASSISTANT,接待账号,,2026-03-23 15:28:36,0
88594,母婴,ZNWX-1292,HET1-YKY84939-J,,,ASSISTANT,接待账号,福建省-福州,2026-09-16 09:10:40,1
88595,母婴,ZNWX-1291,BAT1-ZJZ84956-JS,,,ASSISTANT,接待账号,福建省-福州,2026-09-16 09:10:11,0
88680,母婴,ZNWX-1264,BAS4-Afsha-CSO,,,ASSISTANT,接待账号,Jakarta-West Jakarta,2026-09-15 16:30:06,6
88752,母婴,ZNWX-1268,HFS4-Sherly-CSO,,,ASSISTANT,接待账号,Jakarta-West Jakarta,2026-09-15 08:24:53,21
88753,母婴,ZNWX-1269,HFS4-Laila-CSO,,,ASSISTANT,接待账号,Jakarta-West Jakarta,2026-06-24 07:55:57,21
88754,母婴,ZNWX-1271,BAS4-Fauziah-CSO,,,ASSISTANT,接待账号,Jakarta-West Jakarta,2026-06-24 15:54:52,20
88755,母婴,ZNWX-1272,HFS4-Widya-CSO,,,ASSISTANT,接待账号,Jakarta-West Jakarta,2026-09-15 16:07:57,21
88761,母婴,huanghongsen,BDT3-HHS84957-J,,,ASSISTANT,接待账号,福建省-厦门市,2026-09-08 15:37:24,0
88806,母婴,ZNWX-1580,BAT1-Priao-CSA,,,ASSISTANT,接待账号,曼谷-Samphanthawong,2026-09-15 10:28:37,0
88807,母婴,ZNWX-1581,BAS1-Toon-CSO,+66966617923,supichayapromkaew2@gmail.com,ASSISTANT,接待账号,曼谷-曼谷,2026-09-16 12:44:07,27
88808,母婴,ZNWX-1582,BAS1-Ket-CSO,,,ASSISTANT,接待账号,曼谷-曼谷,2026-09-15 13:57:28,27
88842,母婴,ZNWX-5111,ZBA1-5-LZK-Sub,,,ASSISTANT,接待账号,,2026-04-03 09:52:18,0
88860,母婴,ZNWX-1408,BBT2-YJJ85047-Sub,,,ASSISTANT,接待账号,福建省-Yingcun,2026-04-15 21:18:39,0
88877,母婴,ZNWX-9393,ZHC1/2/3/4-YBY85046,,,ASSISTANT,接待账号,,2026-04-01 16:07:58,0
88957,母婴,ZNWX-85055,HCS3-GZJ85055,,,ASSISTANT,接待账号,福建省-福州,2026-09-16 10:40:20,3
89121,母婴,ZNWX-85116,BAT4-QXJ85116-Sub,,,ASSISTANT,接待账号,福建省-厦门市,2026-09-16 09:05:13,5
89138,母婴,ZNWX3896,BBT1-ZXY85078-J,,,ASSISTANT,接待账号,福建省-厦门市,2026-08-06 10:09:30,0
89250,母婴,BBS4-GYJ897,BBS4-GYJ84958-J,,,ASSISTANT,接待账号,福建省-福州,2026-09-16 11:31:41,2
89283,母婴,ZNWX-7549,HFS3-LYH85119-Sub,,,ASSISTANT,接待账号,福建省-厦门市,2026-08-01 14:19:10,0
89357,母婴,ZNWX-1316,BBT1-Priao-CSO,,,ASSISTANT,接待账号,曼谷-曼谷,2026-05-12 17:21:05,16
89358,母婴,ZNWX-1317,BBS1-Best-CSO,,,ASSISTANT,接待账号,曼谷-Bang Rak,2026-09-13 21:58:37,16
89363,母婴,ZNWX-1318,BBT1-Priao-CSA,,,ASSISTANT,接待账号,曼谷-Samphanthawong,2026-09-16 12:48:15,0
89401,母婴,BDT1-LGM85070-J,BDT1-LGM85070-J,+8613959268743,,ASSISTANT,接待账号,福建省-厦门市,2026-09-02 11:03:43,0
89632,母婴,ZNWX-5075,BAT5-ZXY85075-JS,,,ASSISTANT,接待账号,福建省-厦门市,2026-08-31 10:40:58,0
89823,母婴,ZNWX-1657,BBS2-CTY81298-M,,,ASSISTANT,接待账号,福建省-福州市,2026-09-01 10:12:01,0
89966,母婴,ZNWX-1437,HBT1-Som-CSO,,,ASSISTANT,接待账号,曼谷-曼谷,2026-08-31 00:38:39,4
89982,母婴,BDT2-HBJ-J,BDT2-HBJ84710-J,+8618850209793,,ASSISTANT,接待账号,柔佛州-新山,2026-08-31 14:28:44,0
89983,母婴,ZNWX-85167,HBS5-ZZJ85167-J,,,ASSISTANT,接待账号,福建省-厦门市,2026-09-07 13:52:39,0
90057,母婴,ZNWX-5176,HBS1-YH85176-sub,+8619834028945,,ASSISTANT,接待账号,福建省-福州,2026-09-16 09:22:51,1
90154,母婴,ZNWX-1497,BBS4-Ernawati-CSO,,,ASSISTANT,接待账号,Jakarta-West Jakarta,2026-09-14 15:03:33,10
90155,母婴,ZNWX-1498,BBS4-Mesy-CSO,,,ASSISTANT,接待账号,Jakarta-West Jakarta,2026-09-16 08:19:54,10
90156,母婴,ZNWX-1504,BBS2-Lia-CSO,,,ASSISTANT,接待账号,,2026-04-09 08:33:53,21
90157,母婴,ZNWX-1505,BBS2-Naila-CSO,,,ASSISTANT,接待账号,Jakarta-West Jakarta,2026-09-15 15:40:30,21
90341,母婴,ZNWX-7180,HKS2-HLN85188-J,,,ASSISTANT,接待账号,福建省-厦门市,2026-08-01 17:14:01,0
90421,母婴,ZNWX-1608,BAS3/BAT3-Lanz-CSO,,,ASSISTANT,接待账号,Metro Manila-马尼拉,2026-09-16 08:03:53,29
90613,母婴,ZNWX-5204,HFT4-LPZ85204-J,,,ASSISTANT,接待账号,福建省-福州市,2026-09-16 09:00:00,1
90614,母婴,ZNWX-85210,HBS5-SJB85210-J,,,ASSISTANT,接待账号,福建省-福州,2026-09-16 09:19:34,2
90626,母婴,ZNWX-6413,HGS1-SGPK85212-J,,,ASSISTANT,接待账号,福建省-福州,2026-09-16 09:03:49,3
90630,母婴,ZNWX-85198,HBS5-ZGT85198-J,,,ASSISTANT,接待账号,福建省-福州,2026-09-14 11:17:09,1
90639,母婴,ZNWX-5199,HBT1-HCY85199-Sub,,,ASSISTANT,接待账号,福建省-福州,2026-09-16 11:24:46,9
90650,母婴,ZNWX-1528,HFS1-HYC85207-Sub,,,ASSISTANT,接待账号,福建省-厦门市,2026-05-11 16:39:44,0
91090,母婴,ZNWX-9792,BFS2-YSY85282-SUB,+8613055489792,,ASSISTANT,接待账号,福建省-厦门市,2026-09-16 09:55:51,0
91115,母婴,ZNWX-5166,BBS2-Anis-CSO,,,ASSISTANT,接待账号,Jakarta-West Jakarta,2026-09-16 08:46:23,21
91160,母婴,ZNWX-85262,HBT1-TZK85262-J,,,ASSISTANT,接待账号,福建省-福州,2026-09-14 13:43:29,3
91189,母婴,ZNWX-1589,BAS3-Christel-CSO,,,ASSISTANT,接待账号,Metro Manila-马尼拉,2026-09-16 08:11:40,29
91190,母婴,ZNWX-1603,BAS3-Irish-CSO,,,ASSISTANT,接待账号,Metro Manila-马尼拉,2026-08-10 15:34:18,29
91223,母婴,ZNWX-7111,HBS3-CJL85186-Sub,,,ASSISTANT,接待账号,福建省-厦门市,2026-06-18 10:21:14,0
91270,母婴,ZNWX-5248,HFT1-HC85248-J,,,ASSISTANT,接待账号,福建省-福州市,2026-09-16 11:15:47,3
91315,母婴,ZNWX-5169,AAS5-Grong-M,,,ASSISTANT,接待账号,Hanoi-河內市,2026-09-16 10:54:49,0
91389,母婴,ZNWX-85255,HBT3-JZJ85255-JC,,,ASSISTANT,接待账号,福建省-厦门市,2026-07-22 15:10:28,0
91464,母婴,ZNWX-5171,AAS4-wahi-M,,,ASSISTANT,接待账号,Jakarta-West Jakarta,2026-09-16 09:43:20,0
91466,母婴,ZNWX-8141,BBS1-MKX81417-JS,,,ASSISTANT,接待账号,福建省-福州,2026-09-16 10:46:43,0
91467,母婴,ZNWX-4409,BBS1-WKW84409-J,,,ASSISTANT,接待账号,福建省-福州市,2026-09-16 11:59:20,3
91510,母婴,BDT4-YS,BDT5-YS85259-J,,,ASSISTANT,接待账号,福建省-厦门市,2026-08-04 17:52:55,0
91546,母婴,ZNWX-5333,BBT5-LYN85333-JS,,,ASSISTANT,接待账号,福建省-福州市,2026-09-16 09:02:47,0
91672,母婴,ZNWX-5175,BAS2-ebietia-CSO,,,ASSISTANT,接待账号,Jakarta-West Jakarta,2026-09-15 23:41:17,21
91673,母婴,ZNWX-5177,BGS4-Vany-CSO,,,ASSISTANT,接待账号,Jakarta-West Jakarta,2026-07-31 08:31:03,6
91674,母婴,ZNWX-5178,BAS2-Thresya-CSO,,,ASSISTANT,接待账号,Jakarta-North Jakarta,2026-07-31 08:30:14,21
91675,母婴,ZNWX-5179,BAS2-Desy-CSO,,,ASSISTANT,接待账号,Jakarta-雅加达,2026-07-31 17:18:55,21
91676,母婴,ZNWX-5180,BBS2-winona-CSO,,,ASSISTANT,接待账号,Jakarta-West Jakarta,2026-09-16 08:46:27,21
91710,母婴,ZNWX-5894,HCT1-JHY85376-J,+8615535462343,,ASSISTANT,接待账号,曼谷-曼谷,2026-09-16 10:42:08,3
91745,母婴,ZNWX-7550,HFS3-LH85352-J,,,ASSISTANT,接待账号,福建省-福州,2026-09-16 11:58:34,2
91852,母婴,HBS3-ZJJ85339-J,HBS3-ZJJ85339-J,,,ASSISTANT,接待账号,福建省-厦门市,2026-08-18 09:22:10,0
92093,母婴,ZNWX-85400,HCT3-ZJ-85400-Sub,,,ASSISTANT,接待账号,福建省-厦门市,2026-07-31 16:51:00,0
92118,母婴,ZNWX-2803,HBS5-XYW82803-JS,,,ASSISTANT,接待账号,福建省-福州,2026-09-16 09:57:43,2
92208,母婴,ZNWX-85409,HCS2/S3-HYZ85409-Sub,,,ASSISTANT,接待账号,福建省-厦门市,2026-08-03 17:30:07,0
92235,母婴,ZNWX-2134,BBT2-WGR85345-J,,,ASSISTANT,接待账号,福建省-福州,2026-09-15 13:39:08,0
92268,母婴,ZNWX-6868,BBS5-WLB85420-Sub,+8618020789655,,ASSISTANT,接待账号,福建省-厦门市,2026-08-29 15:54:59,0
92297,母婴,ZNWX-5266,HET1-WCY85427-sub,,,ASSISTANT,接待账号,福建省-福州,2026-09-16 10:05:11,4
92481,母婴,ZNWX-5224,BBS5-RSYQ-CSO,,,ASSISTANT,接待账号,Hanoi-河內市,2026-09-15 14:50:52,14
92484,母婴,ZNWX-5449,BGS2-CZC85449-sub,,122223094@qq.com,ASSISTANT,接待账号,福建省-厦门市,2026-05-30 15:46:47,0
92630,母婴,ZNWX-5465,BAT3-LYX85465-J,+8618359695808,,ASSISTANT,接待账号,福建省-福州,2026-09-16 11:03:41,4
92700,母婴,ZNWX-8851,BAG1-WJD85463-Sub,,,ASSISTANT,接待账号,福建省-福州市,2026-08-31 14:26:06,0
92722,母婴,HKT1-LNH-85454,HKT1-LNH-85454,+8615359285469,,ASSISTANT,接待账号,福建省-厦门市,2026-09-11 13:40:37,0
92748,母婴,ZNWX-5731,BAT2-ZZH85472-sub,,,ASSISTANT,接待账号,福建省-福州市,2026-08-31 09:12:59,0
92853,母婴,ZNWX-5231,HFS4-Aisyah-CSO,,,ASSISTANT,接待账号,Jakarta-West Jakarta,2026-09-16 08:33:56,21
92888,母婴,ZNWX-5482,HFT2-YJR85482-Sub,,,ASSISTANT,接待账号,福建省-福州市,2026-09-04 16:01:58,0
92994,母婴,ZNWX-5789,HFS2-QQ85487-SUB,,,ASSISTANT,接待账号,福建省-福州市,2026-09-09 16:38:24,0
93160,母婴,ZNWX-0518,HCS1-LJW85534-Sub,,,ASSISTANT,接待账号,福建省-厦门市,2026-07-06 16:13:19,0
93175,母婴,ZNWX-9978,HKS3-WJC85503-JC,,,ASSISTANT,接待账号,福建省-福州,2026-09-14 10:58:19,0
93187,母婴,ZNWX-5504,BBS1-XX85504-J,,,ASSISTANT,接待账号,广东-广州市,2026-08-25 19:40:16,0
93192,母婴,ZNWX-85500,HCT2-GJW85500-J,,,ASSISTANT,接待账号,福建省-厦门市,2026-09-15 22:09:16,2
93255,母婴,ZNWX-5267,BBS1-Peay-CSO,,,ASSISTANT,接待账号,曼谷-曼谷,2026-09-16 12:47:38,16
93264,母婴,ZNWX-6826,BBT1-HZT85502-JS,,,ASSISTANT,接待账号,福建省-福州,2026-09-16 11:48:56,3
93291,母婴,ZNWX-5529,HBT2-LYX85529-sub,,,ASSISTANT,接待账号,福建省-厦门市,2026-07-31 14:32:36,0
93299,母婴,ZNWX-7751,BGS3-ZCM85505-JS,,,ASSISTANT,接待账号,福建省-福州市,2026-09-16 09:12:37,0
93363,母婴,ZNWX-4863,HGS1_A-TSP85540-Sub,,,ASSISTANT,接待账号,福建省-福州,2026-09-16 09:44:32,8
93521,母婴,ZNWX-85501,BDS1-SYH85501-J,,,ASSISTANT,接待账号,福建省-福州,2026-09-16 09:32:29,2
93723,母婴,ZNWX-70918,HFS2-HSY85506-J,,,ASSISTANT,接待账号,福建省-福州市,2026-09-16 11:32:51,2
93816,母婴,ZNWX-5360,管培生：欧阳谦合,,,ASSISTANT,接待账号,福建省-厦门市,2026-09-02 10:20:50,0
93819,母婴,ZNWX-5630,HBS1-ZXJ85630-sub,,,ASSISTANT,接待账号,福建省-Wenquan,2026-09-15 08:59:54,0
93865,母婴,ZNWX-5243,BBS5-CSCH-CSO,,,ASSISTANT,接待账号,Hanoi-河內市,2026-09-16 10:47:04,14
93951,母婴,ZNWX-5596,BGS3-AMY85596-JC,+8618396182142,,ASSISTANT,接待账号,Central Singapore-新加坡,2026-09-16 09:06:21,0
94085,母婴,ZNWX-5255,HHS1-HSR80377-M,,,ASSISTANT,接待账号,福建省-厦门市,2026-08-18 10:23:57,0
94111,母婴,ZNWX-5679,HBT3-FXW85679-Sub,,,ASSISTANT,接待账号,Metro Manila-马尼拉,2026-08-24 09:16:03,0
94113,母婴,ZNWX-9877,ZNWX-9877,,,ASSISTANT,接待账号,福建省-福州,2026-09-16 09:15:31,0
94128,母婴,ZNWX-81661,HBS1-LHC81661-J,,,ASSISTANT,接待账号,福建省-福州,2026-09-15 14:02:11,0
94133,母婴,ZNWX-5533,BBS3-JoshuaR-CSO,,,ASSISTANT,接待账号,Metro Manila-马尼拉,2026-09-10 15:53:53,18
94134,母婴,ZNWX-5532,HF-HAJAR-CSO,,,ASSISTANT,接待账号,Metro Manila-马尼拉,2026-09-16 07:59:35,14
94135,母婴,ZNWX-5530,HFS1-CXG85650-J,+8619859722518,,ASSISTANT,接待账号,福建省-福州,2026-09-16 11:50:29,2
94192,母婴,ZNWX-2661,BBT2-ZBR85647-J,,,ASSISTANT,接待账号,福建省-福州市,2026-09-15 16:29:10,0
94212,母婴,ZNWX-5604,HBT4-WQ85604-JS,,,ASSISTANT,接待账号,福建省-福州,2026-09-16 11:20:15,0
94228,母婴,ZNWX-5645,HBT1-ZJJ85645-JS,,,ASSISTANT,接待账号,福建省-厦门市,2026-08-13 10:41:34,0
94236,母婴,ZNWX-0161,HGS1-AT85649-JS,,,ASSISTANT,接待账号,福建省-福州市,2026-09-07 16:56:39,0
94296,母婴,ZNWX-7890,ZNWX-7890,,,ASSISTANT,接待账号,福建省-厦门市,2026-08-04 17:13:28,0
94420,母婴,ZNWX-5520,HBT2-ZZ84960-J,,,ASSISTANT,接待账号,Kuala Lumpur-吉隆坡,2026-09-15 09:00:20,1
94421,母婴,ZNWX-5522,HFT4-ZQ84627-J,,,ASSISTANT,接待账号,东京都-Chiyoda City,2026-09-14 16:22:33,3
94664,母婴,ZNWX-5709,HKS1-XZC85709-Sub,+8615280141062,,ASSISTANT,接待账号,福建省-厦门市,2026-08-31 16:54:11,0
94681,母婴,HFT5-CZB837-Sub,HFT5-CZS85715-Sub,,,ASSISTANT,接待账号,福建省-福州市,2026-09-16 10:46:56,4
94730,母婴,ZNWX-5724,BBS3-WXC85724-sub,,,ASSISTANT,接待账号,福建省-福州市,2026-08-31 13:48:25,0
94736,母婴,ZNWX-85725,HBS5-WXM85725-Sub,,,ASSISTANT,接待账号,福建省-厦门市,2026-08-31 16:59:25,0
94741,母婴,ZNWX-4856,HCT1-WZQ85723-Sub,,,ASSISTANT,接待账号,福建省-厦门市,2026-08-01 13:36:17,0
94750,母婴,ZNWX-5334,HFS1-DHT85722-nb,,,ASSISTANT,接待账号,福建省-福州,2026-09-16 12:47:12,3
94753,母婴,ZNWX-14567,BGS2-LHK85726-Sub,+8613959957257,2935913412@qq.com,ASSISTANT,接待账号,福建省-厦门市,2026-07-01 09:00:58,0
94829,母婴,ZNWX-85735,HFT3-CYX85735,,,ASSISTANT,接待账号,福建省-福州,2026-09-16 11:32:41,5
94880,母婴,ZNWX-2889,HFS3-YYH84944-J,,,ASSISTANT,接待账号,福建省-福州,2026-09-16 11:15:50,1
94889,母婴,ZNWX-6546,HGS1_A-LJ85738-Sub,,,ASSISTANT,接待账号,福建省-福州市,2026-09-01 10:42:02,0
95145,母婴,ZNWX-5445,HFT4-WXH85781-Sub,,,ASSISTANT,接待账号,福建省-福州,2026-09-16 12:45:41,6
95160,母婴,ZNWX-5315,HKS5-YXR85746-M,+8613087037980,13087037980@163.com,ASSISTANT,接待账号,福建省-厦门市,2026-09-07 13:47:48,0
95162,母婴,ZNWX-2061,HKS1-CZH85770-J,+8613799532061,,ASSISTANT,接待账号,福建省-厦门市,2026-09-07 16:44:12,0
95164,母婴,ZNWX-85744,ZNWX-85744,,,ASSISTANT,接待账号,福建省-福州,2026-09-16 09:04:28,1
95167,母婴,ZNWX-5715,ZNWX-5715,+8613507592102,,ASSISTANT,接待账号,福建省-福州,2026-09-16 09:14:07,0
95170,母婴,ZNWX-5747,HFS4-HH5747-J,+8618070307959,,ASSISTANT,接待账号,福建省-福州市,2026-09-04 15:46:15,0
95213,母婴,ZNWX-5263,BDS3-TL85784-Sub,,,ASSISTANT,接待账号,福建省-厦门市,2026-08-11 10:54:43,0
95215,母婴,ZNWX1544,ZNWX1544,,,ASSISTANT,接待账号,福建省-福州,2026-09-16 09:45:02,0
95245,母婴,ZNWX-85160,BGT3-ZWJ85160-JC,,,ASSISTANT,接待账号,福建省-厦门市,2026-07-11 09:27:08,0
95576,母婴,ZNWX-9257,BDT1-YQP85768-J,,,ASSISTANT,接待账号,曼谷-曼谷,2026-08-31 13:38:03,0
95602,母婴,GPSOY-5360,GPSOY-5360,,,ASSISTANT,接待账号,福建省-福州,2026-06-24 23:30:36,0
95629,母婴,ZNWX-8681,HES1-WYC85856-Sub,,,ASSISTANT,接待账号,福建省-福州,2026-09-16 12:28:05,4
95714,母婴,ZNWX-5832,BBS1-LYM85832-sub,,,ASSISTANT,接待账号,福建省-Wenquan,2026-09-16 09:05:22,54
96091,母婴,ZNWX-5983,HCT1-BPL85911-Sub,,,ASSISTANT,接待账号,福建省-厦门市,2026-08-27 17:14:51,0
96115,母婴,ZNWX-5891,HFT3-PWY85891-J,+8617318318401,,ASSISTANT,接待账号,福建省-福州,2026-09-16 09:06:20,0
96163,母婴,ZNWX-5282,BAT1-ZYL85878-J,,,ASSISTANT,接待账号,福建省-厦门市,2026-08-28 11:48:44,0
96192,母婴,ZNWX-5892,BBS3-XXY85892-J,,,ASSISTANT,接待账号,福建省-福州,2026-09-16 09:19:52,1
96204,母婴,ZNWX-6630,HGS1-ZR85863-Sub,,,ASSISTANT,接待账号,福建省-福州,2026-09-16 11:43:00,5
96256,母婴,ZNWX-7257,HBS2-LHK85726-Sub,,,ASSISTANT,接待账号,福建省-福州,2026-09-16 10:24:17,6
96303,母婴,ZNWX-6629,HBS3-WRK85872,,,ASSISTANT,接待账号,福建省-厦门市,2026-09-01 00:13:27,0
96362,母婴,ZNWX-85962,HCS3-GJQ85960-Sub,,,ASSISTANT,接待账号,福建省-福州,2026-09-16 11:43:54,6
96445,母婴,ZNWX-5431,HBT1-C-CSO,,,ASSISTANT,接待账号,曼谷-Ratchathewi,2026-08-14 21:48:55,4
96463,母婴,ZNWX-5967,HBT2-CJK85967-sub,,,ASSISTANT,接待账号,福建省-厦门市,2026-07-11 13:32:50,0
96566,母婴,ZNWX-8167,HBT1-RZF81671-J,,,ASSISTANT,接待账号,福建省-厦门市,2026-08-08 01:12:02,0
96595,母婴,ZNWX-6243,ZNWX-6243,,,ASSISTANT,接待账号,福建省-福州市,2026-09-04 15:30:25,0
96596,母婴,ZNWX-9854,ZNWX-9854,,,ASSISTANT,接待账号,福建省-福州,2026-09-16 11:37:29,0
96604,母婴,BDS5-5950,BDS5-LZH85950-J,+8618965811263,1287222719@qq.com,ASSISTANT,接待账号,福建省-厦门市,2026-09-04 13:56:21,0
96651,母婴,ZNWX-5946,BAS3-85946,+8615159725315,2608819619@qq.com,ASSISTANT,接待账号,福建省-厦门市,2026-07-10 20:34:27,0
96677,母婴,ZNWX-85927,BBT5-WWR85927-JS,,,ASSISTANT,接待账号,福建省-厦门市,2026-08-03 19:34:28,0
96819,母婴,ZNWX-85974,HCT3-LLE85974-Sub,,,ASSISTANT,接待账号,福建省-厦门市,2026-08-04 16:12:56,0
96938,母婴,ZNWX-8594,ZNWX- XTT8594,+8617603647109,amjadkinari123@gmail.com,ASSISTANT,接待账号,福建省-厦门市,2026-09-03 13:31:24,0
97009,母婴,ZNWX-7879,HKT2-LJH85981-Sub,,,ASSISTANT,接待账号,福建省-福州,2026-09-16 11:53:48,6
97211,母婴,ZNWX-1889,BBT3-WJH85992-Sub,,,ASSISTANT,接待账号,福建省-福州,2026-09-16 11:23:51,0
97430,母婴,ZNWX-7896,BBS5-ZQX86072-Sub,+8618588514565,,ASSISTANT,接待账号,福建省-福州市,2026-08-21 13:48:16,0
97458,母婴,ZNWX-6067,HKT1-HJW86067-J,,,ASSISTANT,接待账号,福建省-福州,2026-09-15 17:12:37,5
97477,母婴,ZNWX-7935,ZNWX-7935,,,ASSISTANT,接待账号,福建省-福州市,2026-09-16 04:44:15,0
97496,母婴,ZNWX-4971,ZNWX-4971,,,ASSISTANT,接待账号,福建省-福州,2026-09-16 10:11:02,0
97527,母婴,ZNWX-6070,BBS2-ZXY86070-JC,,,ASSISTANT,接待账号,福建省-厦门市,2026-08-31 13:32:24,0
97528,母婴,ZNWX-7210,BFS4-JC86065-Y,,,ASSISTANT,接待账号,福建省-福州市,2026-09-16 09:09:31,1
97532,母婴,ZNWX-6037,BBS3-CH86037-J,,,ASSISTANT,接待账号,福建省-福州市,2026-09-16 09:05:42,2
97536,母婴,ZNWX-8907,HKT2-YXR86039-JS,,,ASSISTANT,接待账号,福建省-福州,2026-09-16 09:04:32,0
98402,母婴,MYYD-LTY,兰天昱-数据导出,,,ASSISTANT,接待账号,东京都-东京,2026-08-05 09:06:51,0
98409,母婴,ZNWX-5386,HBT2-GJJ85589-Sub,,,ASSISTANT,接待账号,福建省-福州,2026-09-16 12:27:17,7
98618,母婴,ZNWX-4395,ZNWX-4395,,,ASSISTANT,接待账号,福建省-厦门市,2026-08-18 09:59:36,0
98628,母婴,ZNWX-86118,HCT2-ZYJ86118-J,+8615260017552,,ASSISTANT,接待账号,福建省-福州,2026-09-16 09:25:04,2
98644,母婴,ZNWX-7522,BAS4-LM86108-J,,,ASSISTANT,接待账号,福建省-福州,2026-09-16 13:18:02,1
98654,母婴,ZNWX-86103,ZNWX-86103,,,ASSISTANT,接待账号,福建省-福州,2026-09-16 09:02:21,1
98655,母婴,ZNWX-6121,BGS3-XHT86120-JS,+8613806004103,,ASSISTANT,接待账号,福建省-厦门市,2026-09-16 09:40:26,0
98675,母婴,ZNWX-5403,BH部-AI店铺-M,,,ASSISTANT,接待账号,福建省-福州市,2026-09-07 00:00:56,0
98677,母婴,ZNWX-5404,BH部-AI店铺-J,,,ASSISTANT,接待账号,福建省-福州市,2026-09-15 11:16:13,54
99077,母婴,ZNWX-0923,BDS3-ZSY85146 -Sub,,,ASSISTANT,接待账号,福建省-Wenquan,2026-09-16 09:08:59,54
99374,母婴,ZNWX-5484,BBH5-DJshun-CSO,,,ASSISTANT,接待账号,胡志明市-胡志明市,2026-09-12 16:55:26,14
99377,母婴,ZNWX-5485,BBH5-DHZlin-CSO,,,ASSISTANT,接待账号,胡志明市-胡志明市,2026-09-04 16:56:40,14
99980,母婴,ZNWX-5591,詹旭杰-AI模型训练师,,,ASSISTANT,接待账号,福建省-Wenquan,2026-09-16 11:31:50,0
99981,母婴,ZNWX-5594,钱琪-AI模型训练师,,,ASSISTANT,接待账号,福建省-Wenquan,2026-09-16 09:00:30,0
100288,母婴,ZNWX-5618,罗杰-AI模型训练师,,,ASSISTANT,接待账号,曼谷-曼谷,2026-09-15 21:20:42,0
100302,母婴,ZNWX-5410,H02042-LWX81528-M,,,ASSISTANT,接待账号,福建省-福州,2026-09-16 11:49:17,1
100303,母婴,ZNWX-1400,B02030-YPX81578 -M,,,ASSISTANT,接待账号,福建省-福州,2026-09-12 16:44:57,0
100304,母婴,ZNWX-5412,H03043-XYK85763-J,,,ASSISTANT,接待账号,福建省-厦门市,2026-09-07 17:38:21,0
11122,灯具,ZNWX-4392,CAS2-CHJ84711-JS,,,SUPER_ADMIN,接待账号,福建省-厦门市,2026-09-16 11:28:36,0
16878,灯具,ZNWX-0273,CBS4-ZSQ80295-M,,,ASSISTANT,接待账号,福建省-厦门市,2026-09-16 11:24:32,5
17958,灯具,ZNWX-2554,CAS1-FXB80035-JC,,,ASSISTANT,接待账号,,2026-02-16 11:28:31,0
19928,灯具,ZNWX-2964,CAS1-LJT80392-M,,,ASSISTANT,接待账号,福建省-厦门市,2026-09-14 15:55:37,0
27196,灯具,ZNWX-0230,CBS4-LJR80504-JC,,,ASSISTANT,接待账号,福建省-厦门市,2026-09-16 10:09:39,5
30923,灯具,ZNWX-8397,C01-267/268-ZZC83888,,,ASSISTANT,接待账号,福建省-厦门市,2026-09-10 14:03:21,15
34531,灯具,ZNWX-0774,CAT3-HWL80852-M,,,ASSISTANT,接待账号,福建省-福州市,2026-08-17 18:25:34,0
36163,灯具,ZNWX-2496,CAT3-ZSQ80910-JS,,,ASSISTANT,接待账号,福建省-厦门市,2026-07-03 09:52:36,0
37913,灯具,ZNWX-8500,CAS1-TL81505-JC,,,ASSISTANT,接待账号,福建省-厦门市,2026-07-28 09:37:22,0
38634,灯具,ZNWX-6475,CAT4- YL81074-JS,,,ASSISTANT,接待账号,福建省-厦门市,2026-07-12 18:15:36,0
38698,灯具,ZNWX-2062,CAS1-HHN81075-JS,,,ASSISTANT,接待账号,福建省-厦门市,2025-11-09 14:48:46,0
39445,灯具,ZNWX-0560,CAT4-ZGT81974-M,,,ASSISTANT,接待账号,福建省-厦门市,2026-06-07 02:05:16,0
39779,灯具,ZNWX-4965,CAS2-ZWJ81476-JS,,,ASSISTANT,接待账号,福建省-厦门市,2026-09-11 11:22:47,6
39780,灯具,ZNWX-9082,CAS2-THQ80134-J,,,ASSISTANT,接待账号,福建省-厦门市,2025-06-23 21:12:57,0
39781,灯具,ZNWX-8484,CAT1-ZLJ80441-M,,,ASSISTANT,接待账号,福建省-厦门市,2026-07-10 13:39:00,0
39782,灯具,ZNWX-1990,CB-QZL80592-M,,,ASSISTANT,接待账号,福建省-厦门市,2026-07-20 15:10:06,0
39783,灯具,ZNWX-6099,CAS2-HJL80594-JS,,,ASSISTANT,接待账号,福建省-厦门市,2026-05-31 14:55:58,0
39784,灯具,ZNWX-2898,C01-068-ZLJ80441,,,ASSISTANT,接待账号,福建省-福州市,2026-09-08 21:38:33,0
40816,灯具,ZNWX-9026,Esther,,,ASSISTANT,接待账号,泰国,2024-07-05 16:17:56,0
40862,灯具,ZNWX-7427,CAT2 -LMY80892-J,,,ASSISTANT,接待账号,福建省-厦门市,2025-10-27 21:21:07,0
42068,灯具,ZNWX-6560,CBS4-PCL81361-JC,,,ASSISTANT,接待账号,福建省-厦门市,2025-10-17 19:19:09,0
42314,灯具,ZNWX-7226,CAS1-HuangGang-J,,,ASSISTANT,接待账号,福建省-厦门市,2024-11-18 22:46:59,0
42323,灯具,ZNWX-3733,魏述源,,,ASSISTANT,接待账号,福建省-福州市,2024-04-27 15:36:46,0
42326,灯具,ZNWX-1413,CAT3-XCB83997-Sub,,,ASSISTANT,接待账号,福建省-厦门市,2026-09-16 10:59:23,6
42327,灯具,ZNWX-8606,李长城,,,ASSISTANT,接待账号,福建省-厦门市,2024-09-27 15:31:44,0
42680,灯具,ZNWX-9886,CAS2-XL80167-M,,,ASSISTANT,接待账号,福建省-厦门市,2025-01-13 19:33:08,0
43022,灯具,ZNWX-3542,CAS2-WJL81462-J,,,ASSISTANT,接待账号,福建省-厦门市,2025-07-31 14:27:41,0
43037,灯具,ZNWX-2636,CAT3-WSM81431-JC,,,ASSISTANT,接待账号,福建省-厦门市,2026-07-23 10:25:46,0
43922,灯具,ZNWX-6485,CAS5-TL81505-J,,,ASSISTANT,接待账号,福建省-厦门市,2025-05-21 09:35:01,0
44503,灯具,ZNWX-8492,CAT2-YPX81578-JC,,,ASSISTANT,接待账号,福建省-厦门市,2026-09-07 09:27:25,0
44504,灯具,ZNWX-0353,CAT3-A-KY81573-M,,,ASSISTANT,接待账号,福建省-厦门市,2026-07-08 14:21:15,0
44505,灯具,ZNWX-4761,CAT4-LYH81560-JC,,,ASSISTANT,接待账号,曼谷-Si Lom,2026-07-25 15:21:22,0
44510,灯具,ZNWX-6366,CAT1-CXN81529-JC,,,ASSISTANT,接待账号,福建省-厦门市,2025-10-29 21:55:16,0
44512,灯具,ZNWX-2073,CAT1-ZYN81530-JC,,,ASSISTANT,接待账号,福建省-厦门市,2026-06-10 13:37:14,0
44537,灯具,ZNWX-5562,CBS4-LZH81576-JC,,,ASSISTANT,接待账号,,2025-07-14 09:04:42,0
44593,灯具,ZNWX-8054,CAS1-ZYT81547-J,,,ASSISTANT,接待账号,福建省-厦门市,2025-05-28 15:15:27,0
46377,灯具,ZNWX-9317,CAT4 -XBH81682-M,,,ASSISTANT,接待账号,福建省-厦门市,2026-07-03 09:02:20,0
46528,灯具,ZNWX-3121,CAT1-LJH81660-M,,,ASSISTANT,接待账号,广东-广州市,2026-08-08 20:58:38,0
46678,灯具,ZNWX-4195,CBT1-GYH81739-JC,,,ASSISTANT,接待账号,福建省-厦门市,2026-09-15 17:01:23,6
48106,灯具,ZNWX-3794,林岩,,,ASSISTANT,接待账号,福建省-厦门市,2024-10-06 09:13:30,0
48136,灯具,ZNWX-5006,CAT1-ZJQ81808-JS,,,ASSISTANT,接待账号,福建省-厦门市,2025-10-09 09:59:55,0
48137,灯具,ZNWX-7141,CAT2 -gyaopeng-J,,,ASSISTANT,接待账号,福建省-福州市,2024-11-25 00:21:37,0
48164,灯具,ZNWX-3015,CAL1-LP81806-JC,,,ASSISTANT,接待账号,,2026-04-01 16:43:17,0
48527,灯具,ZNWX-8005,CAT1-XQR81835-JC,,,ASSISTANT,接待账号,福建省-厦门市,2025-11-29 15:36:34,0
48802,灯具,ZNWX-1678,徐晓龙-CSA,,,ASSISTANT,接待账号,印度尼西亚,2024-11-05 10:43:46,0
49619,灯具,ZNWX-0312,Messhy-M,,,ASSISTANT,接待账号,Jakarta-West Jakarta,2026-09-16 09:20:29,0
49803,灯具,ZNWX-2059,CAT1-M yuzi J,,,ASSISTANT,接待账号,福建省-厦门市,2024-12-25 13:45:00,0
50004,灯具,ZNWX-7403,CAT2 -PHB81974-M,,,ASSISTANT,接待账号,福建省-Wenquan,2026-09-15 18:54:11,12
50017,灯具,ZNWX-7950,youguosheng,,,ASSISTANT,接待账号,福建省-厦门市,2024-12-07 22:54:01,0
50032,灯具,ZNWX-9737,CBS2-YCK81949-J,,,ASSISTANT,接待账号,福建省-厦门市,2025-10-31 16:11:27,0
50039,灯具,ZNWX-9929,CAT3-ZXZ81918-M,,,ASSISTANT,接待账号,福建省-厦门市,2026-08-19 22:58:45,0
50173,灯具,ZNWX-9612,CAT1-WZQ81975-J,,,ASSISTANT,接待账号,福建省-厦门市,2025-10-10 22:26:03,0
50857,灯具,ZNWX-9300,CAS1-WQY81930-JS,,,ASSISTANT,接待账号,福建省-厦门市,2025-08-21 19:19:01,0
51049,灯具,ZNWX-5308,CBS1-LWX81528-M,,,ASSISTANT,接待账号,福建省-福州市,2026-09-05 16:08:44,0
52023,灯具,ZNWX-7356,林煜龙,,,ASSISTANT,接待账号,,2024-09-20 17:06:58,0
52062,灯具,ZNWX-6659,CBS4-CZQ82043-JC,,,ASSISTANT,接待账号,福建省-厦门市,2025-07-12 08:56:13,0
52078,灯具,ZNWX-8737,CAL1-WZH82050-J,,,ASSISTANT,接待账号,福建省-厦门市,2025-05-28 15:41:43,0
52082,灯具,ZNWX-7662,CAL1-LYE82041-J,,,ASSISTANT,接待账号,福建省-厦门市,2025-03-28 15:31:36,0
52161,灯具,ZNWX-2280,CBS2-ZYC81798-JC,,,ASSISTANT,接待账号,,2026-03-28 14:49:19,0
52631,灯具,ZNWX-8928,CBS4-LT81936-JC,,,ASSISTANT,接待账号,福建省-厦门市,2025-07-29 20:44:29,0
53151,灯具,ZNWX-8206,CAS2-TPY82156-Sub,,,ASSISTANT,接待账号,福建省-厦门市,2025-09-03 14:21:14,0
54012,灯具,ZNWX-5732,CAS1-ZLL83403-JC,,,ASSISTANT,接待账号,福建省-厦门市,2026-02-23 17:06:40,0
54159,灯具,ZNWX-8212,CAT1-CWX82193-J,,,ASSISTANT,接待账号,福建省-厦门市,2025-05-20 10:32:31,0
54271,灯具,ZNWX-2199,CBS1-ZJ82203-JC,,,ASSISTANT,接待账号,福建省-厦门市,2026-03-31 13:56:51,0
54451,灯具,ZNWX-3771,CBS4-OLYFIA-CSO,,,ASSISTANT,接待账号,印度尼西亚,2025-03-28 08:55:27,17
54494,灯具,ZNWX-5119,CAS1-HGL82215-J,,,ASSISTANT,接待账号,福建省-厦门市,2025-05-01 17:33:36,0
54546,灯具,ZNWX-9633,CAL1-cjiajie-Sub,,,ASSISTANT,接待账号,福建省-厦门市,2024-11-23 15:49:48,0
54626,灯具,ZNWX-5198,CBS4-APRINI-CSO,,,ASSISTANT,接待账号,印度尼西亚,2025-05-30 08:55:21,17
54684,灯具,ZNWX-2545,CBS4-Ebietia-CSO,,,ASSISTANT,接待账号,Jakarta-雅加达,2026-04-30 16:56:35,17
54928,灯具,ZNWX-7800,CBS4-winona-CSO,,,ASSISTANT,接待账号,Jakarta-雅加达,2026-04-30 16:38:41,17
55930,灯具,ZNWX-5847,denglijiao,,,ASSISTANT,接待账号,福建省-厦门市,2024-12-25 16:55:25,0
55982,灯具,ZNWX-9837,CBS1-ZXW82300-J,,,ASSISTANT,接待账号,福建省-厦门市,2025-06-09 16:37:13,0
55994,灯具,ZNWX-9773,CAT1-ST82624-Sub,,,ASSISTANT,接待账号,波兰,2025-05-05 12:28:45,0
56321,灯具,ZNWX-5432,CAS1-ZS82299-JC,,,ASSISTANT,接待账号,福建省-厦门市,2026-06-29 16:05:21,0
56364,灯具,ZNWX-6041,CAS5-JAQ82320-J,,,ASSISTANT,接待账号,福建省-厦门市,2025-10-12 13:54:58,0
56941,灯具,ZNWX-2677,CAL3-ZP80362-M,,,ASSISTANT,接待账号,福建省-厦门市,2025-04-15 10:12:36,0
56942,灯具,ZNWX-2246,CAS3-Y huahong-M,,,ASSISTANT,接待账号,福建省-厦门市,2024-12-17 11:52:57,0
56943,灯具,ZNWX-9138,CAS2-HMX80927-M,,,ASSISTANT,接待账号,福建省-厦门市,2026-08-01 13:42:43,0
56944,灯具,ZNWX-2192,CAL3-CML80550-M,,,ASSISTANT,接待账号,福建省-厦门市,2025-09-04 18:38:01,0
56945,灯具,ZNWX-6800,CA/BH3-Jovilyn-CSO,,,ASSISTANT,接待账号,Metro Manila-马尼拉,2026-08-08 16:59:15,0
56946,灯具,ZNWX-8593,CAL3-WZC81101-J,,,ASSISTANT,接待账号,福建省-厦门市,2025-03-04 19:04:23,0
56947,灯具,ZNWX-8790,CAL3-WMJ81064-J,,,ASSISTANT,接待账号,福建省-厦门市,2025-03-04 15:12:09,0
56948,灯具,ZNWX-8728,CAL3-XQH81791-J,,,ASSISTANT,接待账号,福建省-厦门市,2025-04-13 23:19:07,0
56950,灯具,ZNWX-3844,CBS3-LYZ82175-J,,,ASSISTANT,接待账号,福建省-厦门市,2025-11-27 15:55:56,0
56951,灯具,ZNWX-3221,CAL3-WT82241-Sub,,,ASSISTANT,接待账号,福建省-厦门市,2025-04-13 23:21:05,0
56953,灯具,ZNWX-2745,CAS3-Z weifeng-J,,,ASSISTANT,接待账号,福建省-厦门市,2025-01-06 09:03:33,0
56954,灯具,ZNWX-9990,CAS3-Z xiaoqi-J,,,ASSISTANT,接待账号,福建省-厦门市,2025-01-03 13:46:55,0
56956,灯具,ZNWX-8580,CAS3-LYH81030-JC,,,ASSISTANT,接待账号,福建省-厦门市,2026-01-10 13:33:28,0
56957,灯具,ZNWX-5647,CBS3-CTY81298-M,,,ASSISTANT,接待账号,福建省-厦门市,2026-07-21 16:05:00,0
56958,灯具,ZNWX-3913,CAS2-HJW81497-JS,,,ASSISTANT,接待账号,福建省-厦门市,2025-11-21 09:05:04,0
56960,灯具,ZNWX-9895,CA/BH3-Lanz-CSO,,,ASSISTANT,接待账号,Metro Manila-马尼拉,2026-08-07 07:56:10,0
56962,灯具,ZNWX-2665,CAS3-CSB81845-JS,,,ASSISTANT,接待账号,福建省-厦门市,2026-07-11 11:51:25,0
56963,灯具,ZNWX-5501,CA/BH3-Emman-CSO,,,ASSISTANT,接待账号,Metro Manila-马尼拉,2026-08-08 07:47:10,0
56964,灯具,ZNWX-1785,CAS3-YHH82313-J,,,ASSISTANT,接待账号,福建省-厦门市,2025-10-07 13:26:48,0
56967,灯具,ZNWX-4964,CAS1-黄思荣-M,,,ASSISTANT,接待账号,,2024-11-21 15:08:53,0
56970,灯具,ZNWX-4351,CAS1-HSR80377-M,,,ASSISTANT,接待账号,福建省-厦门市,2026-04-15 10:42:16,0
57165,灯具,ZNWX-7235,CAT2-CZC82370-Sub,,,ASSISTANT,接待账号,福建省-厦门市,2025-05-30 13:30:42,0
57433,灯具,ZNWX-9001,CAL4-ZJH82351-J,,,ASSISTANT,接待账号,福建省-厦门市,2025-03-27 00:27:25,0
57638,灯具,phdj005,CAS2-FMY82345-JS,,,ASSISTANT,接待账号,福建省-厦门市,2026-08-05 09:55:38,0
58090,灯具,CAT3-zlonghe-sub,CAT3-ZLH82400-Sub,,,ASSISTANT,接待账号,福建省-厦门市,2025-01-19 09:59:12,0
58162,灯具,CAT3-fyihui-Sub,CAT3-FYH82401-Sub,,,ASSISTANT,接待账号,福建省-厦门市,2025-02-26 09:05:37,0
58250,灯具,L13459454072,CAS1-LW82406-Sub,+8613459454072,,ASSISTANT,接待账号,福建省-厦门市,2025-08-06 09:58:12,0
58728,灯具,ZNWX-9005,CAL5-RL82425-J,,,ASSISTANT,接待账号,,2025-05-27 15:06:05,0
60552,灯具,CAT3-LJM82487-J,CAT3-LJM82487-J,,,ASSISTANT,接待账号,福建省-厦门市,2025-02-18 09:10:05,0
61519,灯具,ZNWX-9006,CAL3-FPY82569-JS,,,ASSISTANT,接待账号,福建省-福州,2026-05-04 21:05:10,0
61598,灯具,ZNWX-0023,管培生,+8619973680443,1512391400@qq.com,ASSISTANT,接待账号,福建省-厦门市,2025-11-24 09:46:31,0
62184,灯具,ZNWX-0031,CAL3-WRR82619-JS,+8617639918456,,ASSISTANT,接待账号,福建省-厦门市,2026-01-24 15:48:13,0
62636,灯具,CAL3-LMT82680-J,CAL3-LMT82680-JS,+8615159075303,,ASSISTANT,接待账号,香港-,2025-06-10 14:06:51,0
62637,灯具,CAL3-ZJJ82663-J,CAL3-ZJJ82663-JS,+8618104467643,,ASSISTANT,接待账号,,2026-03-18 20:35:40,0
62710,灯具,ZNWX-0036,CBS4-LBB82657-JC,,,ASSISTANT,接待账号,福建省-Wenquan,2026-05-09 10:15:15,0
62973,灯具,CAL3-WZC81101-J,CAL3-WZC81101-JS,+8617859723536,,ASSISTANT,接待账号,福建省-厦门市,2025-09-16 14:49:48,0
63859,灯具,ZNWX-4561,CBS4-GXR82735-JC,+8613067310422,,ASSISTANT,接待账号,福建省-厦门市,2025-06-03 14:34:33,0
65491,灯具,ZNWX-0065,jerome-CSA,+8615659801027,,ASSISTANT,接待账号,菲律宾,2025-11-04 15:12:55,0
65540,灯具,ZNWX-0099,CAT3-DDX82845-JC,,,ASSISTANT,接待账号,福建省-厦门市,2026-06-26 16:02:27,0
65567,灯具,13030802319wmy,CAS1-ZJJ83073-JC,+8613030802319,,ASSISTANT,接待账号,,2026-03-28 13:31:56,0
65568,灯具,hongjueyu-82759,CAT1-HJY82759-JC,+8613806082917,,ASSISTANT,接待账号,福建省-Wenquan,2026-09-15 15:08:37,2
66449,灯具,ZXWX-8320,CBS2-ZXW-83200-JC,,,ASSISTANT,接待账号,福建省-厦门市,2026-05-18 09:35:07,0
66859,灯具,CAL4-LYH,CAL4-LYH82914-J,,,ASSISTANT,接待账号,福建省-厦门市,2025-08-25 11:44:11,0
67225,灯具,CAL3-ZY-SUB,CAL3-ZY-SUB,,,ASSISTANT,接待账号,福建省-厦门市,2025-06-25 23:08:11,0
67380,灯具,ZNWX-9043,CBS1-WSY82973-JC,,,ASSISTANT,接待账号,福建省-厦门市,2026-09-15 19:47:20,4
68300,灯具,ZNWX-0299,CAT3-A-WH85057-Sub,,,ASSISTANT,接待账号,福建省-福州市,2026-09-01 13:31:31,0
68412,灯具,ZNWX-3667,CBS3-YYF83059-JC,,,ASSISTANT,接待账号,福建省-厦门市,2026-05-25 15:06:17,0
68420,灯具,ZNWX-0143,CAT2-HSJ83058-JC,+8613599453641,,ASSISTANT,接待账号,福建省-厦门市,2026-07-31 17:10:56,0
68499,灯具,zhangjunjie,zhangjunjie,+8613799049626,,ASSISTANT,接待账号,福建省-厦门市,2025-08-05 22:26:44,0
68518,灯具,CAS2-CL83075,CAS2-CL83075,+8618859048856,,ASSISTANT,接待账号,福建省-厦门市,2025-06-14 17:03:37,0
68531,灯具,ZNWX-0145,CAS2-ZYY83077-J,+8619913881528,,ASSISTANT,接待账号,福建省-厦门市,2025-11-29 16:59:27,0
69193,灯具,CAL3XKY83097-SUB,CAS2-XKY83097-J,,,ASSISTANT,接待账号,福建省-厦门市,2025-12-11 15:58:32,0
69223,灯具,ZNWX-0130,CAT3-HZY82927-JC,,,ASSISTANT,接待账号,福建省-厦门市,2026-07-31 13:32:03,0
69378,灯具,ZNWX-0149,CAT3-A-LMX85214-J,,,ASSISTANT,接待账号,福建省-福州市,2026-08-13 20:01:27,0
69777,灯具,liuboming,CAT1-LBM83139-JC,+8613205002668,,ASSISTANT,接待账号,,2026-03-09 10:14:55,0
69787,灯具,ZNWX-1233,CAT3-CJH83161-JC,,,ASSISTANT,接待账号,福建省-厦门市,2026-07-15 14:12:17,0
70738,灯具,ZNWX-8327,CAT3-A-DLQ85236-Sub,,,ASSISTANT,接待账号,福建省-厦门市,2026-07-18 10:33:51,0
70801,灯具,zhongjiaquan123,CAT1-LHK83593-JC,,,ASSISTANT,接待账号,福建省-厦门市,2026-07-13 17:22:27,0
70808,灯具,ZNWX-0150,CAL1-LX83269-JC,,,ASSISTANT,接待账号,,2026-04-08 17:58:44,0
70810,灯具,ZNWX-0146,CAT4-CZQ83288-JC,+8615750911989,,ASSISTANT,接待账号,福建省-福州市,2026-08-26 14:36:31,0
70814,灯具,ZNWX-0147,CAT2-TWZ83287-JC,+8615377921653,,ASSISTANT,接待账号,福建省-福州市,2026-08-13 09:49:10,0
70850,灯具,ZNWX-0434,CBS2-XW-83712-JC,,,ASSISTANT,接待账号,福建省-厦门市,2026-08-05 13:31:43,0
71730,灯具,ZNWX-0154,CAS2-GDD83378-J,,,ASSISTANT,接待账号,福建省-厦门市,2025-11-29 16:16:01,0
71745,灯具,ZNWX-0106,CAT4-ZYT83386-JC,+8615359811229,,ASSISTANT,接待账号,广东-广州市,2026-08-12 03:05:03,0
72156,灯具,ZNWX-0156,CAT4-DWH83455-JC,+8617689291169,,ASSISTANT,接待账号,福建省-厦门市,2026-01-30 09:38:46,0
72323,灯具,ZNWX-0126,CAS2-LSY83459-sub,,,ASSISTANT,接待账号,福建省-厦门市,2026-01-30 10:10:21,0
72997,灯具,ZNWX-0209,CBS1-LMS835033-JC,+8613105971389,1852184775@qq.com,ASSISTANT,接待账号,福建省-Wenquan,2026-05-06 10:58:42,0
73165,灯具,ZNWX-0158,CBS4-SZY83525-JC,,,ASSISTANT,接待账号,福建省-厦门市,2025-11-29 09:03:20,0
73225,灯具,zhouwenrui,CAS3-ZWR83582-JC,+8618065873756,,ASSISTANT,接待账号,福建省-厦门市,2025-11-28 13:33:35,0
75311,灯具,ZNWX-0216,CAS3-SH83757-JC,,,ASSISTANT,接待账号,,2026-03-04 19:11:35,0
75520,灯具,xvting,CAL1-XT83767-JC,+8613655038122,,ASSISTANT,接待账号,福建省-厦门市,2026-01-24 11:29:59,0
75890,灯具,ZNWX-0558,CAT4-ZH83810-JC,,,ASSISTANT,接待账号,福建省-厦门市,2025-11-25 15:45:25,0
76317,灯具,huyanghong,CAT1-HYH83852-JC,,,ASSISTANT,接待账号,福建省-厦门市,2026-04-20 10:45:46,0
77660,灯具,hujiarong,CAT3-HJR83740-JC,+8617268232640,,ASSISTANT,接待账号,福建省-厦门市,2026-09-16 10:14:06,17
77896,灯具,wenmengzhu,CAS5-WMZ83670-J,+8615759067172,,ASSISTANT,接待账号,,2026-03-10 10:51:01,0
77897,灯具,tianxuan,CAS3-tx83763-JC,+8615059873891,,ASSISTANT,接待账号,福建省-厦门市,2025-12-02 12:50:49,0
78012,灯具,ZNWX-0559,CAT2-JZX84046-sub,+8613196962178,,ASSISTANT,接待账号,河南省-洛阳市,2026-01-22 19:46:50,0
78661,灯具,xvxiaoxuan,CAS3-XXX84068-JC,+8618760509606,,ASSISTANT,接待账号,福建省-厦门市,2026-01-12 00:46:38,0
78759,灯具,ZNWX-0562,CAT4-HJJ84083-JC,,,ASSISTANT,接待账号,福建省-厦门市,2026-01-30 17:31:39,0
78991,灯具,ZNWX-2566,CAT1-YWC-83994-Sub,+8613365972566,,ASSISTANT,接待账号,福建省-厦门市,2026-08-11 16:29:16,0
79064,灯具,CNWX-5272,CAT1-LHK83593-JC,+8619525135272,,ASSISTANT,接待账号,上海市-上海,2026-06-17 15:30:31,0
79447,灯具,ZNWX-1015,KIA-CSA,,,ASSISTANT,接待账号,Metro Manila-马尼拉,2026-08-25 09:28:16,0
79558,灯具,ZNWX-1005,XIAN-CSA,,,ASSISTANT,接待账号,曼谷-Samphanthawong,2026-09-15 16:28:50,0
79559,灯具,ZNWX-1007,CA/BH1-Alicha-CSO,,,ASSISTANT,接待账号,曼谷-曼谷,2026-09-14 21:50:50,39
79659,灯具,ZNWX-0568,CAT2-JZY84168-JC,,,ASSISTANT,接待账号,福建省-厦门市,2026-07-31 11:31:13,0
79837,灯具,ZNWX-0641,CAS1-HZQ84178-JC,+8618059253346,,ASSISTANT,接待账号,福建省-厦门市,2026-09-15 09:17:30,5
79935,灯具,ZNWX-1016,CA/BH1-Palm-CSO,,,ASSISTANT,接待账号,曼谷-曼谷,2026-09-15 13:58:42,39
79936,灯具,ZNWX-1019,CA/BH1-Woramet-CSO,,,ASSISTANT,接待账号,曼谷-曼谷,2026-06-30 22:00:09,39
80389,灯具,ZNWX-1023,CA/BH4-Hani-CSO,,,ASSISTANT,接待账号,,2026-04-01 16:36:09,17
80391,灯具,ZNWX-1025,CA/BH4-Rizkia-CSO,,,ASSISTANT,接待账号,,2026-04-02 08:45:46,17
80471,灯具,ZNWX-0217,CBS4-CWY83526-JC,,,ASSISTANT,接待账号,福建省-厦门市,2026-03-05 00:41:28,0
80658,灯具,ZNWX-1026,CA/BH3-Jan-CSO,,,ASSISTANT,接待账号,Metro Manila-马尼拉,2026-08-08 15:58:56,0
80840,灯具,ZNWX-0392,CAS2-YYT84238-JS,+8619859295212,,ASSISTANT,接待账号,广东-广州市,2026-07-15 21:41:30,0
80843,灯具,ZNWX-1164,CAL3-LYS84242-J,+8619385351164,,ASSISTANT,接待账号,福建省-厦门市,2026-02-27 15:21:04,0
80875,灯具,ZNWX-1030,CA/BH1-So-CSO,,,ASSISTANT,接待账号,曼谷-曼谷,2026-08-31 14:00:07,39
80876,灯具,ZNWX-1033,CA/BH3-Ken-CSO,,,ASSISTANT,接待账号,Metro Manila-马尼拉,2026-08-31 19:10:53,0
80877,灯具,ZNWX-1034,CA/BH3-Joshua-CSO,,,ASSISTANT,接待账号,Metro Manila-马尼拉,2026-08-10 15:47:48,0
81190,灯具,ZNWX-5056,CAS3-ZJJ82663-JC,+8615779665056,,ASSISTANT,接待账号,福建省-厦门市,2026-07-20 14:22:43,0
81309,灯具,ZNWX-0686,CAS2-ZYX82539-JS,+8618396079253,,ASSISTANT,接待账号,福建省-厦门市,2026-01-30 09:46:35,0
81336,灯具,ZNWX-6059,CAS1-WZP82543-JC,+8617605941143,,ASSISTANT,接待账号,福建省-厦门市,2026-09-16 09:06:51,6
81399,灯具,ZNWX-1036,CA/BH3-Kathleen-CSO,,,ASSISTANT,接待账号,Metro Manila-马尼拉,2026-08-10 11:57:44,0
82274,灯具,ZNWX-1075,CBS4-HGH84391-J,,,ASSISTANT,接待账号,福建省-厦门市,2025-12-15 18:37:47,0
83024,灯具,ZNWX-1038,CA/BH2-Dewi -CSO,,,ASSISTANT,接待账号,Jakarta-West Jakarta,2026-09-15 08:12:13,35
83470,灯具,ZNWX-4321,CBS4-XJY84446-JS,,,ASSISTANT,接待账号,,2026-03-07 10:56:10,0
83970,灯具,ZNWX-0617,CBS3-LJS82493-J,,,ASSISTANT,接待账号,福建省-厦门市,2026-02-01 16:07:53,0
84088,灯具,ZNWX-1039,CA/BH2-Farah-CSO,,,ASSISTANT,接待账号,Jakarta-West Jakarta,2026-09-16 11:28:58,35
84089,灯具,ZNWX-1040,CA/BH2-Dhea-CSO,,,ASSISTANT,接待账号,,2026-01-12 16:05:08,35
84091,灯具,ZNWX-1041,CA/BH2-Risalah-CSO,,,ASSISTANT,接待账号,Jakarta-West Jakarta,2026-09-15 16:14:31,35
85025,灯具,ZNWX-3189,ZCA1-LJW83345-JS,,,ASSISTANT,接待账号,福建省-福州,2026-05-04 21:04:52,0
85280,灯具,linyaochen,CAS2-LYC84573-JS,+8615532167307,,ASSISTANT,接待账号,福建省-厦门市,2026-06-23 09:32:14,0
85420,灯具,ZNWX-1166,客服负责人,,,ASSISTANT,接待账号,,2026-02-02 10:37:07,0
85427,灯具,ZNWX-0564,CAT4-YYB83325-JC,,,ASSISTANT,接待账号,福建省-厦门市,2026-02-27 09:57:17,0
85498,灯具,ZNWX-1192,CAS2-ZRY84014-JS,+8615959726135,,ASSISTANT,接待账号,,2026-04-11 17:03:09,0
85510,灯具,ZNWX-5197,ZNWX-5197,,,ASSISTANT,接待账号,福建省-厦门市,2026-02-26 15:53:30,0
85618,灯具,ZNWX-1215,ZNWX-1215,,,ASSISTANT,接待账号,,2026-02-04 09:50:01,0
85723,灯具,ZNWX-1082,CABH1-Priao-CSO,,,ASSISTANT,接待账号,素叻他尼府-Ko Pha Ngan,2026-05-05 12:04:33,39
85727,灯具,ZNWX-1354,CAT1-LKY82250-JC,,,ASSISTANT,接待账号,福建省-厦门市,2026-06-30 13:47:59,0
85753,灯具,ZNWX-1169,客服负责人：洪炜林,,,ASSISTANT,接待账号,福建省-厦门市,2026-08-19 10:23:13,0
87074,灯具,ZNWX-1620,CBT2-HCH84287-JC,,,ASSISTANT,接待账号,福建省-福州市,2026-09-08 14:00:22,2
87102,灯具,ZNWX-1506,CAS2-SYL84739-JC,+8613313993681,,ASSISTANT,接待账号,福建省-Wenquan,2026-09-16 09:42:41,2
87171,灯具,ZNWX-4390,CAT1-LJY84708-Sub,+8617683784390,,ASSISTANT,接待账号,福建省-厦门市,2026-09-16 09:32:38,8
87172,灯具,ZNWX-1355,CAS1-GJE84143-JC,+8618559289937,,ASSISTANT,接待账号,福建省-厦门市,2026-07-31 13:16:11,0
87173,灯具,ZNWX-2601,CAT1-FCN84731-JC,+8613709322601,,ASSISTANT,接待账号,福建省-厦门市,2026-07-06 14:05:36,0
87179,灯具,ZNWX-1356,CAS1-CNY84715-JC,+8613599257452,,ASSISTANT,接待账号,福建省-厦门市,2026-06-30 16:27:12,0
87281,灯具,ZNWX-2431,CBT1-CHD84174-JC,,,ASSISTANT,接待账号,福建省-福州市,2026-08-31 15:11:15,0
87343,灯具,ZNWX-1434,CCT2-WXY83233-JC,,,ASSISTANT,接待账号,福建省-厦门市,2026-07-28 13:31:29,0
87420,灯具,ZNWX-4512,CCT2-XY84760-JC,+8613806044657,ay366168@gmail.com,ASSISTANT,接待账号,福建省-厦门市,2026-08-21 10:42:02,0
87468,灯具,ZNWX-1239,CA/BH2-Pingki-CSO,,,ASSISTANT,接待账号,Jakarta-West Jakarta,2026-09-16 11:28:55,35
87547,灯具,ZNWX-4809,CBS2-ZAT-84809-JC,+8618960306057,,ASSISTANT,接待账号,福建省-厦门市,2026-06-29 08:53:52,0
87651,灯具,ZNWX-1440,CAS1-LB84823-JC,+8615727645870,,ASSISTANT,接待账号,福建省-厦门市,2026-06-01 11:56:49,0
87708,灯具,ZNWX-1509,CAS2-LHF84815-JS,+8618806063216,,ASSISTANT,接待账号,福建省-厦门市,2026-07-22 15:10:40,0
87995,灯具,ZNWX-1635,ZNWX-1635,+8615859920254,,ASSISTANT,接待账号,福建省-厦门市,2026-07-16 15:15:57,0
87997,灯具,ZNWX-1641,ZNWX-1641,+8618959451448,,ASSISTANT,接待账号,福建省-福州,2026-05-11 13:52:04,0
88034,灯具,ZNWX-1639,ZNWX-1639,,,ASSISTANT,接待账号,,2026-04-01 14:35:52,0
88127,灯具,ZNWX-1255,CAS3-ZH83922-J,,,ASSISTANT,接待账号,福建省-厦门市,2026-07-16 10:42:31,0
88128,灯具,ZNWX-1590,CAS3-LLB84892-sub,,,ASSISTANT,接待账号,福建省-厦门市,2026-07-13 13:33:07,0
88648,灯具,ZNWX-1515,CAS2-ZZJ84960-JS,+8618350114558,,ASSISTANT,接待账号,福建省-Wenquan,2026-06-04 09:14:20,0
88651,灯具,ZNWX-1516,CCS2-LKJ84887-JS,+8617758777669,,ASSISTANT,接待账号,福建省-厦门市,2026-07-21 10:25:07,0
88682,灯具,ZNWX-1441,CAS1-YYH84944-JC,+8617350788779,,ASSISTANT,接待账号,福建省-厦门市,2026-07-09 16:53:09,0
88932,灯具,ZNWX-5054,CAT2-LDF5054-J,+8615778508692,,ASSISTANT,接待账号,福建省-福州市,2026-09-07 15:29:53,0
89090,灯具,ZNWX-0575,ZNWX-0575,+8613338180575,,ASSISTANT,接待账号,,2026-04-01 17:44:40,0
89211,灯具,ZNWX-1665,CAH3-Kiarah-CSO,,,ASSISTANT,接待账号,Metro Manila-马尼拉,2026-08-04 20:24:19,23
89232,灯具,ZNWX-8508,CCT2-ZH85081-JC,+8616639404615,,ASSISTANT,接待账号,福建省-厦门市,2026-09-16 09:23:18,14
89341,灯具,ZNWX-1648,CAS3-ZJJ83073-J,,,ASSISTANT,接待账号,福建省-厦门市,2026-07-16 18:00:40,0
89342,灯具,ZNWX-1654,CAS3-WZX85139-Sub,,,ASSISTANT,接待账号,福建省-厦门市,2026-06-28 11:36:30,0
89343,灯具,ZNWX-1655,CAS3-LWM85101-Sub,,,ASSISTANT,接待账号,福建省-厦门市,2026-07-22 08:54:49,0
89405,灯具,ZNWX-1517,CAS2-ZJ82203-JS,+8613959079560,,ASSISTANT,接待账号,福建省-厦门市,2026-07-25 17:21:18,0
89652,灯具,ZNWX-8514,CCT2-ZSY85146-JC,+8615196954136,,ASSISTANT,接待账号,福建省-厦门市,2026-09-05 13:39:10,0
89738,灯具,ZNWX-1529,CAS2-LMM85155-JS,+8617730805059,,ASSISTANT,接待账号,福建省-厦门市,2026-04-20 18:26:05,0
90090,灯具,ZNWX-1365,CCT2-WQH85145-J,,,ASSISTANT,接待账号,福建省-厦门市,2026-07-28 14:55:15,0
90138,灯具,ZNWX-6707,CAT1-DBY85138-Sub,+8613960556707,,ASSISTANT,接待账号,福建省-福州市,2026-09-08 14:15:32,2
90228,灯具,ZNWX-1335,ZNWX-LYX1339,+8613395771869,,ASSISTANT,接待账号,福建省-厦门市,2026-05-10 12:21:32,0
90267,灯具,ZNWX-0571,CAT4-WP85183-JS,,,ASSISTANT,接待账号,,2026-04-12 13:32:04,0
90422,灯具,ZNWX-1609,CAH3-Allen-CSO,,,ASSISTANT,接待账号,Metro Manila-马尼拉,2026-08-10 17:42:53,0
90465,灯具,ZNWX-1439,ZNWX-1439,+8613313842716,,ASSISTANT,接待账号,福建省-厦门市,2026-05-06 14:02:38,0
91092,灯具,ZNWX-0592,CAT4-ZN85246-sub,,,ASSISTANT,接待账号,福建省-厦门市,2026-05-20 13:31:49,0
91731,灯具,ZNWX-7049,ZNWX-7049,+8613338397049,,ASSISTANT,接待账号,曼谷-曼谷,2026-06-11 17:28:06,0
91737,灯具,ZNWX-5188,CBS3-LAG85254-JS,,,ASSISTANT,接待账号,福建省-厦门市,2026-09-16 09:08:47,2
92121,灯具,ZNWX-5402,ZNWX-5402,+8618539553635,,ASSISTANT,接待账号,福建省-福州市,2026-08-17 14:39:20,0
92195,灯具,ZNWX-1720,CAA1-Xian-CSA,,,ASSISTANT,接待账号,曼谷-曼谷,2026-06-05 12:34:07,39
92196,灯具,ZNWX-1722,CAA1-Pang-CSO,,,ASSISTANT,接待账号,曼谷-曼谷,2026-09-15 21:57:19,39
93811,灯具,ZNWX-5354,管培生,,,ASSISTANT,接待账号,福建省-厦门市,2026-07-26 23:42:10,0
93820,灯具,ZNWX-1438,CAS1-YHY85625-JC,+8615980966195,,ASSISTANT,接待账号,福建省-厦门市,2026-09-04 15:59:02,0
93985,灯具,ZNWX-5189,UAH1-QZL80592-J,+8617338746913,,ASSISTANT,接待账号,福建省-厦门市,2026-07-21 09:23:47,0
94086,灯具,ZNWX-5257,CAS2-CJH80394-M,,,ASSISTANT,接待账号,福建省-Wenquan,2026-09-11 15:37:25,0
94110,灯具,ZNWX-5999,ZNWX-5999,+8615259335692,,ASSISTANT,接待账号,福建省-厦门市,2026-08-13 14:19:25,0
94200,灯具,ZNWX-5510,CBS4-LZH85244-JS,,,ASSISTANT,接待账号,福建省-厦门市,2026-06-23 15:54:40,0
94299,灯具,ZNWX-6408,CAT1-GJJ85589-Sub,+8618876416408,,ASSISTANT,接待账号,福建省-厦门市,2026-09-08 20:55:51,0
94396,灯具,ZNWX-4712,ZNWX-4712,,,ASSISTANT,接待账号,福建省-厦门市,2026-08-01 13:31:15,0
94398,灯具,ZNWX-1977,CAS2-WZX85139-JS,,,ASSISTANT,接待账号,福建省-厦门市,2026-09-16 10:23:45,2
94535,灯具,ZNWX-0654,CCT1-LXG85619-sub,,,ASSISTANT,接待账号,福建省-厦门市,2026-07-07 11:00:24,0
96360,灯具,ZNWX-5509,CCT2-CSY85460-JC,,,ASSISTANT,接待账号,福建省-厦门市,2026-07-29 15:01:53,0
96377,灯具,ZNWX-5283,HZY81818-储高,,,ASSISTANT,接待账号,福建省-厦门市,2026-09-07 14:05:15,0
96378,灯具,ZNWX-5284,CAT4-ZZY80990-M,,,ASSISTANT,接待账号,福建省-福州市,2026-09-01 10:39:59,0
96498,灯具,ZNWX-7713,ZNWX-7713,,,ASSISTANT,接待账号,福建省-福州市,2026-09-07 15:58:01,0
96500,灯具,ZNWX-7714,CAS2-CYH85196-J,,,ASSISTANT,接待账号,福建省-厦门市,2026-09-16 10:35:05,2
96647,灯具,ZNWX-1711,CBS3-ZYJ85958-JS,,,ASSISTANT,接待账号,福建省-厦门市,2026-07-23 16:28:23,0
96701,灯具,ZNWX-7717,ZNWX-7717,,,ASSISTANT,接待账号,福建省-厦门市,2026-07-10 13:32:18,0
97045,灯具,ZNWX-1127,CCT1-ZZF84704-J,,,ASSISTANT,接待账号,福建省-Wenquan,2026-09-16 11:29:04,3
97334,灯具,ZNWX-LMX,ZNWX-LMX,+8619896628096,,ASSISTANT,接待账号,福建省-福州市,2026-09-08 14:01:22,0
97533,灯具,ZNWX-5273,CAS1-YCJ86069-J,+8619859772857,,ASSISTANT,接待账号,福建省-厦门市,2026-09-16 08:59:24,2
97848,灯具,ZNWX-6309,CCS3-HYZ85409-JS,,,ASSISTANT,接待账号,福建省-厦门市,2026-08-01 10:53:24,0
98143,灯具,ZNWX-9931,ZNWX-9931,,,ASSISTANT,接待账号,福建省-福州市,2026-08-29 16:23:36,0
98459,灯具,DJZM-LTY,数据导出-兰天昱,,,ASSISTANT,接待账号,加州-聖荷西,2026-08-10 14:04:28,0
98645,灯具,ZNWX-86105,ZNWX-86105,+8618859085408,,ASSISTANT,接待账号,Kowloon-香港,2026-08-18 14:29:21,0
98680,灯具,ZNWX-5405,C部-AI店铺-M,,,ASSISTANT,接待账号,福建省-福州市,2026-09-10 10:01:44,0
98682,灯具,ZNWX-5406,C部-AI店铺-J,,,ASSISTANT,接待账号,福建省-福州市,2026-09-03 11:16:20,19
98742,灯具,ZNWX-2799,ZYR86110-J,,,ASSISTANT,接待账号,福建省-厦门市,2026-09-16 10:26:28,2
98743,灯具,ZNWX-2797,CBS2-YXF86111-J,,,ASSISTANT,接待账号,福建省-厦门市,2026-09-16 10:23:40,2
99985,灯具,ZNWX-5599,罗杰-AI模型训练师,,,ASSISTANT,接待账号,福建省-Wenquan,2026-09-14 20:44:29,0
11134,家具,ZNWX-0308,ZYG-80026-H,,,SUPER_ADMIN,接待账号,福建省-厦门市,2026-09-16 11:47:56,0
12132,家具,ZNWX-2274,AGS4-WY82096-JC,,,ASSISTANT,接待账号,福建省-福州,2026-07-18 17:02:46,0
16409,家具,ZNWX-7784,ACH5-ZRF80255-储高,+8617689455667,,ASSISTANT,接待账号,福建省-福州,2026-09-12 10:50:23,0
16415,家具,ZNWX-6706,AFH3-KY80300-储高,,,ASSISTANT,接待账号,福建省-厦门市,2026-09-05 01:03:10,0
24269,家具,ZNWX-2918,AAS5-WJK80553-J,,,ASSISTANT,接待账号,福建省-厦门市,2026-09-15 17:35:09,0
28100,家具,ZNWX-9596,AAH2-ZXX80023-M,,,ASSISTANT,接待账号,福建省-福州市,2026-08-22 10:19:02,0
28104,家具,ZNWX-4953,TAS4-LYX80027-储高,,,ASSISTANT,接待账号,福建省-厦门市,2026-09-07 11:43:22,0
28111,家具,ZNWX-0651,AAS1-XZX80472-M,,,ASSISTANT,接待账号,福建省-厦门市,2026-06-17 19:39:46,0
28116,家具,ZNWX-6127,ZTA1-ZYC80128-M,,,ASSISTANT,接待账号,加州-圣克拉拉,2026-08-08 16:19:12,0
28117,家具,ZNWX-0878,AFL2-HWX80433-M,,,ASSISTANT,接待账号,澳大利亚,2025-04-22 10:11:53,0
28138,家具,ZNWX-8841,AES1-ZL80109-储高,,,ASSISTANT,接待账号,福建省-厦门市,2026-09-05 00:21:41,0
28142,家具,ZNWX-3540,ACS2-ZGH80355-M,,,ASSISTANT,接待账号,福建省-厦门市,2026-06-25 11:48:32,0
28144,家具,ZNWX-6832,AGS5-WYX80486-M,,,ASSISTANT,接待账号,福建省-厦门市,2026-09-09 02:04:57,0
29184,家具,ZNWX-0193,LSJ80655-储高,,,ASSISTANT,接待账号,福建省-厦门市,2026-08-27 09:39:38,0
29261,家具,ZNWX-4537,AAS2-XJH80715-J,,,ASSISTANT,接待账号,福建省-福州,2026-06-30 09:53:58,0
29279,家具,ZNWX-8109,ADS1-LYL80587-JC,,,ASSISTANT,接待账号,福建省-厦门市,2025-12-11 09:44:49,0
30357,家具,ZNWX-9659,AAT2-LJQ80583-M,,,ASSISTANT,接待账号,美国,2025-07-06 21:10:01,0
30875,家具,ZNWX-6049,HTH80568-H,,,ASSISTANT,接待账号,福建省-厦门市,2026-05-06 17:12:44,0
31092,家具,ZNWX-9328,TET1-TYT80732-J,,,ASSISTANT,接待账号,福建省-厦门市,2026-07-14 16:38:07,0
32479,家具,ZNWX-3673,AFS3-C Mengyuan-M,,,ASSISTANT,接待账号,福建省-厦门市,2026-09-15 15:42:13,0
33236,家具,ZNWX-8199,TAS1-YJW80427-J,,,ASSISTANT,接待账号,福建省-厦门市,2026-09-16 10:31:15,2
34702,家具,ZNWX-1564,ASS1-CX81685-M,,,ASSISTANT,接待账号,福建省-厦门市,2026-07-22 09:10:39,0
35099,家具,ZNWX-0583,AAS4-LHJ80922-M,,,ASSISTANT,接待账号,福建省-厦门市,2026-09-14 14:00:30,0
35948,家具,ZNWX-3958,AAT1-CJJ80912-AI储高,,,ASSISTANT,接待账号,福建省-厦门市,2026-09-15 09:53:47,0
37290,家具,ZNWX-7966,ZAA2-SYL80749-M,,,ASSISTANT,接待账号,福建省-厦门市,2026-09-08 15:53:47,0
37308,家具,ZNWX-8041,AGS41-CHP81007-M,,,ASSISTANT,接待账号,福建省-厦门市,2025-12-01 20:25:10,0
38614,家具,ZNWX-5316,AAS3-WHB81083-M,,,ASSISTANT,接待账号,福建省-厦门市,2026-08-11 10:32:09,0
38640,家具,ZNWX-5098,AGT1-ZY81080-JS,,,ASSISTANT,接待账号,福建省-厦门市,2026-04-19 18:57:42,0
39675,家具,ZNWX-6068,AGT3-ZYH81563-M,,,ASSISTANT,接待账号,福建省-厦门市,2026-09-08 16:15:14,0
39678,家具,ZNWX-8501,TAT3-ZXL81151-J,+8619959517373,1625128000@qq.com,ASSISTANT,接待账号,,2026-03-07 01:57:33,0
40711,家具,ZNWX-3689,AGS5-CGQ81200-J,,,ASSISTANT,接待账号,福建省-厦门市,2026-09-15 17:57:11,0
40887,家具,ZNWX-1227,AAT1-LCH81207-M,,,ASSISTANT,接待账号,福建省-厦门市,2026-09-15 10:27:16,0
41040,家具,ZNWX-8934,AUS1-ZN80736-JC,,,ASSISTANT,接待账号,福建省-厦门市,2026-08-20 09:15:17,0
41126,家具,ZNWX-9838,TAS1-SMQ80973-M,,,ASSISTANT,接待账号,福建省-厦门市,2026-09-10 17:32:51,3
41132,家具,ZNWX-0532,AAH6-LL81269-J,,,ASSISTANT,接待账号,福建省-厦门市,2025-06-22 15:04:20,0
41152,家具,ZNWX-7065,ASS5-XCQ80937-M,,,ASSISTANT,接待账号,福建省-厦门市,2026-09-09 17:36:10,0
42183,家具,ZNWX-7125,ADS2-ZGM81356-M,,,ASSISTANT,接待账号,福建省-厦门市,2026-09-05 15:02:31,0
42234,家具,ZNWX-0039,AFS2-CZH81342-M,,,ASSISTANT,接待账号,福建省-厦门市,2026-09-09 00:47:28,0
42311,家具,ZNWX-4521,ZAA1-STT81340-M,,,ASSISTANT,接待账号,,2026-04-02 09:06:59,0
42367,家具,ZNWX-8533,AFT1-LHX81368-JS,,,ASSISTANT,接待账号,福建省-厦门市,2026-07-18 09:52:12,0
42823,家具,ZNWX-3301,AAS3-CYH81405-JC,,,ASSISTANT,接待账号,福建省-福州,2026-09-15 17:35:01,0
42877,家具,ZNWX-1638,TAS5-ZJunxin81344-M,,,ASSISTANT,接待账号,福建省-福州,2026-09-16 09:23:30,0
42942,家具,ZNWX-3266,AQS1-ZQK81422-JC,,,ASSISTANT,接待账号,福建省-厦门市,2026-09-16 09:27:46,0
42983,家具,ZNWX-6776,AGS1-ZHJ81466-J,,,ASSISTANT,接待账号,福建省-厦门市,2026-09-16 10:47:17,0
43068,家具,ZNWX-4383,AAT5-HHH81472-J,,,ASSISTANT,接待账号,福建省-厦门市,2026-06-15 16:49:39,0
43281,家具,ZNWX-4117,ASS4-XJB81461-M,,,ASSISTANT,接待账号,福建省-厦门市,2026-09-16 11:59:49,0
43606,家具,ZNWX-0104,yp17751788182,,,ASSISTANT,接待账号,福建省-厦门市,2024-11-11 21:35:54,0
43809,家具,ZNWX-4484,AFS4-HYH80329-M,,,ASSISTANT,接待账号,福建省-厦门市,2026-08-22 16:58:17,0
43856,家具,ZNWX-1114,ACH5-PHsheng-CSO,,,ASSISTANT,接待账号,Hanoi-河內市,2026-09-15 09:41:13,14
44305,家具,ZNWX-5934,ACH5-YJJ81564-M,,,ASSISTANT,接待账号,福建省-厦门市,2026-09-03 21:02:08,0
44322,家具,ZNWX-9140,ACS4-FJD81552-JC,,,ASSISTANT,接待账号,福建省-厦门市,2026-06-11 01:27:23,0
44555,家具,ZNWX-2687,AAS1-sai-CSO,,,ASSISTANT,接待账号,曼谷-Samphanthawong,2026-09-15 22:00:31,31
44559,家具,ZNWX-6591,AGS1-QJH80552-M,,,ASSISTANT,接待账号,Kowloon-香港,2026-09-11 15:31:55,0
44686,家具,ZNWX-7545,AAS3-HHN81109-M,,,ASSISTANT,接待账号,福建省-厦门市,2026-09-11 13:45:03,0
44785,家具,ZNWX-6130,TH-薛浩-NR,,,ASSISTANT,接待账号,泰国全通通信公众公司DTAC-GPRS-NET,2025-04-26 23:26:56,0
44791,家具,ZNWX-1567,AAS4-Amanda-CSO,,,ASSISTANT,接待账号,Jakarta-Kebon Jeruk,2026-09-16 10:43:17,34
44792,家具,ZNWX-0784,AAS4-Siti-CSO,,,ASSISTANT,接待账号,Jakarta-West Jakarta,2026-09-15 16:31:02,34
44793,家具,ZNWX-6616,AAH4-Winda-CSO,,,ASSISTANT,接待账号,Jakarta-雅加达,2026-05-26 11:41:54,29
44873,家具,ZNWX-5557,AFS1-lX81127-JS,,,ASSISTANT,接待账号,福建省-福州,2026-09-12 13:58:00,0
44944,家具,ZNWX-4492,APH4-Pipit-CSO,,,ASSISTANT,接待账号,Jakarta-West Jakarta,2026-09-15 22:18:29,17
45059,家具,ZNWX-4063,AFH4-Mely-CSO,,,ASSISTANT,接待账号,Jakarta-West Jakarta,2026-09-16 08:50:08,35
45061,家具,ZNWX-6489,AGH4-Sonia-CSO,,,ASSISTANT,接待账号,Jakarta-Kebon Jeruk,2026-09-16 11:05:08,39
45062,家具,ZNWX-4275,海外Xxiaolong-CSO,,,ASSISTANT,接待账号,印度尼西亚,2024-11-05 10:47:48,0
45069,家具,ZNWX-8288,AGH2-Belnia-CSO,,,ASSISTANT,接待账号,Jakarta-North Jakarta,2026-09-16 08:28:28,39
45236,家具,ZNWX-2235,AAT4-Puri-CSO,,,ASSISTANT,接待账号,Jakarta-雅加达,2026-09-14 16:43:59,14
45287,家具,ZNWX-7955,AAS1-Aye-CSO,,,ASSISTANT,接待账号,曼谷-Samphanthawong,2026-09-16 09:24:20,31
45288,家具,ZNWX-5194,APH1-kik-CSO,,,ASSISTANT,接待账号,羅勇府-羅勇市,2026-06-17 16:40:21,36
45364,家具,ZNWX-4485,AST2-ZFY81625-M,,,ASSISTANT,接待账号,福建省-福州,2026-09-12 14:55:24,0
45488,家具,ZNWX-7932,AES5-LSQchun-CSO,,,ASSISTANT,接待账号,,2026-02-26 17:15:40,0
45547,家具,ZNWX-5447,APH5-YCheng-CSO,,,ASSISTANT,接待账号,Hanoi-河內市,2026-09-15 08:22:59,20
46430,家具,ZNWX-0538,ZAA2-CBQ81686-J,,,ASSISTANT,接待账号,福建省-厦门市,2026-03-30 16:25:21,0
46778,家具,ZNWX-6480,AQS41-HYL81306-JS,,,ASSISTANT,接待账号,福建省-福州,2026-09-15 20:22:58,0
46791,家具,ZNWX-0726,AFS1-ZJY81204-M,,,ASSISTANT,接待账号,福建省-厦门市,2026-09-11 10:14:19,0
46793,家具,ZNWX-6336,AAS3-WQ81124-JC,,,ASSISTANT,接待账号,福建省-福州,2026-04-30 15:03:05,0
46855,家具,ZNWX-2239,TAS2-CMY81690-J,,,ASSISTANT,接待账号,福建省-厦门市,2026-09-15 20:01:53,0
46858,家具,ZNWX-5505,AAS1-HZE81643-M,,,ASSISTANT,接待账号,福建省-厦门市,2026-09-15 17:15:36,0
47734,家具,ZNWX-9389,ACS1-LBY80307-M,,,ASSISTANT,接待账号,福建省-厦门市,2025-12-26 11:31:04,0
48070,家具,ZNWX-7377,ASS2-CYT81814-M,,,ASSISTANT,接待账号,福建省-福州,2026-06-25 23:06:30,0
48086,家具,ZNWX-7635,AAT3-LY81805-M,,,ASSISTANT,接待账号,福建省-厦门市,2026-01-27 14:53:11,0
48094,家具,ZNWX-6938,AAT1-LYL81789-M,,,ASSISTANT,接待账号,福建省-福州,2026-06-12 14:04:38,0
48273,家具,ZNWX-4451,ZAF5-LWH81773-JS,,,ASSISTANT,接待账号,福建省-福州,2026-05-22 17:39:28,0
48347,家具,ZNWX-1131,AAH6-CJY81956-J,,,ASSISTANT,接待账号,福建省-厦门市,2025-04-10 13:01:07,0
48502,家具,ZNWX-6218,ACS1-LKN81819-JC,,,ASSISTANT,接待账号,福建省-厦门市,2026-09-12 17:07:06,0
48508,家具,ZNWX-3347,ACS1-OCY81787-JC,,,ASSISTANT,接待账号,福建省-厦门市,2025-09-09 01:46:31,0
48800,家具,ZNWX-1453,AAS41-ZZJ-81310-M,,,ASSISTANT,接待账号,福建省-厦门市,2026-09-10 16:02:10,0
48806,家具,ZNWX-3959,AAH1-mook-CSO,,,ASSISTANT,接待账号,泰国,2025-02-12 14:05:41,0
48922,家具,ZNWX-1281,APH1-Jeed-CSA,,,ASSISTANT,接待账号,曼谷-Samphanthawong,2026-09-15 16:42:17,0
49240,家具,ZNWX-4747,ZAA1-ZFY81645-JC,,,ASSISTANT,接待账号,福建省-厦门市,2026-04-01 15:00:33,0
49909,家具,ZNWX-3734,AAH5-RYshu-CSO,,,ASSISTANT,接待账号,Hanoi-河內市,2026-09-16 12:32:49,28
49981,家具,ZNWX-0432,TAS3-LYT81903-M,,,ASSISTANT,接待账号,福建省-厦门市,2026-09-10 15:33:52,0
50057,家具,ZNWX-2392,AET2-HZC81901-J,,,ASSISTANT,接待账号,福建省-厦门市,2025-06-16 17:01:42,0
50058,家具,ZNWX-6301,AAS4-WY81941-JS,,,ASSISTANT,接待账号,福建省-厦门市,2026-09-16 13:04:58,0
50059,家具,ZNWX-1776,ACT3-PXY81953-JS,,,ASSISTANT,接待账号,北海道-札幌市,2026-08-13 11:41:07,0
50069,家具,ZNWX-4334,AFT4-LYT81897-M,,,ASSISTANT,接待账号,福建省-厦门市,2026-08-22 14:55:27,0
50154,家具,ZNWX-4946,ZAB1-ZJJ81939-M,,,ASSISTANT,接待账号,福建省-厦门市,2026-09-08 16:06:35,0
50176,家具,ZNWX-9876,AFT3-LZH81966-JS,,,ASSISTANT,接待账号,福建省-福州,2026-09-16 09:51:41,0
50211,家具,ZNWX-3651,TAS1-XYS81071-M,,,ASSISTANT,接待账号,福建省-厦门市,2026-07-13 16:27:06,0
50553,家具,ZNWX-0276,ASS4-LXY81898-JC,,,ASSISTANT,接待账号,福建省-厦门市,2026-03-11 13:42:26,0
51067,家具,ZNWX-4924,AAS2-WD81947-M,,,ASSISTANT,接待账号,福建省-厦门市,2026-09-12 11:02:10,0
51176,家具,ZNWX-7622,AAH5-Dguirong-CSO,,,ASSISTANT,接待账号,Hanoi-河內市,2026-09-16 12:31:35,0
52016,家具,ZNWX-0632,AAH6-Dkaixiong-J,,,ASSISTANT,接待账号,福建省-厦门市,2024-12-01 13:17:56,0
52256,家具,ZNWX-6168,TAL2-LQX82089-M,,,ASSISTANT,接待账号,福建省-厦门市,2026-02-13 11:01:11,0
52618,家具,ZNWX-0098,AGS1-LWC85721-Sub,,,ASSISTANT,接待账号,福建省-厦门市,2026-07-13 16:22:23,0
52620,家具,ZNWX-9844,ZAC1-CWY81508-M,,,ASSISTANT,接待账号,福建省-厦门市,2026-09-10 10:46:43,0
53149,家具,ZNWX-6987,AAH1-cjiazhen-Sub,,,ASSISTANT,接待账号,福建省-厦门市,2024-11-08 15:15:13,0
53227,家具,ZNWX-9149,AGT1-LX82161-JS,,,ASSISTANT,接待账号,福建省-厦门市,2026-02-02 10:19:15,0
53388,家具,ZNWX-8635,AFT1-LQH82162-M,,,ASSISTANT,接待账号,福建省-厦门市,2026-09-09 01:14:50,0
53551,家具,ZNWX-9141,ZAA3-ZHX82168-JC,,,ASSISTANT,接待账号,,2026-04-01 15:34:03,0
53558,家具,ZNWX-2241,ZQY80791-BP,,,ASSISTANT,接待账号,福建省-厦门市,2025-01-13 14:26:35,0
53710,家具,ZNWX-6343,ABS3-LGQ80539-M,,,ASSISTANT,接待账号,福建省-福州,2026-09-16 10:18:07,0
53713,家具,ZNWX-8328,ZAA1-JSW81097-JC,,,ASSISTANT,接待账号,福建省-厦门市,2026-05-17 20:10:36,0
54161,家具,ZNWX-5300,ACS3-WY82187-M,,,ASSISTANT,接待账号,福建省-厦门市,2026-09-15 14:52:19,0
54208,家具,ZNWX-8240,AGT1-LJS82218-JS,+8617605975176,,ASSISTANT,接待账号,福建省-厦门市,2026-09-08 20:13:06,0
54266,家具,ZNWX-0776,AAL2-ZYP82191-J,,,ASSISTANT,接待账号,福建省-厦门市,2025-06-28 17:23:18,0
54369,家具,ZNWX-7069,ACH1-WZX82204-M,,,ASSISTANT,接待账号,福建省-厦门市,2026-09-08 15:28:23,0
54465,家具,ZNWX-1801,ZAA1-HWH82206-JC,,,ASSISTANT,接待账号,福建省-厦门市,2026-04-03 15:38:33,0
54487,家具,ZNWX-6845,ACS1-LX82189-JC,,,ASSISTANT,接待账号,福建省-厦门市,2026-09-14 09:11:14,0
54516,家具,ZNWX-6044,AAH6-CKH82185-J,,,ASSISTANT,接待账号,福建省-厦门市,2025-04-17 19:46:44,0
54556,家具,ZNWX-8638,AGS1-WYL82125-JS,,,ASSISTANT,接待账号,福建省-厦门市,2026-09-14 15:31:02,0
55186,家具,ZNWX-9425,ACH3-ZJC81082-M,,,ASSISTANT,接待账号,福建省-厦门市,2025-11-15 09:28:09,0
55187,家具,ZNWX-9716,ACS3-XPH82223-JS,,,ASSISTANT,接待账号,福建省-福州,2026-04-28 09:30:01,0
55208,家具,ZNWX-8847,TET1-CZ82258-M,,,ASSISTANT,接待账号,福建省-福州,2026-09-16 10:24:44,0
55507,家具,ZNWX-2130,TBS1-TL80540-JS,,,ASSISTANT,接待账号,福建省-福州,2026-05-04 11:25:09,0
55672,家具,ZNWX-0186,陈威宏-CSS,,,ASSISTANT,接待账号,福建省-厦门市,2024-12-16 11:19:54,0
55752,家具,ZNWX-0116,AAH4-Imelda-M,,,ASSISTANT,接待账号,Jakarta-West Jakarta,2026-09-16 08:49:40,0
55806,家具,ZNWX-6020,AFS4-Tedy-CSO,,,ASSISTANT,接待账号,,2026-03-17 17:17:07,0
55925,家具,ZNWX-1475,AGS5-XMT82286-J,,,ASSISTANT,接待账号,福建省-厦门市,2026-09-14 15:09:18,0
55935,家具,ZNWX-9526,ASS2-LYT82306-M,,,ASSISTANT,接待账号,福建省-厦门市,2026-09-16 13:01:11,0
56328,家具,ZNWX-9649,ZAF5-LHH81704-M,,,ASSISTANT,接待账号,福建省-厦门市,2026-08-13 09:25:53,0
57284,家具,ZNWX-1128,ACS3-FJ82372-JS,,,ASSISTANT,接待账号,福建省-厦门市,2026-09-12 14:19:02,0
57386,家具,ZNWX-1456,AAT2-FSH82349-M,+8615716053818,,ASSISTANT,接待账号,福建省-厦门市,2026-09-09 01:35:15,0
57505,家具,ZNWX-1213,ABS3-HB82338-JC,+8613850221006,,ASSISTANT,接待账号,福建省-厦门市,2026-02-26 15:33:47,0
57557,家具,ZNWX-1203,APH3-Katrina-CSO,,,ASSISTANT,接待账号,Metro Manila-马尼拉,2026-09-15 15:57:54,40
57565,家具,ZNWX-4012,AAH3-TL-CSA,,,ASSISTANT,接待账号,Metro Manila-马尼拉,2026-09-16 12:50:03,0
57576,家具,ZNWX-5012,AAS1-Gift-CSO,,,ASSISTANT,接待账号,曼谷-Samphanthawong,2026-09-15 14:00:15,31
57778,家具,ZNWX-4756,AFS5-LKB82350-JS,,,ASSISTANT,接待账号,,2026-02-19 15:08:31,0
57814,家具,ZNWX-1209,AAH3-Kia-CSO,,,ASSISTANT,接待账号,菲律宾,2025-08-17 14:16:33,0
58192,家具,ZNWX-7371,ACT4-YR82399-JC,,,ASSISTANT,接待账号,福建省-福州,2026-06-10 09:30:17,0
58317,家具,ZSPZ-WYX,ZSPZ-WYX,,,ASSISTANT,接待账号,福建省-厦门市,2026-08-13 15:00:29,0
58318,家具,ZSPZ-LGQ,ZSPZ-LGQ,,,ASSISTANT,接待账号,福建省-厦门市,2025-01-21 21:02:39,0
58319,家具,ZSPZ-LSJ,ZSPZ-LSJ,,,ASSISTANT,接待账号,福建省-厦门市,2025-02-20 19:44:19,0
58689,家具,ZNWX-2127,ABL1-XSS82444-JC,,,ASSISTANT,接待账号,福建省-厦门市,2025-11-29 09:27:05,0
58701,家具,ZNWX-4551,AGS2-LXD82423-M,+8613055514551,931528264@qq.com,ASSISTANT,接待账号,福建省-厦门市,2026-09-14 14:55:20,0
58788,家具,ZNWX-1228,AAH3-MICA-CSO,,,ASSISTANT,接待账号,Metro Manila-马尼拉,2026-09-15 15:51:30,39
58839,家具,ZNWX-5883,AFH4-ZSY82420-JC,+8613083725883,,ASSISTANT,接待账号,福建省-厦门市,2025-12-31 11:52:16,0
59018,家具,ZNWX-1792,AAT3-ZW81224-M,+8618850881807,,ASSISTANT,接待账号,福建省-厦门市,2026-05-27 09:50:28,0
59323,家具,ZNWX-250108,ZAA2-XSY82454-J,+8618779717287,206387759@qq.com,ASSISTANT,接待账号,福建省-Xinglin,2026-04-29 11:45:15,0
59381,家具,ZNWX-0109,AAH6-LXL80177-M,,,ASSISTANT,接待账号,福建省-厦门市,2025-04-07 14:07:41,0
59388,家具,linpeihao,AAS3-LPH82431-JC,+8615960068162,,ASSISTANT,接待账号,福建省-厦门市,2026-02-23 14:37:44,0
59487,家具,ZNWX-0111,ABT4-CJX82418-M,+8617606064269,,ASSISTANT,接待账号,福建省-福州,2026-09-14 13:48:31,0
59682,家具,ZSPZ-LSJ-2,ZSPZ-LSJ-2,,,ASSISTANT,接待账号,福建省-厦门市,2025-01-19 19:45:14,0
59683,家具,ZSPZ-QJH,ZSPZ-QJH,,,ASSISTANT,接待账号,福建省-厦门市,2025-01-22 18:48:38,0
59685,家具,ZSPS-ZXX,ZSPS-ZXX,,,ASSISTANT,接待账号,福建省-厦门市,2025-05-15 15:31:34,0
59686,家具,ZSPZ-ZGH,ZSPZ-ZGH,,,ASSISTANT,接待账号,福建省-福州,2026-05-06 16:42:03,0
59688,家具,ZSPZ-KY,ZSPZ-KY,,,ASSISTANT,接待账号,福建省-厦门市,2025-08-02 12:09:38,0
59927,家具,ZSPZ-ZL,ZSPZ-ZL,,,ASSISTANT,接待账号,福建省-厦门市,2026-01-17 15:55:50,0
59928,家具,ZSPZ-HYH,ZSPZ-HYH,,,ASSISTANT,接待账号,福建省-厦门市,2025-01-23 17:21:53,0
59951,家具,ZSPZ-LXL,ZSPZ-LXL,,,ASSISTANT,接待账号,福建省-厦门市,2025-04-24 16:03:00,0
59955,家具,ZSPZ-ZW,ZSPZ-ZW,,,ASSISTANT,接待账号,福建省-厦门市,2025-01-21 17:05:40,0
59959,家具,ZSPZ-XZX,ZSPZ-XZX,,,ASSISTANT,接待账号,福建省-厦门市,2026-01-06 19:26:43,0
59986,家具,ZSPZ-ZYC,ZSPZ-ZYC,,,ASSISTANT,接待账号,福建省-厦门市,2026-03-05 16:17:07,0
59987,家具,ZSPZ-LYL,ZSPZ-LYL,,,ASSISTANT,接待账号,福建省-厦门市,2025-02-12 11:38:19,0
59992,家具,ZSPZ-HWX,ZSPZ-HWX,,,ASSISTANT,接待账号,澳大利亚,2025-02-07 22:20:37,0
60382,家具,ZNWX-3564,ACS4-HYT82477-JC,,,ASSISTANT,接待账号,福建省-厦门市,2026-07-29 17:05:04,0
60444,家具,ZNWX-6642,AAT2-ZY82482-M,,,ASSISTANT,接待账号,福建省-厦门市,2026-09-08 18:07:22,0
60543,家具,ZNWX-0210,AAT4-Desyana-CSO,,,ASSISTANT,接待账号,Jakarta-Kebon Jeruk,2026-09-16 09:03:03,14
61068,家具,ZNWX-2019,AGH3-Marj-CSA,,,ASSISTANT,接待账号,Metro Manila-马尼拉,2026-09-16 12:39:55,0
61478,家具,ZNWX-Ma,AGH3-MOJICA-CSO,,,ASSISTANT,接待账号,Metro Manila-马尼拉,2026-07-07 16:31:57,38
61480,家具,ZNWX-0224,AGS2-YRP82570-JC,+8618760663708,,ASSISTANT,接待账号,福建省-福州,2026-09-15 11:40:11,0
61520,家具,ZNWX-0225,TAS3-CYJ82582-JS,,,ASSISTANT,接待账号,福建省-厦门市,2026-08-25 17:52:29,0
61587,家具,ZNWX-0228,TAS4-ZGJ82600-JC,,,ASSISTANT,接待账号,福建省-厦门市,2026-09-04 18:31:44,0
61606,家具,ZNWX-0232,ABT1-WMY82607-JS,+8613960128578,,ASSISTANT,接待账号,福建省-福州,2026-05-29 03:03:01,0
61607,家具,ZNWX-0233,AGT2-LZQ82558-M,+8615280289381,,ASSISTANT,接待账号,福建省-厦门市,2026-09-09 00:25:47,0
61632,家具,ZNWX-0223,AAS2-HXL82574-J,,,ASSISTANT,接待账号,福建省-厦门市,2026-09-16 10:28:08,0
61695,家具,ZNWX-2584,AGS3-XYH82584-M,+8615060642477,,ASSISTANT,接待账号,福建省-厦门市,2026-09-16 11:29:32,0
61702,家具,ZNWX-0234,AAS4-WYW82611-JC,,,ASSISTANT,接待账号,福建省-厦门市,2026-09-16 12:51:55,0
61735,家具,ZNWX-250226,AAS3-LXY82515-CSC,+8618149634148,1246808779@qq.com,ASSISTANT,接待账号,福建省-厦门市,2025-05-03 13:32:09,0
61827,家具,ZNWX-0208,AQS2-LMM82612-J,,,ASSISTANT,接待账号,福建省-福州,2026-05-04 16:54:18,0
62047,家具,ZNWX-6925,AGS5-HYH82625-J,+8613559666925,,ASSISTANT,接待账号,福建省-厦门市,2026-07-02 13:49:53,0
62049,家具,Chenjunqi,AAS5-CJQ82588-M,+8613850590205,,ASSISTANT,接待账号,福建省-厦门市,2026-09-07 06:05:31,0
62069,家具,ZNWX-0303,ZAC1-YYL82623-JC,+8615880676211,,ASSISTANT,接待账号,福建省-厦门市,2026-08-08 21:34:48,0
62192,家具,AFT1-CWJ82627-S,ABT1-CWJ82627-JS,+8618859436103,,ASSISTANT,接待账号,,2026-04-17 09:15:11,0
62268,家具,ZNWX-7355,ACT2-KG82529-JS,,,ASSISTANT,接待账号,福建省-福州,2026-04-15 14:31:44,0
62596,家具,ZNWX-0237,AFT1-HCW82520-JS,+8617710123084,,ASSISTANT,接待账号,,2026-03-24 15:31:49,0
62598,家具,ZNWX-0238,AFT5-LJ83043-J,+8618013852124,,ASSISTANT,接待账号,福建省-厦门市,2025-09-20 09:54:25,0
62613,家具,ZWWX-WYQ0310-J,AAL3-WYQ80310-J,+8618787454705,1041834894@qq.com,ASSISTANT,接待账号,福建省-厦门市,2025-06-12 23:00:40,0
62625,家具,ZNWX-5905,AFS4-HXE82676-JC,,,ASSISTANT,接待账号,加州-洛杉矶,2026-07-30 13:32:42,0
62633,家具,ZNWX-5120,AGS41-ZZZ82531-M,+8615790195502,,ASSISTANT,接待账号,福建省-厦门市,2026-07-21 11:00:55,0
62684,家具,ZNWX-2655,AFS3-LYX-82655-J,+8618720053091,,ASSISTANT,接待账号,福建省-厦门市,2025-10-15 16:19:49,0
62694,家具,ZNWX-0239,AAS4-QY82683-JC,,,ASSISTANT,接待账号,福建省-厦门市,2026-09-09 01:08:09,0
62781,家具,ZNWX-0240,AAT3-LLH82691-JC,+8613459813298,,ASSISTANT,接待账号,福建省-厦门市,2026-09-07 13:54:08,0
62787,家具,ZNWX-0241,APH2-Alya-CSO,,,ASSISTANT,接待账号,Jakarta-Kebon Jeruk,2026-09-16 08:40:11,16
62812,家具,ZNWX-2294,AFL3-YR82294-JC,,,ASSISTANT,接待账号,福建省-厦门市,2025-12-31 11:42:01,0
63215,家具,Priew-cso,AAS1-Priao-CSO,,,ASSISTANT,接待账号,羅勇府-羅勇市,2026-06-16 12:47:14,31
63771,家具,ZNWX-0243,AAH6-WCW82717-J,,,ASSISTANT,接待账号,,2025-09-09 14:23:12,0
63787,家具,ZNWX-0244,AAL1-PFC0244-JS,,,ASSISTANT,接待账号,福建省-厦门市,2025-11-27 14:11:01,0
63863,家具,ZNWX-0245,TET1-LJJ83112-JS,,,ASSISTANT,接待账号,福建省-厦门市,2026-09-16 13:04:32,0
63865,家具,ZNWX-0246,TAS1-CYX82739-JS,,,ASSISTANT,接待账号,,2026-03-09 09:40:18,0
63875,家具,ZNWX-1925,ABS3-SJ82713-JS,+8618671401551,,ASSISTANT,接待账号,,2026-03-31 09:12:37,0
64052,家具,ZNWX-0247,AAH6-SYT82510-J,,,ASSISTANT,接待账号,福建省-厦门市,2025-04-08 17:18:42,0
64136,家具,ZNWX-9240,ACT2-YCF82653-JS,,,ASSISTANT,接待账号,福建省-厦门市,2026-07-30 10:53:12,0
64163,家具,ZNWX-0254,AQS5-ZXM82473-JC,+8618659121264,2358302808@qq.com,ASSISTANT,接待账号,福建省-厦门市,2026-09-16 09:44:38,5
64178,家具,ZNWX-3687,ACS1-HYL82715-JC,,,ASSISTANT,接待账号,福建省-福州,2026-05-26 13:36:53,0
64182,家具,ZNWX-82508,ZTA1-XSS82508-J,,,ASSISTANT,接待账号,,2026-03-12 16:53:05,0
64239,家具,ZNWX-3878,AFS5-ZJ-82685-M,+8618714883878,1157846821@qq.com,ASSISTANT,接待账号,福建省-厦门市,2026-07-17 19:36:41,0
64337,家具,ZNWX-tedy,ACT2-tedy-CSA,,,ASSISTANT,接待账号,Jakarta-雅加达,2026-05-23 10:01:42,0
64418,家具,ZNWX-0250,AGT2-HGY80952-JS,+8615506971998,,ASSISTANT,接待账号,福建省-厦门市,2026-08-15 17:50:46,0
64439,家具,Yangwenkang,ADS1-YWK82491-M,+8615392380183,,ASSISTANT,接待账号,福建省-厦门市,2026-06-24 09:13:45,0
64583,家具,ZNWX-1165,AAH2-Nurimah-CSO,,,ASSISTANT,接待账号,Jakarta-雅加达,2026-09-15 22:31:22,42
64820,家具,ZNWX-9645,ZAC3-PWJ82792-J,,,ASSISTANT,接待账号,,2026-04-06 17:34:17,0
64971,家具,ZNWX-0101,TAT4-LXX82748-M,,,ASSISTANT,接待账号,福建省-厦门市,2026-09-11 13:44:41,0
65032,家具,ZNWX-5652,ACS2-LXR82795-JC,+8618859671928,,ASSISTANT,接待账号,弗吉尼亚州-Ashburn,2026-06-13 11:04:39,0
65056,家具,ZNWX-8666,ZAA1-WJ82799-JC,+8613963168666,,ASSISTANT,接待账号,,2026-04-01 13:42:00,0
65164,家具,ZNWX-5521,TAH4- Audrey-CSO,,,ASSISTANT,接待账号,Jakarta-North Jakarta,2026-09-16 11:57:23,22
65456,家具,ZNWX-2841,AGS2-BLT82841-M,+8619834093427,2642384943@qq.com,ASSISTANT,接待账号,福建省-福州,2026-05-28 10:06:20,0
65471,家具,ZNWX-0263,TAS4-HCL82821-JC,+8615355934328,632970173@qq.com,ASSISTANT,接待账号,福建省-厦门市,2026-09-04 17:12:55,0
65534,家具,ZNWX-2987,ASS1-QCY82854-M,+8613337639799,,ASSISTANT,接待账号,福建省-厦门市,2026-07-06 18:04:38,0
65572,家具,ZNWX-2126,ABS4-PYL82868-JC,+8618100578081,,ASSISTANT,接待账号,福建省-厦门市,2025-12-31 15:50:16,0
65626,家具,ZNWX-0260,TBT1-CY82844-M,,,ASSISTANT,接待账号,福建省-福州,2026-09-15 14:00:41,0
65640,家具,ZNWX-0264,AFS5-ZXH82861-J,+8615080506852,,ASSISTANT,接待账号,福建省-厦门市,2026-08-05 11:11:21,0
65721,家具,ZNWX-9502,AAS5-LC82830-M,,,ASSISTANT,接待账号,福建省-厦门市,2026-08-27 09:40:47,0
65843,家具,ZNWX-1787,AFT4-ZMP82757-JC,,,ASSISTANT,接待账号,福建省-福州,2026-04-28 09:04:12,0
65869,家具,ZNWX82882,ZTA1-QYZ82882-JS,,,ASSISTANT,接待账号,福建省-厦门市,2026-07-17 13:48:52,0
66432,家具,ZNWX-6192,ZTA1-LZH82521-JS,,,ASSISTANT,接待账号,上海市-上海,2026-07-31 18:31:01,0
66813,家具,ZNWX-2128,ZAB1-YZH82913-J,+8615772500468,,ASSISTANT,接待账号,贵州-贵阳市,2026-08-05 16:51:27,0
66901,家具,AAL1-ZZL82916-J,ZNWX-2916,+8615860787581,2063877591@qq.com,ASSISTANT,接待账号,福建省-厦门市,2025-06-30 14:59:04,0
67027,家具,WS1234,WS1234,,,ASSISTANT,接待账号,,2025-05-13 09:31:47,0
67029,家具,WS12345,WS12345,,,ASSISTANT,接待账号,,2025-05-13 09:43:25,0
67035,家具,ZNWX-0270,AAL4-WYY82915-J,+8618352737638,,ASSISTANT,接待账号,福建省-厦门市,2025-07-26 13:34:47,0
67057,家具,ZNWX-0269,AGS1- QRX85114-Sub,,,ASSISTANT,接待账号,福建省-福州,2026-09-16 10:06:35,0
67204,家具,ZNWX-2445,AFS2-LR82445-J,,,ASSISTANT,接待账号,福建省-厦门市,2026-01-29 17:39:13,0
67290,家具,ZNWX-2940,ZNWX-2940,+8615047661342,2195189779@qq.com,ASSISTANT,接待账号,福建省-厦门市,2025-05-16 13:39:36,0
67296,家具,ZNWX-0516,AGS4-CXY82955-JC,+8615278894648,,ASSISTANT,接待账号,Central Singapore-新加坡,2026-09-15 15:38:51,0
67299,家具,ZNWX-2968,AGS3-LWQ82968-JC,+8618850745307,2982200155@qq.com,ASSISTANT,接待账号,福建省-厦门市,2025-07-02 13:37:52,0
67316,家具,ZNWX-2954,ZNWX-2954,+8618061636467,18061636467@163.com,ASSISTANT,接待账号,福建省-厦门市,2025-05-16 13:52:38,0
67320,家具,ZNWX-0282,AFS1-QY82994-JS,,,ASSISTANT,接待账号,福建省-厦门市,2026-03-04 16:30:58,0
67322,家具,ZNWX-0277,AGS2-ZJH82954-JC,,,ASSISTANT,接待账号,福建省-厦门市,2026-09-15 16:59:06,0
67341,家具,ZNWX-0275,AAS3-WXB82986-JC,+8613067366510,,ASSISTANT,接待账号,福建省-福州,2026-09-16 09:10:40,3
67376,家具,ZNWX-0285,ABS2-NLF+82985-J,+8619079460063,,ASSISTANT,接待账号,福建省-厦门市,2025-07-16 11:31:20,0
67377,家具,ZNWX-1763,ZAB3-LSH82917-J,+8615993247812,,ASSISTANT,接待账号,,2026-04-05 19:51:43,0
67379,家具,ZNWX-0283,ABS4-LK82972-JC,+8618379720621,,ASSISTANT,接待账号,福建省-厦门市,2025-07-31 15:20:22,0
67397,家具,ZNWX-0258,AJT3-HJG82822-JC,,,ASSISTANT,接待账号,Metro Manila-马尼拉,2026-08-22 16:48:22,0
67398,家具,ZNWX-0280,AAT1-SL82951-JS,,,ASSISTANT,接待账号,福建省-厦门市,2026-06-30 15:16:49,0
67459,家具,ZNWX-0288,ACH5-YDY82938-JC,+8618859783579,595322812@qq.com,ASSISTANT,接待账号,福建省-厦门市,2026-07-03 09:23:19,0
67461,家具,ZNWX-0520,ACS3-HTJ82977-JS,,,ASSISTANT,接待账号,福建省-厦门市,2026-09-12 09:35:49,0
67549,家具,ZNWX-0290,AES1-ZMH82990-M,,,ASSISTANT,接待账号,福建省-厦门市,2025-08-31 10:32:54,0
68073,家具,ZNWX-0527,AAS2-WQ83006-J,,,ASSISTANT,接待账号,福建省-厦门市,2026-09-16 09:41:11,0
68443,家具,ZNWX-0602,AAS2-LTT83047-J,,,ASSISTANT,接待账号,福建省-厦门市,2025-07-24 10:30:25,0
68447,家具,ZNWX-0295,ACS2-GJL83038-JC,,,ASSISTANT,接待账号,福建省-厦门市,2026-08-21 16:11:23,0
68465,家具,ZNWX-0298,AAS3-WL83062-J,+8619938061741,,ASSISTANT,接待账号,福建省-厦门市,2025-06-13 13:38:04,0
68470,家具,ZNWX-6322,ZNWX-6322,,,ASSISTANT,接待账号,美国,2025-06-06 21:28:43,0
68520,家具,ZNWX-0304,TAS1-GRJ83044-JS,+8615380620632,,ASSISTANT,接待账号,福建省-福州,2026-09-15 14:03:33,2
68523,家具,ZNWX-0297,AES3-WZX83039-J,+8615159789624,,ASSISTANT,接待账号,福建省-厦门市,2025-10-20 15:40:22,0
68557,家具,ZNWX-0305,AAS1-ZWS82976-JC,,,ASSISTANT,接待账号,福建省-厦门市,2026-02-28 17:28:04,0
68658,家具,ZNWX-0309,AFT1-ZLX83034-J,,,ASSISTANT,接待账号,福建省-厦门市,2025-07-07 17:17:04,0
68753,家具,ZNWX-0310,AFS1-CJH-83081-JS,,,ASSISTANT,接待账号,福建省-厦门市,2026-09-12 16:43:04,0
68899,家具,ZNWX-83083,AAS3-HXY83083-JC,,,ASSISTANT,接待账号,福建省-厦门市,2026-02-23 13:39:22,0
69075,家具,ZNWX-0311,AAS4-LZH83093-JC,,,ASSISTANT,接待账号,福建省-福州,2026-09-16 10:36:31,0
69177,家具,ZNWX-0314,ADS4-CSP83096-M,,,ASSISTANT,接待账号,福建省-厦门市,2026-09-09 23:02:54,0
69390,家具,ZNWX-0611,AUS2-ZMY82945-J,,,ASSISTANT,接待账号,东京都-Koto-ku,2026-09-11 15:58:30,0
69482,家具,ZNWX-0613,ADS2-ZLH83106-J,,,ASSISTANT,接待账号,福建省-厦门市,2025-09-15 14:39:34,0
69487,家具,ZNWX-0315,AGS3-LYT+83108-sub,,,ASSISTANT,接待账号,福建省-厦门市,2025-08-10 10:32:45,0
69534,家具,ZNWX-3562,AFL3-ZRR81002-M,,,ASSISTANT,接待账号,福建省-厦门市,2026-02-10 17:51:34,0
69706,家具,ZNWX-0330,ACS3-WL83179-JS,,,ASSISTANT,接待账号,福建省-厦门市,2026-09-16 09:17:07,0
69714,家具,ZNWX-0320,ASS5-WSQ83153-JC,+8613600964279,,ASSISTANT,接待账号,福建省-厦门市,2026-07-20 16:14:36,4
69718,家具,ZNWX-3028,TET1-ZLK83176-J,,,ASSISTANT,接待账号,福建省-厦门市,2025-08-18 10:50:23,0
69724,家具,ZNWX-0324,ZNWX-0324,+8618159691329,739113252@qq.com,ASSISTANT,接待账号,福建省-厦门市,2025-06-20 10:07:33,0
69733,家具,ZNWX-0318,ZNWX-0318,,,ASSISTANT,接待账号,美国,2025-06-24 19:08:17,0
69740,家具,ZNWX-0323,AAT4-ZJY83138-JC,,,ASSISTANT,接待账号,福建省-厦门市,2026-09-14 16:51:24,0
69743,家具,ZNWX-0332,AAT1-WJZ83095-JS,,,ASSISTANT,接待账号,福建省-厦门市,2026-09-16 09:14:38,0
69758,家具,ZNWX-0321,ASS4-WWN83156-JC,+8616683016067,,ASSISTANT,接待账号,福建省-福州,2026-05-13 17:49:52,0
69766,家具,ZNWX-0322,AAS3-CDQ83158-J,+8613774827032,,ASSISTANT,接待账号,福建省-,2025-08-08 22:01:55,0
69768,家具,ZNWX-0988,AAL1-DYY83115-J,,,ASSISTANT,接待账号,福建省-厦门市,2025-11-22 13:56:14,0
69783,家具,ZNWX-0334,ZNWX-0334,,,ASSISTANT,接待账号,福建省-厦门市,2025-06-28 14:31:31,0
69824,家具,ZNWX-0336,ZAF3-SXH83133-J,,,ASSISTANT,接待账号,,2026-04-02 14:36:45,0
69921,家具,ZNWX-83121,ZAA3-HGH83121-JC,+8618259611876,530325931@qq.com,ASSISTANT,接待账号,,2026-03-20 17:18:29,0
70184,家具,ZNWX-0325,TAS3-GQJ83134-JS,,,ASSISTANT,接待账号,福建省-厦门市,2026-01-28 15:59:03,0
70285,家具,ZNWX-7167,ABS3-DYH83207-JS,+8618959373851,,ASSISTANT,接待账号,福建省-厦门市,2026-02-07 18:15:22,0
70421,家具,ZNWX-0337,AFS-PFQ83222-SUB,,,ASSISTANT,接待账号,福建省-厦门市,2025-08-16 13:51:19,0
70488,家具,ZNWX-0338,AGS41-ZY83284-JC,,,ASSISTANT,接待账号,福建省-厦门市,2026-07-13 09:40:28,0
70642,家具,ZNWX-83292,AAS3-HSL83292-SUB,,,ASSISTANT,接待账号,福建省-厦门市,2025-10-20 14:12:09,0
70722,家具,ZNWX-0344,AFS2-QSQ-83226-JS,+8615695985762,,ASSISTANT,接待账号,福建省-福州,2026-09-15 18:01:16,0
70724,家具,ZNWX-0339,ADS3-QZ83250-JS,+8618344951326,,ASSISTANT,接待账号,福建省-厦门市,2026-02-27 14:32:56,0
70726,家具,ZNWX-0349,ZAA4-WSY83252-JC,,,ASSISTANT,接待账号,福建省-厦门市,2026-03-27 14:22:51,0
70730,家具,ZNWX-0347,ASS1-QYW-83256-JS,,,ASSISTANT,接待账号,福建省-福州,2026-09-16 09:04:06,0
70735,家具,ZNWX-0341,AFT1-ZJH83224-JS,,,ASSISTANT,接待账号,福建省-厦门市,2026-09-10 14:34:05,0
70737,家具,ZNWX-0351,AGS3-ZYX83262-J,,,ASSISTANT,接待账号,福建省-厦门市,2025-09-30 22:09:42,0
70749,家具,ZNWX-0348,AGT4-WWY83227-JC,,,ASSISTANT,接待账号,福建省-厦门市,2026-06-13 17:39:40,0
70754,家具,ZNWX-0357,AEL3-WJK83253-J,,,ASSISTANT,接待账号,福建省-厦门市,2025-09-25 03:20:30,0
70782,家具,ZNWX-0343,AAL1-HTH80568-M,+8613960028787,13758451001@qq.com,ASSISTANT,接待账号,福建省-厦门市,2025-08-06 18:27:23,0
70806,家具,ZNWX-0352,ACH5-LCG83275-JS,,,ASSISTANT,接待账号,,2025-12-31 13:33:29,0
70817,家具,ZNWX-0354,AGS2-HZT83257-J,,,ASSISTANT,接待账号,,2026-03-18 16:22:17,0
70855,家具,ZNWX-0701,AAS2-LY83293-SUB,,,ASSISTANT,接待账号,福建省-厦门市,2025-08-31 15:56:43,0
70867,家具,ZNWX-7845,ZNWX-7845,,,ASSISTANT,接待账号,菲律宾,2025-07-01 19:11:53,0
70883,家具,ZNWX-0702,ADS2-YYL83251-J,,,ASSISTANT,接待账号,福建省-厦门市,2025-07-18 15:06:11,0
70887,家具,ZNWX-7999,ZNWX-7999,,,ASSISTANT,接待账号,福建省-厦门市,2025-07-12 12:57:32,0
70924,家具,ZNWX-0356,AFL1-CSW83237-J,,,ASSISTANT,接待账号,福建省-厦门市,2025-08-14 11:45:15,0
70945,家具,ZNWX-0359,ZAF3-WJT83314-J,,,ASSISTANT,接待账号,,2026-04-09 16:29:52,0
70986,家具,ZNWX-0360,AAH3-Yula-CSO,,,ASSISTANT,接待账号,Metro Manila-马尼拉,2026-09-14 07:57:41,39
71027,家具,ZNWX-0342,AFS3-XSY83278-JS,+8618179509593,,ASSISTANT,接待账号,福建省-厦门市,2026-01-30 16:14:46,0
71035,家具,ZNWX-0362,AFT2-LW81906-JS,,,ASSISTANT,接待账号,福建省-Wenquan,2026-09-15 14:01:56,0
71096,家具,ZNWX-0319,AAS1-ZN83175-J,,,ASSISTANT,接待账号,福建省-厦门市,2025-09-04 17:00:08,0
71099,家具,ZNWX-0364,AAS1-LZZ83120-JC,,,ASSISTANT,接待账号,福建省-厦门市,2026-08-27 19:38:23,0
71284,家具,ZNWX-0365,ASS5-GYL82931-JC,,,ASSISTANT,接待账号,福建省-福州,2026-08-29 16:10:39,4
71295,家具,ZNWX-0367,APH1-Ben-CSO,,,ASSISTANT,接待账号,曼谷-Samphanthawong,2026-09-15 17:58:16,36
71360,家具,ZNWX-0346,AST2-WW83238-M,+8613105909080,,ASSISTANT,接待账号,福建省-厦门市,2026-05-05 14:39:59,0
71583,家具,ZNWX-3337,AAL1-CY83337-JS,,,ASSISTANT,接待账号,,2026-04-09 09:18:50,0
71712,家具,ZNWX-0370,AAS41-GHQ-83375-JC,,,ASSISTANT,接待账号,广东-广州市,2026-08-22 14:46:14,0
71713,家具,ZNWX-0372,ADS4-XJS83348-JC,,,ASSISTANT,接待账号,福建省-厦门市,2026-07-09 19:18:24,0
71723,家具,ZNWX-0714,AAS2-LMF83385-J,,,ASSISTANT,接待账号,福建省-福州,2026-09-16 09:29:11,0
71725,家具,ZNWX-0381,AFS5-JJY83407-J,+8617325508045,,ASSISTANT,接待账号,福建省-福州,2026-06-01 18:11:02,0
71726,家具,ZNWX-0384,ACT3-HJW83412-J,+8618250360950,,ASSISTANT,接待账号,福建省-厦门市,2025-09-30 14:47:09,0
71727,家具,ZNWX-0374,ASS2-CJX83377-J,+8618859557039,,ASSISTANT,接待账号,福建省-厦门市,2026-09-16 09:25:32,2
71729,家具,ZNWX-0373,AAT1-CY83409-JS,,,ASSISTANT,接待账号,福建省-厦门市,2026-09-08 19:44:41,0
71731,家具,ZNWX-0380,TBS1-ZZW83401-J,+8618687885357,,ASSISTANT,接待账号,福建省-福州,2026-06-29 10:05:43,0
71732,家具,ZNWX-0377,AGS2-XJX80434-J,,,ASSISTANT,接待账号,福建省-厦门市,2026-08-03 16:07:19,0
71742,家具,ZNWX-0385,AGT3-WYZ83383-JC,+8613472023653,,ASSISTANT,接待账号,,2026-04-11 14:50:37,0
71758,家具,ZNWX-0386,ZNWX-0386,,,ASSISTANT,接待账号,福建省-厦门市,2025-07-18 12:59:01,0
71766,家具,ZNWX-0383,ACT5-hqy83413-JC,+8615759509579,,ASSISTANT,接待账号,福建省-福州,2026-04-27 17:05:45,0
71781,家具,ZNWX-0376,TET1-TWF83394-J,,,ASSISTANT,接待账号,福建省-厦门市,2025-12-02 17:14:46,0
71815,家具,ZNWX-0378,AAS3-HYT83398-J,,,ASSISTANT,接待账号,福建省-厦门市,2025-08-12 15:52:12,0
71843,家具,ZNWX-6969,AAS5-HPT83415,,,ASSISTANT,接待账号,福建省-厦门市,2025-07-25 13:30:53,0
71944,家具,ZNWX-0460,ACH3-XYX83442-Sub,,,ASSISTANT,接待账号,福建省-厦门市,2025-10-17 16:58:27,0
71946,家具,ZNWX-0389,APT1-LX83295-M,,,ASSISTANT,接待账号,福建省-福州,2026-09-16 09:09:51,0
71947,家具,ZNWX-0457,AAT2-DRH83439-JS,,,ASSISTANT,接待账号,福建省-福州,2026-09-12 17:10:17,0
71948,家具,ZNWX-0465,TAS5-HYJ83447-J,,,ASSISTANT,接待账号,福建省-厦门市,2026-03-31 10:08:36,0
71954,家具,ZNWX-0446,AFS4-SYJ83429-JC,,,ASSISTANT,接待账号,福建省-厦门市,2026-09-15 20:20:16,0
71956,家具,ZNWX-0461,ACS1-ZYX83443-JC,,,ASSISTANT,接待账号,福建省-厦门市,2026-07-31 17:11:29,0
71978,家具,ZNWX-0451,AAJ2-WJY83433-J,,,ASSISTANT,接待账号,福建省-福州,2026-07-31 15:28:15,0
71979,家具,ZNWX-0453,AAS3-LZP83435-JC,,,ASSISTANT,接待账号,福建省-厦门市,2026-02-28 09:24:44,0
71980,家具,ZNWX-0454,AAS2-QYW83436-JS,,,ASSISTANT,接待账号,福建省-福州市,2026-08-14 10:16:27,0
72033,家具,ZNWX-0463,ASS2-ZH83445-J,+8617750311116,,ASSISTANT,接待账号,福建省-福州,2026-05-22 21:20:31,0
72074,家具,ZNWX-0441,AFT1-ZCY83078-JS,+8618016823682,,ASSISTANT,接待账号,福建省-厦门市,2026-03-30 15:25:58,0
72081,家具,ZNWX-0445,AGT2-HXL83428-Sub,,,ASSISTANT,接待账号,福建省-厦门市,2025-11-03 17:35:47,0
72139,家具,ZNWX-0467,AFT2-LLQ83414-J,,,ASSISTANT,接待账号,福建省-厦门市,2026-06-30 15:11:04,0
72141,家具,ZNWX-0448,AAS1-ZSJ83431-JC,,,ASSISTANT,接待账号,福建省-厦门市,2026-09-15 19:28:19,0
72142,家具,ZNWX-0450,AAS1-CBQ83432-JC,,,ASSISTANT,接待账号,福建省-厦门市,2026-09-15 17:22:37,0
72143,家具,ZNWX-0456,ZNWX-0456,,,ASSISTANT,接待账号,福建省-厦门市,2025-10-17 13:31:20,0
72144,家具,ZNWX-0458,ZNWX-0458,,,ASSISTANT,接待账号,福建省-厦门市,2025-10-17 16:52:37,0
72145,家具,ZNWX-0468,AAS1-HCH83296-Sub,,,ASSISTANT,接待账号,福建省-厦门市,2025-09-19 13:47:57,0
72532,家具,ZNWX-0723,AAS5-YBQ83463-JC,,,ASSISTANT,接待账号,油尖旺區-旺角,2026-09-16 13:24:37,4
72533,家具,ZNWX-0724,AAS5-DSY83467-JC,,,ASSISTANT,接待账号,福建省-福州,2026-06-24 14:26:21,3
72559,家具,ZNWX-0469,ASS4-CZB83470-JC,,,ASSISTANT,接待账号,福建省-厦门市,2026-09-16 09:12:09,0
72879,家具,ZNWX-0734,ADS2-ZYC83507-J,,,ASSISTANT,接待账号,福建省-厦门市,2025-12-25 11:20:26,0
72881,家具,ZNWX-3504,AFS4-LJ83504-JC,,,ASSISTANT,接待账号,福建省-厦门市,2026-05-26 18:38:38,0
72886,家具,ZNWX-0471,ACS1-CYZ83516-JC,+8618176629366,1282801094@qq.com,ASSISTANT,接待账号,福建省-厦门市,2026-09-14 09:15:44,0
72895,家具,ZNWX-0506,AAS41-LJY-83510-JC,,,ASSISTANT,接待账号,福建省-厦门市,2026-09-16 10:21:48,0
72896,家具,ZNWX-0472,AGT5-DK83528-J,+8618236696950,3340870642@qq.com,ASSISTANT,接待账号,福建省-厦门市,2026-07-24 16:30:45,0
72897,家具,ZNWX-0511,AAS2-LZY83488-J,,,ASSISTANT,接待账号,福建省-厦门市,2025-09-10 17:50:42,0
72898,家具,ZNWX-0509,AAS4-ZYX83485-JC,,,ASSISTANT,接待账号,福建省-厦门市,2026-07-31 17:11:13,0
72900,家具,ZNWX-0517,TES3-HFQ83506-J,+8618760358261,,ASSISTANT,接待账号,福建省-厦门市,2026-09-02 16:30:56,0
72902,家具,ZNWX-0510,AFT3-XHY-83517-JC,+8617838000987,,ASSISTANT,接待账号,福建省-福州,2026-04-29 16:07:16,0
72907,家具,ZNWX-0522,ZNWX-0522,,,ASSISTANT,接待账号,福建省-厦门市,2025-09-17 19:21:35,0
72919,家具,ZNWX-0508,ZNWX-0508,,,ASSISTANT,接待账号,福建省-厦门市,2025-09-23 17:41:32,0
72973,家具,ZWNX-83545,AAS3-WXJ83545-SUB,,,ASSISTANT,接待账号,福建省-厦门市,2025-09-30 16:51:48,0
72975,家具,ZNWX-0525,TAS1-XP83490-J,,,ASSISTANT,接待账号,福建省-福州,2026-09-15 12:02:00,0
72994,家具,ZNWX-0523,AAT2-GJP-83493-JC,,1635348737@qq.com,ASSISTANT,接待账号,福建省-福州,2026-06-06 16:33:06,0
73044,家具,ZNWX-5641,AFL3-YM83508-J,+8618719825641,,ASSISTANT,接待账号,福建省-厦门市,2025-08-08 14:05:41,0
73048,家具,ZNWX-0526,AGT4-HY83460-J,,,ASSISTANT,接待账号,曼谷-Si Lom,2026-07-21 17:23:05,0
73056,家具,ZNWX-0529,ABT1-ZQ82895-J,,,ASSISTANT,接待账号,福建省-厦门市,2026-05-30 20:50:36,0
73064,家具,ZNWX-0512,ZNWX-0512,,,ASSISTANT,接待账号,福建省-厦门市,2025-11-01 15:05:51,0
73094,家具,ZNWX-83549,AAS3-ZTD83549-SUB,,,ASSISTANT,接待账号,福建省-厦门市,2025-09-09 17:03:22,0
73134,家具,ZNWX-9557,AAS5-FYN83551-SUB,,,ASSISTANT,接待账号,福建省-厦门市,2025-09-08 18:57:50,0
73344,家具,ZNWX-0530,TAS5-CHJ82897-J,,,ASSISTANT,接待账号,福建省-福州,2026-07-06 17:07:31,0
73352,家具,ZNWX-0804,ACH3-WSY83587-Sub,,,ASSISTANT,接待账号,福建省-厦门市,2025-10-31 16:55:06,0
73429,家具,ZNWX-0531,ZNWX-0531,,,ASSISTANT,接待账号,,2025-08-05 10:59:42,0
73430,家具,ZNWX-0513,AFT5-FJL83530-JS,,,ASSISTANT,接待账号,福建省-厦门市,2026-03-19 10:18:03,0
73504,家具,ZNWX-2526,TAT4-WWZ85444-Sub,,,ASSISTANT,接待账号,福建省-厦门市,2026-07-27 14:29:02,0
73727,家具,znwx-9585,AFS3-XYH83512-JS,,,ASSISTANT,接待账号,福建省-厦门市,2026-09-15 19:45:39,0
73967,家具,ZNWX-0474,AGL5-LLS83625-J,+8618859591613,,ASSISTANT,接待账号,福建省-厦门市,2025-11-05 18:00:38,0
73970,家具,ZNWX-0533,ZNWX-0533,+8618659713776,,ASSISTANT,接待账号,福建省-厦门市,2025-09-22 17:17:17,0
74007,家具,ZNWX-0534,TAT3-ZXL81151-M,,,ASSISTANT,接待账号,Metro Manila-马尼拉,2026-09-16 09:01:45,0
74326,家具,ZNWX-0537,ZNWX-0537,,,ASSISTANT,接待账号,福建省-厦门市,2025-09-02 09:43:39,0
74710,家具,ZNWX-0710,AKT4-TFQ83706-JC,,,ASSISTANT,接待账号,,2026-03-21 14:26:06,0
74712,家具,ZNWX-0707,ABT4-HMX-83677-JC,+8617788542391,,ASSISTANT,接待账号,福建省-厦门市,2025-12-30 00:55:25,0
74714,家具,ZNWX-0711,AAS4-LKH83716-JC,,,ASSISTANT,接待账号,福建省-福州,2026-05-19 13:19:59,0
74722,家具,ZNWX-0705,TDS1-WYL83676-J,,,ASSISTANT,接待账号,福建省-厦门市,2026-09-16 11:36:20,3
74725,家具,ZNWX-8569,ACS1-LWH83719-JC,,,ASSISTANT,接待账号,福建省-厦门市,2026-09-16 08:55:22,0
74767,家具,ZNWX-0706,ASS4-SJN83710-JC,+8618543017066,,ASSISTANT,接待账号,福建省-厦门市,2026-09-15 10:02:41,0
74816,家具,ZNWX-0712,AAS4-CSQ83728-JC,,,ASSISTANT,接待账号,福建省-福州,2026-05-30 17:25:34,0
74819,家具,ZNWX-0713,AAT2-83723-sub,,,ASSISTANT,接待账号,福建省-厦门市,2025-10-04 09:52:10,0
75004,家具,ZNWX-0739,AQS2-WQM83735-J,,,ASSISTANT,接待账号,福建省-厦门市,2026-09-16 09:11:00,0
75049,家具,ZNWX-0740,TAT4-ZJT81023-J,,,ASSISTANT,接待账号,台湾省-,2025-09-01 17:13:13,0
75104,家具,ZNWX-38781,ZNWX-38781,,,ASSISTANT,接待账号,福建省-厦门市,2025-09-11 14:08:57,0
75105,家具,ZNWX-24451,ZNWX-24451,,,ASSISTANT,接待账号,福建省-厦门市,2026-01-03 16:43:48,0
75127,家具,ZNWX-3720,AGS3-SKW-83720-JC,,,ASSISTANT,接待账号,福建省-福州,2026-09-14 09:08:20,0
75188,家具,ZNWX-0931,AFS3-LSS83607-JS,,,ASSISTANT,接待账号,福建省-厦门市,2026-09-16 13:03:34,0
75196,家具,ZNWX-0742,ZNWX-0742,,,ASSISTANT,接待账号,福建省-厦门市,2025-09-29 14:44:30,0
75235,家具,ZNWX-0743,ACS5-JGZ83655-JC,,,ASSISTANT,接待账号,福建省-福州,2026-09-16 10:57:32,0
75275,家具,ZNWX-0744,AFS1-WZX83758-Sub,,,ASSISTANT,接待账号,福建省-厦门市,2026-01-28 16:54:44,0
75340,家具,ZNWX-0903,AAS2-DLY83761-SUB,,,ASSISTANT,接待账号,福建省-厦门市,2025-11-12 17:14:48,0
75411,家具,ZNWX-9999,AAT4-HHY83649-JS,,,ASSISTANT,接待账号,福建省-厦门市,2026-09-12 21:08:56,0
75636,家具,ZNWX-0752,ABS3-FYY83812-JS,+8613960694050,,ASSISTANT,接待账号,福建省-福州,2026-09-15 14:41:34,0
75637,家具,ZNWX-0753,AGS4-LJ83805-JC,,,ASSISTANT,接待账号,,2026-03-31 16:27:52,0
75644,家具,ZNWX-1103,AJS2-XSY83803-J,,,ASSISTANT,接待账号,,2026-03-31 14:24:02,0
75654,家具,ZNWX-0748,ZAA1-WYL83788-JC,,,ASSISTANT,接待账号,,2026-04-01 16:49:14,0
75687,家具,ZNWX-0746,ZNWX-0746,+8613696988882,,ASSISTANT,接待账号,,2025-09-08 15:16:17,0
75693,家具,ZNWX-0751,AST2-ZSK83807-JC,+8617689944635,,ASSISTANT,接待账号,,2026-03-17 14:33:07,0
75700,家具,ZNWX-0750,ZNWX-0750,,,ASSISTANT,接待账号,美国,2025-09-30 18:40:14,0
75764,家具,ZNWX-0749,TBS2-LHWH83802-J,,,ASSISTANT,接待账号,福建省-福州,2026-05-05 21:32:30,0
75851,家具,ZNWX-0758,AGT1-LMH83831-J,,,ASSISTANT,接待账号,福建省-厦门市,2025-11-26 10:37:36,0
75896,家具,ZNWX-83841,AFS2-WH-83841-J,,,ASSISTANT,接待账号,福建省-厦门市,2026-02-05 14:42:37,0
75946,家具,ZNWX-83840,AAS3-HZW83840-JC,,,ASSISTANT,接待账号,,2026-04-07 09:59:32,0
75967,家具,ZNWX-0978,AFS3-WZH83844sub,,,ASSISTANT,接待账号,伊朗,2026-01-15 14:07:35,0
75979,家具,ZNWX-0759,TAT4-ZLH83781-J,,,ASSISTANT,接待账号,福建省-厦门市,2025-10-30 08:56:37,0
75984,家具,ZNWX-9590,ZNWX-9590,,,ASSISTANT,接待账号,美国,2025-09-13 18:02:25,0
76006,家具,ZNWX-0760,ACT5-YSL83848-JC,+8615860131531,,ASSISTANT,接待账号,福建省-厦门市,2026-03-04 14:19:47,0
76034,家具,ZNWX-0913,ADS2-LSM83846-Sub,,,ASSISTANT,接待账号,福建省-厦门市,2025-11-29 17:23:27,0
76123,家具,ZNWX-1234,ZNWX-1234,,,ASSISTANT,接待账号,,2025-09-15 13:44:15,0
76124,家具,ZNWX-0761,AGS5-LJY83854-J,,,ASSISTANT,接待账号,福建省-厦门市,2026-09-14 14:51:47,0
76125,家具,ZNWX-0762,AGL1-CL83860-SUB,,,ASSISTANT,接待账号,,2026-04-02 09:19:52,0
76200,家具,ZNWX-0763,ZNWX-0763,,,ASSISTANT,接待账号,曼谷-曼谷,2026-05-13 15:14:29,31
76213,家具,ZNWX-0764,ZNWX-AFT3-0764,+8613559805862,,ASSISTANT,接待账号,泰国,2025-11-21 16:44:08,0
76264,家具,ZNWX-0765,ADS1-CHD83869-JC,,,ASSISTANT,接待账号,福建省-福州,2026-07-02 17:08:30,0
76485,家具,ZNWX-0771,AGS3-ZJL-83109-JS,,,ASSISTANT,接待账号,,2026-03-18 20:35:01,0
76486,家具,ZNWX-0772,ZNWX-0772,,,ASSISTANT,接待账号,,2025-09-26 09:58:41,0
76546,家具,ZNWX-0777,AAS5-XHJ83927-JC,,,ASSISTANT,接待账号,福建省-厦门市,2026-06-30 14:16:11,2
76558,家具,ZNWX-0768,AAT2-SJH83914-JC,,,ASSISTANT,接待账号,福建省-福州,2026-09-12 14:53:58,0
76561,家具,ZNWX-0775,ZNWX-0775,,,ASSISTANT,接待账号,福建省-厦门市,2025-10-31 16:53:23,0
76566,家具,ZNWX-0778,TAT3-YZY83923-J,,,ASSISTANT,接待账号,福建省-福州,2026-09-16 09:09:08,0
76569,家具,ZNWX-0780,AGS3-CWP-83920-JS,,,ASSISTANT,接待账号,福建省-厦门市,2026-09-11 14:54:33,0
76570,家具,ZNWX-0949,AAS5-why83919-JC,,,ASSISTANT,接待账号,福建省-厦门市,2025-12-06 16:21:59,0
76572,家具,ZNWX-0781,AGS1-LZK83929-J,,,ASSISTANT,接待账号,福建省-厦门市,2026-09-08 21:28:01,0
76583,家具,ZNWX-0773,ABS1-WYY83890-JC,+8613616037405,,ASSISTANT,接待账号,,2026-01-04 13:33:14,0
76652,家具,ZNWX-0769,ABS3-CQY+83895-JS,+8618148956685,,ASSISTANT,接待账号,福建省-厦门市,2025-11-20 14:42:55,0
76673,家具,ZNWX-0783,ZNWX-0783,,,ASSISTANT,接待账号,福建省-厦门市,2025-09-28 13:33:21,0
76758,家具,ZNWX-0767,AAT1-CLH83907-JS,,,ASSISTANT,接待账号,福建省-厦门市,2026-09-03 22:41:28,0
76759,家具,ZNWX-3889,ZAF3-LJH83889-J,+8618760046475,,ASSISTANT,接待账号,福建省-福州,2026-04-30 16:42:21,0
76897,家具,ZNWX-0638,ZAB4-WYK83937-JC,,,ASSISTANT,接待账号,福建省-厦门市,2026-03-30 15:48:46,0
77196,家具,ZNWX-0785,AAT1-KMJ83925-JS,,,ASSISTANT,接待账号,福建省-厦门市,2026-09-12 15:37:12,0
77343,家具,ZNWX-0786,AAS4-Tati-CSO,,,ASSISTANT,接待账号,,2026-09-15 16:31:01,34
77433,家具,ZNWX-8599,ZNWX-8599,,,ASSISTANT,接待账号,,2025-10-04 15:27:02,0
77435,家具,ZNWX-8600,AAS5-SYR83949-Sub,,,ASSISTANT,接待账号,福建省-厦门市,2025-11-29 16:23:59,0
77443,家具,ZNWX-0787,ZAF2-CY83337-JS,,,ASSISTANT,接待账号,,2026-04-01 18:12:39,0
77456,家具,ZNWX-0788,ZTA2-ZHY83872-J,,,ASSISTANT,接待账号,,2026-04-07 20:45:58,0
77523,家具,ZNWX-0789,AFT2-CMX83051-J,,,ASSISTANT,接待账号,日本,2025-10-16 19:14:00,0
77635,家具,ZNWX-0790,AGT5-XHM83965-J,,,ASSISTANT,接待账号,福建省-厦门市,2026-09-16 12:38:34,0
77647,家具,ZNWX-0791,AGT1-YJ83956-Sub,,,ASSISTANT,接待账号,,2025-10-31 17:24:08,0
77651,家具,ZNWX-0792,AAT2-LYN83930-JC,,,ASSISTANT,接待账号,福建省-厦门市,2026-04-14 21:07:53,0
77726,家具,ZNWX-1010,AFT1-LL84079-J,,,ASSISTANT,接待账号,,2026-04-08 10:56:56,0
77729,家具,ZNWX-0793,AAS2-FQQ83968-Sub,,,ASSISTANT,接待账号,福建省-厦门市,2025-10-18 13:32:23,0
78038,家具,ZNWX-0795,TBS4-SCX83983-JC,+8613125424810,,ASSISTANT,接待账号,福建省-福州,2026-09-16 10:11:30,3
78160,家具,ZNWX-0797,AAS51-LHX-83973-J,,,ASSISTANT,接待账号,福建省-厦门市,2026-09-16 10:07:28,0
78214,家具,ZNWX-0798,ASS1-LZJ83998-JC,,,ASSISTANT,接待账号,,2026-04-02 17:44:00,0
78227,家具,ZNWX-9878,AAT1-ZJ83977-J,,,ASSISTANT,接待账号,福建省-厦门市,2026-07-23 17:55:33,0
78371,家具,ZNWX-1018,AGS4-LF84016-JC,,,ASSISTANT,接待账号,福建省-福州市,2026-08-20 16:52:12,0
78378,家具,ZNWX-0799,AAT2-LKD84038-Sub,,,ASSISTANT,接待账号,福建省-厦门市,2026-01-30 15:56:59,0
78405,家具,ZNWX-1013,AGT1-GGL84081-J,,,ASSISTANT,接待账号,福建省-厦门市,2026-09-02 14:26:18,0
78406,家具,ZNWX-0820,AAS5-WDK84001-JC,,,ASSISTANT,接待账号,福建省-福州,2026-08-31 13:40:56,3
78407,家具,ZNWX-0816,AQS41-XTT+84004-JC,+8614759260816,,ASSISTANT,接待账号,福建省-Wenquan,2026-09-15 11:56:59,0
78413,家具,ZNWX-0821,AAS4-CYK84040-JC,,,ASSISTANT,接待账号,福建省-福州,2026-09-16 09:12:11,0
78414,家具,ZNWX-0818,TAS3-HXL83979-J,,,ASSISTANT,接待账号,福建省-厦门市,2025-12-18 14:29:12,0
78438,家具,ZNWX-0822,ZAA4-WLXY84060-JC,,,ASSISTANT,接待账号,福建省-厦门市,2026-03-14 13:33:52,0
78482,家具,ZNWX-84063,ZAA3-WXS84063-JC,+8615859777693,206387745@QQ.COM,ASSISTANT,接待账号,广东-深圳,2026-05-01 13:44:20,0
78669,家具,ZNWX-4071,ZNWX-WXL84071-Sub,,,ASSISTANT,接待账号,福建省-厦门市,2025-12-31 17:19:38,0
78831,家具,ZNWX-0828,APT5-LPJ-84109-JC,+8615982160250,,ASSISTANT,接待账号,福建省-福州,2026-04-17 13:46:38,0
78833,家具,ZNWX-0827,AST2-LZ84087-JS,,2454697204@qq.com,ASSISTANT,接待账号,福建省-福州,2026-09-16 09:59:39,0
78835,家具,ZNWX-0833,ACH5-CY84114-JC,,,ASSISTANT,接待账号,福建省-福州,2026-09-15 17:32:19,0
78845,家具,ZNWX-0832,ACT3-LZX84076-JC,+8618205991730,,ASSISTANT,接待账号,福建省-厦门市,2026-09-12 10:29:46,0
78858,家具,ZNWX-84128,AKS3-ZBR84128-J,+8619817626392,,ASSISTANT,接待账号,福建省-福州,2026-05-30 16:03:55,0
78861,家具,ZNWX-84127,AAT5-YD84127-JS,+8618859560305,,ASSISTANT,接待账号,日本,2026-02-07 17:38:31,0
78862,家具,ZNWX-8236,ADS2-ZWC84126-J,,,ASSISTANT,接待账号,,2026-04-11 09:05:58,0
78989,家具,ZNWX-0834,AAT3-YJQ84129-JC,,,ASSISTANT,接待账号,福建省-福州市,2026-09-15 10:05:07,0
79048,家具,ZNWX-0829,AGS2-LTH84141-J,+8615960308146,1146525657@qq.com,ASSISTANT,接待账号,福建省-厦门市,2026-08-07 14:14:43,0
79130,家具,ZNWX-0836,ASS2-ZHZ84140-J,+8613720870925,,ASSISTANT,接待账号,福建省-福州,2026-09-16 10:25:47,0
79191,家具,ZNWX-0837,AGS2-SZW84148-J,+8618902134656,2107957423@qq.com,ASSISTANT,接待账号,福建省-厦门市,2026-07-31 13:33:26,0
79235,家具,ZNWX-0826,AAT1-ZLL84075-J,,,ASSISTANT,接待账号,福建省-厦门市,2025-12-30 17:11:24,0
79251,家具,znwx-4567,AFS1-JYJ83674-J,,,ASSISTANT,接待账号,福建省-厦门市,2026-09-09 23:52:35,0
79268,家具,ZNWX-0817,TAT3-XZL84023-J,,,ASSISTANT,接待账号,福建省-厦门市,2026-01-10 13:37:57,0
79369,家具,ZNWX-4142,AGS3-SY84142-JC,,,ASSISTANT,接待账号,福建省-厦门市,2026-09-15 15:13:02,0
79370,家具,ZNWX-3625,AFS4-LLS83625-JC,,,ASSISTANT,接待账号,福建省-福州,2026-04-30 17:45:02,0
79445,家具,ZNWX-0839,ASS5-HYW83205-JC,+8618859996770,,ASSISTANT,接待账号,福建省-福州,2026-09-15 21:46:50,4
79471,家具,ZNWX-1104,AUS1-LYL84163-JC,,,ASSISTANT,接待账号,福建省-福州,2026-09-16 09:03:07,0
79693,家具,ZNWX-0842,AAT2-SMF84103-J,,,ASSISTANT,接待账号,福建省-厦门市,2025-12-27 11:54:26,0
79819,家具,ZNWX-0853,ACS2-HX84187-JC,,,ASSISTANT,接待账号,福建省-厦门市,2026-09-15 13:51:55,0
79823,家具,ZNWX-0854,AAS5-ZYX84202-Sub,,,ASSISTANT,接待账号,福建省-厦门市,2026-01-30 10:41:30,0
79830,家具,ZNWX-0869,AAS41-CSM-84203-JC,,,ASSISTANT,接待账号,Kuala Lumpur-吉隆坡,2026-09-16 11:42:07,0
79831,家具,ZNWX-0868,AGS3-ZZH84180-J,,,ASSISTANT,接待账号,福建省-厦门市,2026-02-01 14:08:22,0
79851,家具,ZNWX-1117,AAS5-ZLJ84215-JC,,,ASSISTANT,接待账号,福建省-厦门市,2026-08-13 10:34:20,3
79926,家具,ZNWX-0850,ABT4-XM-84191-JC,+8615397965819,,ASSISTANT,接待账号,福建省-福州,2026-05-30 17:17:00,0
79967,家具,ZNWX-0855,ZTA3-SJW84183-J,,,ASSISTANT,接待账号,福建省-厦门市,2026-04-01 13:45:10,0
79970,家具,ZNWX-0852,TCT1-LCL84186-JS,,,ASSISTANT,接待账号,福建省-厦门市,2026-08-05 14:03:26,0
79997,家具,ZNWX-0867,AAS1-ZXX-CEO,,,ASSISTANT,接待账号,,2025-11-11 14:32:35,0
80145,家具,ZNWX-0870,ZNWX-0870,,,ASSISTANT,接待账号,福建省-厦门市,2026-01-19 13:47:59,0
80149,家具,ZNWX-8787,AAT1-ZLW84209-Sub,,,ASSISTANT,接待账号,,2026-02-15 15:48:26,0
80150,家具,ZNWX-0919,AAT1-ZYF84167-Sub,,,ASSISTANT,接待账号,福建省-厦门市,2026-01-06 13:40:11,0
80261,家具,ZNWX-0873,ACT3-FJN84224-Sub,+8615659981192,,ASSISTANT,接待账号,福建省-厦门市,2026-01-29 15:37:58,0
80263,家具,ZNWX-0874,AGS2-XTT84223-J,+8618872724148,,ASSISTANT,接待账号,福建省-福州,2026-06-18 15:38:21,0
80280,家具,ZNWX-0872,AAS1-CZB-84112-JC,,,ASSISTANT,接待账号,福建省-厦门市,2026-08-31 17:05:43,0
80436,家具,ZNWX-0904,AGT2-WYH84227-Sub,,,ASSISTANT,接待账号,福建省-厦门市,2025-12-06 17:53:15,0
80443,家具,ZNWX-0905,AGT1-LJ82509-J,+8615317368286,,ASSISTANT,接待账号,福建省-福州市,2026-05-23 18:46:40,0
80669,家具,ZNWX-1122,AFT5-WJW84225-Sub,,,ASSISTANT,接待账号,福建省-厦门市,2026-01-30 14:47:15,0
80732,家具,ZNWX-0423,ZNWX-0423,,,ASSISTANT,接待账号,福建省-厦门市,2025-11-21 19:38:51,0
80856,家具,ZNWX-0911,ADS4-ZYX84279-JC,,,ASSISTANT,接待账号,福建省-厦门市,2026-02-28 13:36:32,0
80857,家具,ZNWX-0910,TET1-YYY84251-JS,,,ASSISTANT,接待账号,福建省-福州,2026-09-12 14:38:42,0
80859,家具,ZNWX-0912,ABS3-LSQ84255-JC,,,ASSISTANT,接待账号,福建省-福州,2026-09-15 11:27:00,0
80872,家具,ZNWX-0914,AFS2-ZJY84252-JS,+8618959644220,,ASSISTANT,接待账号,福建省-厦门市,2026-09-08 16:57:37,0
80874,家具,ZNWX-1125,ADS1-HJ80736-JC,,,ASSISTANT,接待账号,,2026-04-06 14:00:05,0
80881,家具,ZNWX-0906,ADS1-ZLF84253-JC,,,ASSISTANT,接待账号,福建省-厦门市,2026-02-28 17:03:11,0
80920,家具,ZNWX-9800,AAT1-LYH84284-J,,,ASSISTANT,接待账号,福建省-Wenquan,2026-09-16 10:31:41,0
80954,家具,ZNWX-0916,ZAF4-LZX84294-J,,,ASSISTANT,接待账号,,2026-03-31 15:50:38,0
80959,家具,WK13919699665,ZNWX-0917,+8619274912051,1438196122@qq.com,ASSISTANT,接待账号,北京市-北京市,2026-01-11 14:23:03,0
81095,家具,ZNWX-0920,ASS1-CFY82937-JC,+8618851900169,,ASSISTANT,接待账号,福建省-厦门市,2026-02-26 15:53:13,0
81198,家具,ZNWX-1060,APH1-Puttipong-CSO,,,ASSISTANT,接待账号,曼谷-Samphanthawong,2026-09-16 08:58:27,36
81307,家具,ZNWX-1062,ZAB2-LCS84315-J,+8613559212011,1421462913@qq.com,ASSISTANT,接待账号,福建省-厦门市,2026-07-07 15:38:01,0
81366,家具,ZNWX-1063,TAT4-XYP84162-J,,,ASSISTANT,接待账号,福建省-厦门市,2026-02-06 13:43:22,0
81526,家具,ZNWX-1204,ADS2-KXY84326-sub,,,ASSISTANT,接待账号,福建省-厦门市,2025-12-12 14:23:41,0
81921,家具,ZNWX-1064,AUS1-XJY84328-JC,,,ASSISTANT,接待账号,福建省-厦门市,2026-09-16 11:35:36,0
81922,家具,ZNWX-1065,AUS1-DWX84331-JC,,,ASSISTANT,接待账号,福建省-福州,2026-09-16 10:53:32,0
81931,家具,ZNWX-5821,TES3-ZJX84343-J,+8615520909896,,ASSISTANT,接待账号,广东-深圳,2026-08-10 20:15:23,0
81935,家具,ZNWX-1066,AAS1-ZFH84072-JC,,,ASSISTANT,接待账号,福建省-厦门市,2026-08-31 16:02:13,0
82021,家具,ZNWX-8524,ACS1-LYX84389-Sub,,,ASSISTANT,接待账号,福建省-厦门市,2026-06-30 17:20:34,0
82030,家具,ZNWX-1068,ZNWX-1068,,,ASSISTANT,接待账号,马来西亚,2026-01-23 17:38:39,0
82278,家具,ZNWX-1067,AGT1-ZJ84417-J,,,ASSISTANT,接待账号,福建省-福州,2026-05-23 17:38:39,0
82323,家具,ZNWX-1218,ADS2-ZGM81356-J,,,ASSISTANT,接待账号,福建省-厦门市,2026-01-30 01:00:02,0
82324,家具,ZNWX-1069,APT4-LXY 84342-JC,,,ASSISTANT,接待账号,福建省-福州,2026-09-14 13:32:29,0
82404,家具,ZNWX-1211,AFS4-ZZC84393-Sub,,,ASSISTANT,接待账号,福建省-厦门市,2026-03-21 16:26:53,0
82409,家具,ZNWX-1094,ACT5-X84366-J,,,ASSISTANT,接待账号,福建省-厦门市,2026-02-07 16:39:51,0
82412,家具,ZNWX-1095,ACT5-YD84375-JC,,,ASSISTANT,接待账号,福建省-厦门市,2026-07-23 15:49:21,0
82417,家具,ZNWX-1098,ZNWX-1098,,,ASSISTANT,接待账号,福建省-厦门市,2026-01-03 13:31:06,0
82418,家具,ZNWX-5899,AAS41-ZXX-84412-JC,,,ASSISTANT,接待账号,福建省-厦门市,2026-09-16 12:27:15,0
82427,家具,ZNWX-1099,ZNWX-1099,,,ASSISTANT,接待账号,福建省-厦门市,2025-12-17 16:23:36,0
82465,家具,ZNWX-1093,ABS3-SYH+84349-JC,,,ASSISTANT,接待账号,福建省-福州,2026-04-30 17:38:54,0
82474,家具,ZNWX-1100,AAS2-LX84400-Sub,,,ASSISTANT,接待账号,,2026-03-31 17:29:26,0
82486,家具,ZNWX-1092,TAT1-ZYR84380-J,,,ASSISTANT,接待账号,福建省-厦门市,2026-03-04 17:52:49,0
82492,家具,ZNWX-84402,AAS3-CXY84402-JC,+8618050817790,,ASSISTANT,接待账号,,2026-03-26 14:51:25,0
82556,家具,ZNWX-1101,AGS1-OMT84416-J,,,ASSISTANT,接待账号,福建省-福州,2026-07-03 18:05:21,0
82618,家具,znwx-6998,AFS3-HZH84421-JS,,,ASSISTANT,接待账号,福建省-厦门市,2026-09-15 11:15:24,0
82643,家具,ZNWX-1102,AFT1-LWX84415-Sub,,,ASSISTANT,接待账号,福建省-厦门市,2026-09-04 14:24:38,0
82659,家具,ZNWX-1108,AGT2-YCX84424-Sub,,,ASSISTANT,接待账号,福建省-厦门市,2026-09-16 10:55:14,0
82864,家具,ZNWX-9777,AUT1-WLS84413-J,,,ASSISTANT,接待账号,福建省-福州,2026-09-16 09:26:36,0
82919,家具,ZNWX-1105,AGS1-FQH84433-J,,,ASSISTANT,接待账号,福建省-Wenquan,2026-09-16 09:34:56,0
82923,家具,ZNWX-1223,ADS2-WZH84431-Sub,,,ASSISTANT,接待账号,福建省-厦门市,2026-01-17 16:33:38,0
83049,家具,ZNWX-1134,AGS2-LZS84471-Sub,+8613696943033,2540265619@qq.com,ASSISTANT,接待账号,福建省-厦门市,2026-01-02 20:46:25,0
83148,家具,ZNWX-1135,ACT2-ZYX84473-JC,+8615285565367,15285565367@qq.com,ASSISTANT,接待账号,福建省-福州,2026-07-29 10:58:15,0
83203,家具,ZNWX-1137,AAT3-HYQ-84474-Sub,,,ASSISTANT,接待账号,,2026-02-23 00:44:19,0
83206,家具,ZNWX-9974,AAS5-WJ84481-JC,,,ASSISTANT,接待账号,福建省-福州,2026-06-15 15:57:25,2
83281,家具,ZNWX-1142,ZAF1-ZSZ-84462-J,,,ASSISTANT,接待账号,,2026-04-05 22:54:39,0
83282,家具,ZNWX-1144,AAT5-SJY84450-J,,,ASSISTANT,接待账号,福建省-福州,2026-05-30 16:50:14,0
83294,家具,ZNWX-1140,ACT1-XSY84464-JC,+8618702621604,18702621604@qq.com,ASSISTANT,接待账号,福建省-福州,2026-09-15 13:58:00,0
83308,家具,ZNWX-1148,AAT5-CY84484-J,,,ASSISTANT,接待账号,福建省-福州,2026-09-16 12:56:53,0
83310,家具,ZNWX-84488,ZNWX-84488,+8618659211851,,ASSISTANT,接待账号,福建省-厦门市,2026-01-07 09:21:36,0
83311,家具,ZNWX-1149,AAT2-TFX84405-JC,,,ASSISTANT,接待账号,福建省-福州,2026-09-15 22:34:10,0
83312,家具,ZNWX-1150,ZAT2-HHJ84489-J,,,ASSISTANT,接待账号,,2026-04-01 17:47:27,0
83313,家具,ZNWX-1147,ZAB2-LLY84447-JS,+8613950719096,,ASSISTANT,接待账号,,2026-03-13 09:04:28,0
83316,家具,ZNWX-1141,AFT2-CJQ84453-J,,,ASSISTANT,接待账号,福建省-厦门市,2026-02-28 17:26:30,0
83356,家具,ZNWX-1151,AAS41-FZY-84490-SUB,,,ASSISTANT,接待账号,福建省-厦门市,2026-08-20 13:50:09,0
83468,家具,ZNWX-1152,TAT1-JYT84495-J,,,ASSISTANT,接待账号,福建省-福州,2026-05-11 18:58:22,0
83536,家具,ZNWX-1160,TAS1-CWY84062-J,,,ASSISTANT,接待账号,福建省-厦门市,2026-09-16 10:59:02,0
83537,家具,ZNWX-1161,TAS1-CJJ84333-Sub,,,ASSISTANT,接待账号,福建省-厦门市,2026-02-28 17:20:32,0
83566,家具,ZNWX-1180,ZNWX-YQP82725-M,,,ASSISTANT,接待账号,福建省-福州,2026-06-10 16:15:52,0
83575,家具,ZNWX-1179,ABT1-WAH84503-sub,,,ASSISTANT,接待账号,福建省-厦门市,2026-03-07 14:11:19,0
83593,家具,ZNWX-4072,AGT2-DK83528-JS,,,ASSISTANT,接待账号,,2026-01-04 15:03:12,0
83596,家具,ZNWX-1183,ACH5-YQ84504-Sub,,,ASSISTANT,接待账号,福建省-厦门市,2026-03-05 13:42:38,0
83630,家具,ZNWX-1182,TAS4-ZHJ84506-Sub,,,ASSISTANT,接待账号,福建省-厦门市,2026-02-28 17:26:55,0
83643,家具,ZNWX-1189,ABS1-HJQ84513-Sub,+8615959351570,,ASSISTANT,接待账号,福建省-厦门市,2026-02-05 16:07:35,0
83650,家具,ZNWX-0102,ADS2-ZWC84126-su,,,ASSISTANT,接待账号,福建省-厦门市,2026-08-31 15:28:47,0
83892,家具,ZNWX-1187,AGS2-QP84523-Sub,+8619857131481,2747999394@qq.com,ASSISTANT,接待账号,福建省-厦门市,2026-01-26 14:45:28,0
83974,家具,ZNWX-4524,AFS1-OXY84524-SUB,,,ASSISTANT,接待账号,福建省-厦门市,2026-03-14 16:16:44,0
84036,家具,ZNWX-1389,ADS4-ZST84537-JC,,,ASSISTANT,接待账号,Jakarta-West Jakarta,2026-06-16 08:35:09,0
84037,家具,ZNWX-1388,ABT3-Lyc-84538-J,,,ASSISTANT,接待账号,,2026-03-31 16:32:47,0
84038,家具,ZNWX-1392,AFS2-WJJ84530-JS,,,ASSISTANT,接待账号,福建省-厦门市,2026-09-16 10:53:00,0
84051,家具,ZNWX-84565,ACS3-YYT84565-Sub,+8618950324452,,ASSISTANT,接待账号,福建省-福州,2026-05-23 17:21:20,0
84053,家具,ZNWX-1139,TAS3-CYH84455-J,+8613288095052,,ASSISTANT,接待账号,福建省-厦门市,2026-09-07 10:39:40,0
84054,家具,ZNWX-1395,TAS3-JYF84533-JS,+8618159352883,,ASSISTANT,接待账号,,2026-03-30 17:00:05,0
84066,家具,ZNWX-1396,ACS3-WK84288-JS,,,ASSISTANT,接待账号,福建省-厦门市,2026-02-11 15:38:42,0
84069,家具,ZNWX-2612,ZNWX-2612,,,ASSISTANT,接待账号,,2026-01-12 13:54:46,0
84085,家具,ZNWX-1393,TAT3-ZCH84554-J,,,ASSISTANT,接待账号,,2026-04-08 16:00:55,0
84090,家具,ZNWX-2345,TET1-LHK85865-Sub,,,ASSISTANT,接待账号,福建省-厦门市,2026-07-16 19:33:02,0
84094,家具,ZNWX-1394,ACT1-LSQ84555-JC,,,ASSISTANT,接待账号,福建省-福州,2026-09-16 09:38:02,0
84104,家具,ZNWX-1397,AFT2-XCY84531-J,,,ASSISTANT,接待账号,福建省-厦门市,2026-02-02 21:04:20,0
84118,家具,ZNWX-1398,TAH4-Putri-CSO,,,ASSISTANT,接待账号,Jakarta-Kebon Jeruk,2026-09-16 08:23:36,22
84119,家具,ZNWX-1399,AAH2-Juliant-CSO,,,ASSISTANT,接待账号,Jakarta-West Jakarta,2026-09-15 16:27:00,42
84131,家具,ZNWX-1386,AAS1-HXR84510-JC,,,ASSISTANT,接待账号,福建省-福州,2026-09-16 11:21:50,0
84181,家具,ZNWX-1401,AGS4-CYF84575-Sub,+8619020600336,1914545421@qq.com,ASSISTANT,接待账号,福建省-厦门市,2026-01-30 13:34:30,0
84237,家具,ZNWX-1402,AAT2-QH84457-JC,,,ASSISTANT,接待账号,福建省-福州,2026-05-30 17:40:42,0
84247,家具,ZNWX-1956,TES3-DCQ84581-Sub,+8618950913297,,ASSISTANT,接待账号,福建省-福州,2026-04-22 17:47:15,0
84262,家具,ZNWX-1404,AGS3-ZYZ84582-Sub,+8613515953319,,ASSISTANT,接待账号,,2026-02-21 23:22:03,0
84330,家具,ZNWX-1405,ACT3-LM84586-Sub,+8617859659682,,ASSISTANT,接待账号,,2026-01-15 11:41:01,0
84332,家具,ZNWX-1406,AAS4-LY84578-JC,,,ASSISTANT,接待账号,福建省-厦门市,2026-09-16 09:06:57,0
84349,家具,ZNWX-1410,ACS4-YD84585-Sub,,,ASSISTANT,接待账号,福建省-厦门市,2026-06-29 11:24:03,0
84574,家具,ZNWX-1420,ADS1-JZM-84603-JC,+8615537051177,,ASSISTANT,接待账号,福建省-厦门市,2026-08-04 17:56:04,0
84593,家具,ZNWX-1421,TAS4-WQY84592-Sub,,,ASSISTANT,接待账号,福建省-厦门市,2026-02-27 13:32:37,0
84615,家具,ZNWX-1435,AQS2-LZM84593-J,+8613559302009,,ASSISTANT,接待账号,福建省-厦门市,2026-09-13 22:27:30,0
84670,家具,ZNWX-1459,AFS2-LLL-84615-Sub,,,ASSISTANT,接待账号,福建省-厦门市,2026-02-11 16:52:12,0
84719,家具,ZNWX-0122,AFH4-Feby-CSO,,,ASSISTANT,接待账号,Jakarta-West Jakarta,2026-09-16 08:50:08,35
84730,家具,ZNWX-1455,AGS1-XJX84594-J,+8613313937379,15859813232@qq.com,ASSISTANT,接待账号,福建省-福州,2026-09-16 10:10:42,0
84731,家具,ZNWX-1917,ABS3-ZSY+84624-Sub,+8618859641209,,ASSISTANT,接待账号,福建省-厦门市,2026-02-28 16:24:42,0
84751,家具,ZNWX-1543,AFT5-JMX-84621-J,+8613781581654,3507375485@qq.com,ASSISTANT,接待账号,广东-广州市,2026-08-10 14:52:55,0
84945,家具,ZNWX-1426,TAT5-GWH84633-J,,,ASSISTANT,接待账号,福建省-厦门市,2026-07-27 16:33:52,0
84947,家具,ZNWX-1566,AFT2-LLW84638-Sub,,,ASSISTANT,接待账号,福建省-厦门市,2026-01-27 16:19:45,0
84997,家具,ZNWX-84636,AAS3-HX84636-JC,,,ASSISTANT,接待账号,福建省-厦门市,2026-09-16 10:46:16,3
85036,家具,ZNWX-1549,ZTA1-ZWY84649-Sub,,,ASSISTANT,接待账号,福建省-厦门市,2026-02-10 09:58:13,0
85097,家具,ZNWX-1575,AGH2-Princess-CSO,,,ASSISTANT,接待账号,Jakarta-West Jakarta,2026-08-31 16:41:06,39
85099,家具,ZNWX-1574,AAS3-ZZH84669-JC,,,ASSISTANT,接待账号,福建省-福州,2026-05-18 15:49:52,0
85150,家具,ZNWX-1551,AGH3-Tricia-CSO,,,ASSISTANT,接待账号,Metro Manila-马尼拉,2026-09-16 07:31:53,38
85151,家具,ZNWX-1552,AGH3-Lucas-CSO,,,ASSISTANT,接待账号,Metro Manila-马尼拉,2026-09-15 15:25:13,38
85156,家具,ZNWX-1553,AAH3- Carl-CSO,,,ASSISTANT,接待账号,Metro Manila-马尼拉,2026-09-16 08:47:09,39
85183,家具,ZNWX-2623,AAS5-LYX84560-JC,,,ASSISTANT,接待账号,福建省-福州,2026-05-19 13:33:41,0
85234,家具,ZNWX-1332,AUT2-ZYCX84673-Sub,,,ASSISTANT,接待账号,福建省-福州,2026-09-16 12:20:13,0
85375,家具,ZNWX-3399,AAT5-CSY84619-JC,,,ASSISTANT,接待账号,福建省-厦门市,2026-09-16 09:30:29,0
85377,家具,ZNWX-9682,AAT4-XBX84588-JC,,,ASSISTANT,接待账号,福建省-福州,2026-09-15 20:14:46,0
85390,家具,ZNWX-1587,TAT4-YLYH84676-Sub,,,ASSISTANT,接待账号,福建省-福州,2026-05-07 13:37:55,0
85438,家具,ZNWX-1583,TAS1-HJY84685-Sub,,,ASSISTANT,接待账号,,2026-04-10 17:10:57,0
85446,家具,ZNWX-0291,AAS3-LXB84605-JC,,,ASSISTANT,接待账号,福建省-Wenquan,2026-04-15 13:51:00,0
85551,家具,ZNWX-1584,TAS1-JY84690-Sub,,,ASSISTANT,接待账号,,2026-03-20 14:30:20,0
85577,家具,ZNWX-1586,TBS1-HZQ84427-J,,,ASSISTANT,接待账号,福建省-福州,2026-09-16 09:56:49,3
85721,家具,ZNWX-1195,客服负责人,,,ASSISTANT,接待账号,福建省-厦门市,2026-09-07 10:06:54,0
85722,家具,ZNWX-1196,客服负责人,,,ASSISTANT,接待账号,,2026-02-05 11:32:53,0
85752,家具,ZNWX-1199,客服负责人,,,ASSISTANT,接待账号,Kowloon-香港,2026-09-14 21:32:11,0
85863,家具,ZNWX-1562,AQS5-CJJ84158-JC,,,ASSISTANT,接待账号,福建省-厦门市,2026-08-27 10:58:47,4
85937,家具,ZNWX-1201,AGH4-Naila-CSO,,,ASSISTANT,接待账号,Jakarta-West Jakarta,2026-09-15 16:06:47,39
85939,家具,ZNWX-1202,AAH2-Eriska-CSO,,,ASSISTANT,接待账号,Jakarta-雅加达,2026-09-16 08:25:14,42
85941,家具,ZNWX-1205,ACH4-Sindi-CSO,,,ASSISTANT,接待账号,,2026-06-30 08:18:24,29
85942,家具,ZNWX-1206,AAS4-Listiya-CSO,,,ASSISTANT,接待账号,Jakarta-雅加达,2026-09-15 08:31:21,34
85944,家具,ZNWX-1207,AAH2-Tiara-CSO,,,ASSISTANT,接待账号,Jakarta-West Jakarta,2026-09-16 08:25:14,42
86011,家具,ZNWX-1569,AAH3-Andrade-CSO,,,ASSISTANT,接待账号,,2026-02-10 16:59:25,39
86031,家具,ZNWX-1732,TDS4-LL80658-JC,,,ASSISTANT,接待账号,加州-洛杉矶,2026-08-22 14:32:35,0
86145,家具,ZNWX-1975,AAT4-YYW-84401-JC,,,ASSISTANT,接待账号,福建省-厦门市,2026-09-16 09:56:49,0
86323,家具,ZNWX-1212,AFH4-Fantika-CSO,,,ASSISTANT,接待账号,Jakarta-West Jakarta,2026-09-15 16:19:16,35
86324,家具,ZNWX-1214,AFH4-Septi-CSO,,,ASSISTANT,接待账号,Jakarta-West Jakarta,2026-09-15 16:19:16,35
86325,家具,ZNWX-1216,AAS4-Lintang-CSO,,,ASSISTANT,接待账号,Jakarta-雅加达,2026-05-23 08:25:20,34
86326,家具,ZNWX-1217,APH4-Lastri-CSO,,,ASSISTANT,接待账号,Jakarta-West Jakarta,2026-09-16 08:22:40,17
86327,家具,ZNWX-1219,APH2-Nuri-CSO,,,ASSISTANT,接待账号,Jakarta-West Jakarta,2026-09-15 16:41:14,16
86328,家具,ZNWX-1220,AAH2-Rizka-CSO,,,ASSISTANT,接待账号,Jakarta-North Jakarta,2026-09-16 08:25:14,42
86696,家具,ZNWX-1226,APH5-CJfu-CSO,,,ASSISTANT,接待账号,胡志明市-胡志明市,2026-04-28 16:55:45,21
86697,家具,ZNWX-1231,AAS5-RGhui-CSO,,,ASSISTANT,接待账号,,2026-03-07 16:00:07,0
86709,家具,ZNWX-1232,AAS1-Fah-CSO,,,ASSISTANT,接待账号,素叻他尼府-Ko Pha Ngan,2026-05-08 14:08:46,31
86736,家具,ZNWX-1236,AGH5-RSxuan-CSO,,,ASSISTANT,接待账号,胡志明市-胡志明市,2026-08-28 17:00:22,30
86830,家具,ZNWX-1618,AFS3-FJQ-84721-J,,,ASSISTANT,接待账号,福建省-厦门市,2026-09-15 11:10:03,0
86970,家具,ZNWX-2026,AAT1-ZX84705-Sub,,,ASSISTANT,接待账号,福建省-厦门市,2026-09-15 16:42:24,0
86973,家具,ZNWX-1612,AFT5-ZKM84732-Sub,,,ASSISTANT,接待账号,福建省-福州,2026-05-05 14:54:34,0
87052,家具,ZNWX-1237,AAS5-RSxiang-CSO,,,ASSISTANT,接待账号,,2026-03-26 08:14:49,0
87080,家具,ZNWX-1616,ACH5-ZWH84741-Sub,,,ASSISTANT,接待账号,福建省-厦门市,2026-09-07 13:44:20,0
87103,家具,ZNWX-1615,AAS2-ZJL84742-Sub,,,ASSISTANT,接待账号,,2026-03-06 14:15:48,0
87108,家具,ZNWX-1630,ANT2-ZJY+84735-Sub,,,ASSISTANT,接待账号,福建省-福州,2026-05-06 18:17:43,0
87132,家具,ZNWX-1617,AAT2-LYL84736-JC,,,ASSISTANT,接待账号,福建省-厦门市,2026-09-16 10:01:25,0
87218,家具,ZNWX-84748,AAS3-LJH84748-JC,,,ASSISTANT,接待账号,福建省-厦门市,2026-07-11 16:55:49,0
87299,家具,ZNWX-1622,ACT3-LSL84767-JS,,,ASSISTANT,接待账号,福建省-厦门市,2026-08-26 16:49:38,0
87300,家具,ZNWX-1621,AAS4-YYF84766-JC,,,ASSISTANT,接待账号,福建省-福州,2026-09-14 17:19:35,0
87307,家具,ZNWX-1623,TET1-YGY84769-J,,,ASSISTANT,接待账号,福建省-厦门市,2026-09-02 13:48:46,0
87309,家具,ZNWX-0830,AAS1-Mind-CSO,,,ASSISTANT,接待账号,曼谷-Samphanthawong,2026-09-15 22:00:38,31
87364,家具,ZNWX-1626,AAS1-SLY84784-JC,,,ASSISTANT,接待账号,福建省-厦门市,2026-09-15 20:23:06,0
87401,家具,ZNWX-1624,AFT2-XZT+84770-JC,,,ASSISTANT,接待账号,福建省-福州,2026-09-15 20:43:56,0
87412,家具,ZNWX-2346,TET1-TZ84775-J,,,ASSISTANT,接待账号,福建省-厦门市,2026-07-02 15:09:33,0
87435,家具,ZNWX-1576,ZNWX-1576,,,ASSISTANT,接待账号,,2026-04-02 09:04:51,0
87494,家具,ZNWX-0843,APH1-Fame-CSO,,,ASSISTANT,接待账号,素叻他尼府-Ko Pha Ngan,2026-05-09 15:08:29,36
87521,家具,ZNWX-2347,TET1-ZWX84792-J,,,ASSISTANT,接待账号,福建省-厦门市,2026-09-14 10:34:00,0
87546,家具,ZNWX-1625,ZNWX-1625,,,ASSISTANT,接待账号,油尖旺區-旺角,2026-09-16 13:06:32,0
87551,家具,ZNWX-2611,ZNWX-2611,,,ASSISTANT,接待账号,,2026-03-15 17:31:00,0
87582,家具,ZNWX-4399,ATT2-LYM84796-JC,,,ASSISTANT,接待账号,福建省-厦门市,2026-09-15 09:29:37,3
87586,家具,ZNWX-1627,AAS4-LRN84578-Sub,,,ASSISTANT,接待账号,福建省-福州,2026-05-11 13:31:12,0
87644,家具,ZNWX-1241,ACH4-Ragil-CSO,,,ASSISTANT,接待账号,Jakarta-雅加达,2026-06-10 08:42:10,29
87646,家具,ZNWX-84816,AAS3-WDD84816-JC,,,ASSISTANT,接待账号,福建省-福州,2026-05-30 15:43:40,0
87699,家具,ZNWX-1578,ASS2-QDN84824-J,,,ASSISTANT,接待账号,上法兰西大区-鲁贝,2026-09-16 12:48:55,1
87754,家具,AAS5-DZ84832-Sub,AAS5-DZ84832-Sub,,,ASSISTANT,接待账号,福建省-厦门市,2026-07-31 15:43:28,2
87787,家具,ZNWX-3313,ABS3-JN-84833-Sub,,,ASSISTANT,接待账号,福建省-福州,2026-09-16 11:21:04,0
87976,家具,ZNWX-0316,ASS4-MJX84890-JC,+8618596810739,554424738@qq.com,ASSISTANT,接待账号,福建省-厦门市,2026-07-27 13:32:27,0
87983,家具,ZNWX-1628,ASS1-YHL84885-Sub,+8615859182321,,ASSISTANT,接待账号,,2026-04-30 17:23:03,0
87990,家具,ZNWX-1637,ZAA4-XDH84839-JC,+8613030991937,,ASSISTANT,接待账号,,2026-04-02 11:47:09,0
87998,家具,ZNWX-1640,ZNWX-1640,,,ASSISTANT,接待账号,,2026-04-02 12:13:44,0
88035,家具,ZNWX-1636,ZTA3-WYT-J,,,ASSISTANT,接待账号,,2026-04-01 18:50:56,0
88042,家具,ZNWX-1644,TAS4-ZZZ84856-J,,,ASSISTANT,接待账号,福建省-厦门市,2026-09-16 09:12:12,0
88050,家具,ZNWX-1645,AST1-HYP84869-Sub,,,ASSISTANT,接待账号,福建省-福州,2026-09-15 11:39:09,0
88090,家具,ZNWX-1646,APT3-WX84876-JC,+8615205900739,,ASSISTANT,接待账号,福建省-福州,2026-09-16 09:04:32,0
88111,家具,ZNWX-1647,AFS2-SSY-84882-JC,+8618973207574,eagletata@163.com,ASSISTANT,接待账号,福建省-厦门市,2026-09-15 10:30:59,0
88154,家具,ZNWX-1249,AAS5-RWZfu-CSO,,,ASSISTANT,接待账号,,2026-03-18 11:13:52,0
88346,家具,ZNWX-1649,ADS4-FXY1649-Sub,,,ASSISTANT,接待账号,福建省-厦门市,2026-04-20 17:46:38,0
88358,家具,ZNWX-1650,ZNWX-1650,,,ASSISTANT,接待账号,福建省-厦门市,2026-07-31 16:50:29,0
88400,家具,ZNWX-1652,AAT4-ZWD84911-JC,,,ASSISTANT,接待账号,福建省-厦门市,2026-09-16 12:52:57,0
88401,家具,ZNWX-1653,ZNWX-1653,,,ASSISTANT,接待账号,福建省-福州,2026-04-23 17:33:54,0
88416,家具,ZNWX-1674,AGS2-XJJ84932-Sub,+8615870758704,1550434710@qq.com,ASSISTANT,接待账号,福建省-福州,2026-04-30 09:37:00,0
88547,家具,ZNWX-0937,AGS5-WYZ84962-J,+8618144120498,,ASSISTANT,接待账号,福建省-厦门市,2026-09-05 15:08:04,0
88548,家具,ZNWX-0941,AJS2-ZY84975-JC,,,ASSISTANT,接待账号,福建省-福州,2026-04-24 11:04:19,0
88553,家具,ZNWX-0943,AAS5-XLJ84977-JC,,,ASSISTANT,接待账号,福建省-福州,2026-06-08 10:48:36,0
88554,家具,ZNWX-0953,ZTA1-QXY,,,ASSISTANT,接待账号,,2026-04-06 20:41:38,0
88555,家具,ZNWX-0940,AAS2-WZH84974-JC,,,ASSISTANT,接待账号,福建省-福州,2026-09-16 09:11:20,0
88557,家具,ZNWX-0951,TAT4-YYD84980-JC,+8613950738686,,ASSISTANT,接待账号,福建省-厦门市,2026-08-22 09:48:52,0
88569,家具,ZNWX-0956,TAS1-WJH84991-J,,,ASSISTANT,接待账号,福建省-福州,2026-04-22 14:53:59,0
88572,家具,ZNWX-0957,TAS4-JGL84987-J,,,ASSISTANT,接待账号,,2026-04-30 13:59:36,0
88574,家具,ZNWX-0942,AQT2-WYL84976-J,+8615959968939,,ASSISTANT,接待账号,福建省-厦门市,2026-09-10 11:06:34,0
88575,家具,ZNWX-1592,TAS3-YBB84995-J,+8615860557359,,ASSISTANT,接待账号,福建省-福州,2026-09-16 12:57:14,0
88576,家具,ZNWX-0954,ACT1-WTY84979-JC,+8619515928038,,ASSISTANT,接待账号,福建省-福州,2026-09-15 11:53:01,0
88579,家具,ZNWX-0938,APT4-WC-84971-JC,+8613003812771,,ASSISTANT,接待账号,福建省-厦门市,2026-08-31 18:24:42,0
88604,家具,ZNWX-1014,ADS1-ZLF-85000-Sub,,,ASSISTANT,接待账号,福建省-厦门市,2026-07-31 15:35:54,0
88646,家具,ZNWX-6324,AFT1-YJX85030-Sub,,,ASSISTANT,接待账号,福建省-福州,2026-09-12 10:30:15,0
88675,家具,ZNWX-1257,AGH2-Evi-CSO,,,ASSISTANT,接待账号,Jakarta-West Jakarta,2026-09-15 19:14:23,39
88676,家具,ZNWX-1259,AAS4-Veni-CSO,,,ASSISTANT,接待账号,,2026-09-16 08:35:42,34
88677,家具,ZNWX-1260,AAS4-Aulia-CSO,,,ASSISTANT,接待账号,Jakarta-雅加达,2026-09-15 20:35:20,34
88678,家具,ZNWX-1261,AAS4-Annisa-CSO,,,ASSISTANT,接待账号,Jakarta-雅加达,2026-09-16 08:35:49,34
88679,家具,ZNWX-1262,ACH4-Casella-CSO,,,ASSISTANT,接待账号,Jakarta-Kebon Jeruk,2026-09-15 09:00:36,29
88740,家具,ZNWX-8588,AFS4-PJH85041-JC,+8618089750390,,ASSISTANT,接待账号,福建省-厦门市,2026-09-14 09:19:10,0
88742,家具,ZNWX-1085,TAT4-XJY85003-Sub,,,ASSISTANT,接待账号,,2026-04-05 00:36:37,0
88746,家具,ZNWX-1086,TAS1-HZL85040-J,,,ASSISTANT,接待账号,福建省-福州,2026-04-21 17:23:23,0
88757,家具,ZNWX-1273,AGH5-RDMyuan-CSO,,,ASSISTANT,接待账号,Hanoi-河內市,2026-09-16 10:47:01,30
88869,家具,ZNWX-1045,AQT2-WMY85033-Sub,+8613063298871,,ASSISTANT,接待账号,福建省-福州,2026-09-16 10:19:32,0
88872,家具,ZNWX-1044,AQT2-LQY85039-J,+8619562221056,,ASSISTANT,接待账号,福建省-福州,2026-09-16 09:03:05,0
88903,家具,ZNWX-1167,AGS4-SHB85053-Sub,+8618575816463,3280461275@qq.com,ASSISTANT,接待账号,福建省-Wenquan,2026-09-15 16:02:21,0
88908,家具,ZNWX-1050,Mason Yu,+8615060305862,,ASSISTANT,接待账号,福建省-福州市,2026-08-22 21:53:02,0
89010,家具,ZNWX-1042,ACS1-YWT85043-Sub,+8615945190561,,ASSISTANT,接待账号,福建省-厦门市,2026-07-03 15:06:06,0
89027,家具,ZNWX-1184,AFS1-YH85050-J,,,ASSISTANT,接待账号,福建省-福州,2026-09-16 10:24:20,0
89103,家具,ZNWX-0178,APH3-Kathleen- CSO,,,ASSISTANT,接待账号,Metro Manila-马尼拉,2026-09-15 07:46:16,40
89141,家具,ZNWX-1181,AFT3-CJ85123-JS,+8617359044289,,ASSISTANT,接待账号,福建省-厦门市,2026-09-11 11:59:16,0
89143,家具,ZNWX-1336,ASS2-YXL85121-J,+8615105963028,,ASSISTANT,接待账号,福建省-厦门市,2026-09-16 09:35:35,1
89150,家具,ZNWX-85077,AUS2-KLP85077-J,,,ASSISTANT,接待账号,福建省-厦门市,2026-09-14 15:48:35,0
89207,家具,ZNWX-1588,TAS4-TYL85085-J,+8617750758333,,ASSISTANT,接待账号,福建省-厦门市,2026-09-09 20:27:44,3
89208,家具,ZNWX-85122,AJS2-CF85122-Sub,,,ASSISTANT,接待账号,福建省-福州,2026-04-30 16:57:08,0
89215,家具,ZNWX-1275,ZNWX-1275,+8618650150114,,ASSISTANT,接待账号,福建省-福州,2026-09-16 09:13:59,0
89235,家具,ZNWX-1470,AFS2-JLL85117-Sub,,,ASSISTANT,接待账号,福建省-福州,2026-04-30 13:30:46,0
89246,家具,ZNWX-0331,AFT1-JLN85079-J,,,ASSISTANT,接待账号,福建省-厦门市,2026-09-05 16:00:01,0
89257,家具,ZNWX-1277,AAS2-FQN85129-Sub,,,ASSISTANT,接待账号,福建省-福州,2026-09-16 12:46:30,0
89266,家具,ZNWX-1279,AFS3-HJC85088-JS,+8613459589214,,ASSISTANT,接待账号,福建省-福州,2026-09-16 12:47:00,0
89267,家具,ZNWX-1278,ASS5-LZY84320-JC,,,ASSISTANT,接待账号,福建省-福州,2026-06-11 19:57:00,0
89270,家具,ZNWX-9534,ABS3-LZM84593-Sub,,,ASSISTANT,接待账号,福建省-厦门市,2026-08-07 23:36:14,0
89280,家具,ZNWX-1280,AAS4-WXY85137-Sub,,,ASSISTANT,接待账号,东爪哇省-泗水,2026-05-28 17:54:49,0
89285,家具,ZNWX-1282,TES3-ZYX85076-J,+8617318396732,,ASSISTANT,接待账号,福建省-福州,2026-05-30 15:46:07,0
89300,家具,ZNWX-9347,ABS3-WYQ+85067-JS,,,ASSISTANT,接待账号,福建省-厦门市,2026-09-16 09:03:02,0
89372,家具,ZNWX-1283,ACH5-LGxiong-CSO,,,ASSISTANT,接待账号,胡志明市-胡志明市,2026-09-16 08:57:50,14
89373,家具,ZNWX-1284,AAH5-PSHyun-CSO,,,ASSISTANT,接待账号,Hanoi-河內市,2026-09-15 16:54:23,30
89410,家具,ZNWX-1305,TAS5-CBH85108-J,+8615959621319,835018437@qq.com,ASSISTANT,接待账号,福建省-厦门市,2026-07-14 13:30:22,0
89438,家具,ZNWX-0936,TETI-HQY85790-sub,,,ASSISTANT,接待账号,福建省-厦门市,2026-07-25 16:28:07,0
89555,家具,ZNWX-1597,AUS1-LFY85087-JC,+8615759025652,1738382423@qq.com,ASSISTANT,接待账号,福建省-福州,2026-09-16 09:05:50,0
89611,家具,ZNWX-2642,AGT1-XY85141-Sub,,,ASSISTANT,接待账号,福建省-福州,2026-05-22 16:16:56,0
89625,家具,ZNWX-1310,TAS1-LYY85149-JC,,,ASSISTANT,接待账号,福建省-厦门市,2026-07-22 13:41:44,0
89631,家具,ZNWX-1285,ACT2-84988+LJX-sub,,,ASSISTANT,接待账号,福建省-厦门市,2026-09-04 14:05:46,0
89634,家具,ZNWX-1286,ACT2-JSP84808-sub,,,ASSISTANT,接待账号,福建省-福州,2026-09-15 16:53:30,0
89729,家具,ZNWX-1473,AGH5-MSQwei-CSO,,,ASSISTANT,接待账号,Hanoi-河內市,2026-09-15 08:59:03,30
89786,家具,ZNWX-1869,TCS3-YSQ83446-J,+8615159296483,,ASSISTANT,接待账号,,2026-08-27 15:39:31,0
89826,家具,ZNWX-1571,ZNWX-1571,,,ASSISTANT,接待账号,猶他州-布拉夫戴尔,2026-08-13 11:37:08,0
89827,家具,ZNWX-1572,ASS5-LMT85153-JC,+8615159391452,,ASSISTANT,接待账号,福建省-厦门市,2026-08-31 15:56:05,5
90058,家具,ZNWX-1312,AAS1-HYH85169-sub,,,ASSISTANT,接待账号,福建省-福州,2026-09-16 09:16:37,0
90078,家具,ZNWX-1555,TBS1-WMS85128-Sub,,,ASSISTANT,接待账号,福建省-厦门市,2026-09-15 14:07:10,3
90081,家具,ZNWX-1568,TAS2-LXW85159-J,,,ASSISTANT,接待账号,福建省-厦门市,2026-09-16 09:12:35,0
90127,家具,ZNWX-1474,ACT1-GFD,+8615779286136,,ASSISTANT,接待账号,,2026-07-04 11:07:01,0
90190,家具,ZNWX-1321,AGS3-WYX85170-sub,,,ASSISTANT,接待账号,福建省-福州,2026-05-30 16:00:24,0
90236,家具,ZNWX-1452,AAS1-Dollar-CSO,,,ASSISTANT,接待账号,曼谷-Samphanthawong,2026-09-15 22:00:31,31
90238,家具,ZNWX-1458,TAT1-HWM85185-Sub,+8619890462700,1204034945@qq.com,ASSISTANT,接待账号,福建省-福州,2026-09-16 09:10:45,6
90660,家具,ZNWX-0413,ADT1-RJH85213-Sub,,,ASSISTANT,接待账号,福建省-厦门市,2026-06-30 09:54:09,0
90868,家具,ZNWX-5160,AAH5-YSMniang-CSO,,,ASSISTANT,接待账号,Hanoi-河內市,2026-09-16 10:47:00,28
90966,家具,ZNWX-1539,ASS1-XWY-85241sub,+8615046309250,,ASSISTANT,接待账号,福建省-厦门市,2026-08-19 09:13:52,0
90981,家具,ZNWX-85182,AST1-SGFX-85182-JC,,,ASSISTANT,接待账号,福建省-福州,2026-09-16 09:13:29,0
91095,家具,ZNWX-1514,AGH1-Pompam-CSO,,,ASSISTANT,接待账号,曼谷-Samphanthawong,2026-09-16 13:21:27,33
91097,家具,ZNWX-1540,AGH1-Paer-CSO,,,ASSISTANT,接待账号,曼谷-曼谷,2026-08-16 15:56:51,33
91106,家具,ZNWX-5161,AAH2-Syifa-CSO,,,ASSISTANT,接待账号,Jakarta-West Jakarta,2026-09-15 08:26:35,42
91107,家具,ZNWX-5163,AAH2-Lisna-CSO,,,ASSISTANT,接待账号,Jakarta-West Jakarta,2026-09-15 16:26:59,42
91110,家具,ZNWX-5164,APH2-Yosenia-CSO,,,ASSISTANT,接待账号,Jakarta-Kebon Jeruk,2026-09-16 08:40:10,16
91112,家具,ZNWX-5165,TAH4-Carisa-CSO,,,ASSISTANT,接待账号,Jakarta-West Jakarta,2026-09-15 16:42:31,22
91139,家具,ZNWX-1694,ACS4-XHH85261-JC,,,ASSISTANT,接待账号,福建省-厦门市,2026-09-16 09:09:37,0
91140,家具,ZNWX-1698,AQS1-HXZ+85263-J,,,ASSISTANT,接待账号,福建省-厦门市,2026-09-16 09:00:44,0
91141,家具,ZNWX-1696,ZNWX-1696,,,ASSISTANT,接待账号,福建省-厦门市,2026-06-29 10:48:52,0
91142,家具,ZNWX-1693,ZNWX-1693,,,ASSISTANT,接待账号,福建省-厦门市,2026-08-04 17:40:47,0
91146,家具,ZNWX-1700,APT1-TXY-85281-JC,,,ASSISTANT,接待账号,福建省-福州,2026-09-16 09:34:52,0
91154,家具,ZNWX-1697,AGS2-WZX85257-J,,,ASSISTANT,接待账号,福建省-厦门市,2026-06-18 16:29:17,0
91156,家具,ZNWX-1325,TAT2-WJB85272-J,,,ASSISTANT,接待账号,福建省-福州,2026-05-30 18:44:26,0
91173,家具,ZNWX-5168,AAA1-Fame-CSA,,,ASSISTANT,接待账号,曼谷-Samphanthawong,2026-09-15 17:30:00,0
91194,家具,ZNWX-1695,TAT3-LY85265-J,,,ASSISTANT,接待账号,福建省-福州,2026-06-17 11:25:14,0
91271,家具,ZNWX-1707,TAH3-CARLOS-CSO,,,ASSISTANT,接待账号,Metro Manila-马尼拉,2026-09-16 12:06:33,13
91283,家具,ZNWX-1701,AGS1-ZQF85310-Sub,,,ASSISTANT,接待账号,福建省-福州,2026-09-16 09:16:46,0
91290,家具,ZNWX-1705,TAT4-QXW85239-Sub,,,ASSISTANT,接待账号,福建省-福州,2026-05-06 19:20:32,0
91340,家具,ZNWX-1709,TAH3-Marj-CSA,,,ASSISTANT,接待账号,Metro Manila-马尼拉,2026-09-16 12:27:43,0
91364,家具,ZNWX-1710,ACT3-LZY85315-sub,+8619859729395,,ASSISTANT,接待账号,福建省-福州,2026-06-12 16:35:11,0
91455,家具,ZNWX-LYH4282,ZNWX-LYH4282,,,ASSISTANT,接待账号,福建省-福州,2026-05-19 15:09:46,0
91463,家具,ZNWX-5170,AAS4-winda-M,,,ASSISTANT,接待账号,Jakarta-West Jakarta,2026-09-16 08:37:25,0
91471,家具,ZNWX-5173,ACH4-Mega-CSO,,,ASSISTANT,接待账号,Jakarta-Kebon Jeruk,2026-09-16 08:46:49,29
91485,家具,ZNWX-1327,TBT3-KY85316-Sub,,,ASSISTANT,接待账号,福建省-厦门市,2026-06-18 15:02:12,0
91553,家具,ZNWX-85335,AAS3-WC85335-CSC,+8619204951847,,ASSISTANT,接待账号,福建省-厦门市,2026-06-30 13:34:30,0
91677,家具,ZNWX-5181,AGH2-Astrid-CSO,,,ASSISTANT,接待账号,Jakarta-West Jakarta,2026-08-31 16:41:06,39
91678,家具,ZNWX-5182,AAH2-Maria-CSO,,,ASSISTANT,接待账号,Jakarta-West Jakarta,2026-09-16 08:25:13,42
91679,家具,ZNWX-5183,AAH2-Khumairah-CSO,,,ASSISTANT,接待账号,Jakarta-West Jakarta,2026-09-15 16:27:02,42
91680,家具,ZNWX-5184,ACH4-Sintia-CSO,,,ASSISTANT,接待账号,Jakarta-雅加达,2026-06-08 16:25:16,29
91707,家具,ZNWX-85344,ZNWX-85344,,,ASSISTANT,接待账号,福建省-福州,2026-04-27 17:28:33,0
91726,家具,ZNWX-1322,ZNWX-1322,+8616631078296,,ASSISTANT,接待账号,福建省-福州,2026-06-30 16:33:33,0
91736,家具,ZNWX-1348,ACS3-ZWF85371-JS,+8618359330344,,ASSISTANT,接待账号,福建省-厦门市,2026-09-15 14:07:43,0
91744,家具,ZNWX-1360,TAS2-WHL85353-J,+8613067969046,1348856772@qq.com,ASSISTANT,接待账号,福建省-厦门市,2026-07-02 17:26:54,0
91755,家具,ZNWX-1361,AJS2-CJC85344-J,,,ASSISTANT,接待账号,福建省-福州,2026-05-04 15:26:17,0
91784,家具,ZNWX-1403,ZNWX-1403,,,ASSISTANT,接待账号,福建省-福州,2026-04-30 14:56:29,0
91802,家具,ZNWX-1478,ADS4-RDJ85378-Sub,,,ASSISTANT,接待账号,福建省-厦门市,2026-08-06 13:31:16,0
91888,家具,ZNWX-1721,AUT2-LP85243-Sub,+8615392326386,,ASSISTANT,接待账号,福建省-厦门市,2026-09-15 13:49:07,0
91955,家具,ZNWX-1362,ABS3+YCY+85338-JC,,,ASSISTANT,接待账号,福建省-厦门市,2026-09-16 09:06:16,0
92088,家具,ZNWX-5192,TAH4-Ivana-CSO,,,ASSISTANT,接待账号,Jakarta-雅加达,2026-07-30 15:25:27,22
92094,家具,ZNWX-84749,AAS3-QXH84749-JC,+8615059965235,,ASSISTANT,接待账号,福建省-福州,2026-09-16 08:56:56,4
92109,家具,ZNWX-5207,APH5-HSZlu-CSO,,,ASSISTANT,接待账号,胡志明市-胡志明市,2026-09-16 08:50:50,20
92129,家具,ZNWX-85403,AAS3-CKY85403-CSC,,,ASSISTANT,接待账号,福建省-福州,2026-05-09 08:58:53,0
92132,家具,ZNWX-1712,AAS1-WX85406-sub,,,ASSISTANT,接待账号,福建省-福州,2026-09-16 09:10:19,0
92134,家具,ZNWX-9540,TBS3-TL80540-J,,,ASSISTANT,接待账号,福建省-厦门市,2026-09-16 09:57:03,0
92156,家具,ZNWX-8520,AAT3-HKX84990-Sub,,,ASSISTANT,接待账号,福建省-厦门市,2026-09-14 09:50:21,0
92203,家具,ZNWX-1726,AAS1-King-CSO,,,ASSISTANT,接待账号,曼谷-Samphanthawong,2026-09-16 09:09:59,27
92227,家具,ZNWX-1729,AGS2-JCDJY85407-Sub,+8613260796961,1940133849@qq.com,ASSISTANT,接待账号,福建省-厦门市,2026-09-10 14:01:47,0
92263,家具,znwx-4568,AFS3-CCC85432-JC,+8618502257260,,ASSISTANT,接待账号,北海道-札幌市,2026-09-16 13:01:25,0
92271,家具,ZNWX-1730,AGS2-LYL85426-Sub,+8615059924995,1256448870@qq.com,ASSISTANT,接待账号,福建省-福州,2026-06-13 13:44:17,0
92286,家具,ZNWX-1731,AFT2-XF+85438-Sub,+8619535104657,,ASSISTANT,接待账号,福建省-福州,2026-05-08 17:34:04,0
92288,家具,ZNWX-2656,AGT1-YM85434-Sub,,,ASSISTANT,接待账号,福建省-厦门市,2026-08-21 14:46:00,0
92290,家具,ZNWX-1733,AFS2-SY85430-Sub,+8613278778944,,ASSISTANT,接待账号,福建省-福州,2026-06-05 14:03:30,0
92378,家具,ZNWX-85447,AAS5-WXH85447-Sub,,,ASSISTANT,接待账号,福建省-厦门市,2026-08-31 15:18:56,9
92381,家具,ZNWX-1738,AAS1-Nah-CSO,,,ASSISTANT,接待账号,曼谷-Samphanthawong,2026-09-16 09:09:54,31
92395,家具,ZNWX-1739,AGT3-WJM85435-JC,+8618688813128,,ASSISTANT,接待账号,福建省-福州,2026-09-15 17:58:43,2
92418,家具,ZNWX-1736,ZNWX-1736,,2021329921@qq.com,ASSISTANT,接待账号,福建省-福州,2026-08-28 16:11:25,0
92421,家具,ZNWX-1740,ZNWX-1740,,1244084560@qq.com,ASSISTANT,接待账号,福建省-厦门市,2026-06-29 13:32:41,0
92422,家具,ZNWX-8543,TAS4-LXL85413-sub,,,ASSISTANT,接待账号,福建省-厦门市,2026-07-31 20:15:47,0
92652,家具,ZNWX-85458,AAJ2-LTT85458-sub,,,ASSISTANT,接待账号,福建省-福州,2026-05-22 14:17:52,0
92718,家具,ZNWX-1741,TAT4-WWZ85444-Sub,,,ASSISTANT,接待账号,,2026-05-12 11:10:09,0
92741,家具,ZNWX-1742,AQS1-HJX-85466-JS,,,ASSISTANT,接待账号,福建省-厦门市,2026-09-16 09:02:46,0
92766,家具,ZNWX-1743,AAH3-Baldo-CSO,,,ASSISTANT,接待账号,Metro Manila-马尼拉,2026-09-15 15:54:02,39
92802,家具,ZNWX-1746,AAS2-LEDF85467-Sub,,,ASSISTANT,接待账号,上海市-上海,2026-09-12 13:43:43,0
92836,家具,ZNWX-1745,ZNWX-YWJ-1745,,,ASSISTANT,接待账号,福建省-福州,2026-06-04 09:42:33,0
92899,家具,ZNWX-4396,AUT1-GYR85448-Sub,+8617750636354,,ASSISTANT,接待账号,福建省-福州,2026-09-16 11:27:42,1
92973,家具,ZNWX-1748,AAS4-LKR85484-Sub,,,ASSISTANT,接待账号,福建省-厦门市,2026-09-16 09:09:04,0
93050,家具,ZNWX-1747,ASS5-WSL85175-J,,,ASSISTANT,接待账号,,2026-05-15 20:23:53,0
93051,家具,ZNWX-1750,ACS2-WSL85175-JC,,,ASSISTANT,接待账号,福建省-厦门市,2026-09-08 15:21:06,0
93162,家具,ZNWX-1752,AGT2-WYT-85491-J,,,ASSISTANT,接待账号,福建省-福州,2026-09-16 09:08:53,0
93163,家具,ZNWX-1755,AGT3-ZHT85494-J,+8613774660440,,ASSISTANT,接待账号,福建省-厦门市,2026-09-15 14:59:27,0
93169,家具,ZNWX-1758,AJS2-ZL-85497-J,,,ASSISTANT,接待账号,福建省-厦门市,2026-09-15 11:14:56,0
93171,家具,ZNWX-1761,AJS2-FJX85492-J,,,ASSISTANT,接待账号,福建省-福州,2026-09-15 20:15:52,0
93173,家具,ZNWX-1754,TBT1-DBY-J,,,ASSISTANT,接待账号,福建省-福州,2026-09-16 09:59:36,0
93179,家具,ZWNX-81692,ACS2-SWL81692-Sub,,,ASSISTANT,接待账号,福建省-厦门市,2026-09-05 09:11:57,0
93181,家具,ZNWX-1751,ASS1-JXY85490-JC,,,ASSISTANT,接待账号,福建省-厦门市,2026-07-02 17:26:04,0
93194,家具,ZNWX-5011,ZNWX-5011,,,ASSISTANT,接待账号,福建省-福州,2026-05-21 13:34:58,0
93195,家具,ZNWX-1757,AAT5-hyd85496-JC,,,ASSISTANT,接待账号,福建省-福州,2026-06-03 16:54:57,0
93262,家具,ZNWX-5268,AGH1-Fa-CSO,,,ASSISTANT,接待账号,曼谷-曼谷,2026-09-14 13:57:21,33
93263,家具,ZNWX-5270,APH1-Eye-CSO,,,ASSISTANT,接待账号,曼谷-Samphanthawong,2026-09-16 08:58:37,36
93362,家具,ZNWX-1764,ACS1-LCH85538-Sub,+8619063055659,3201005800@qq.com,ASSISTANT,接待账号,福建省-厦门市,2026-08-13 16:04:20,0
93413,家具,ZNWX-1769,AFT2-ZHB+85533-Sub,,,ASSISTANT,接待账号,福建省-福州,2026-05-30 16:48:35,0
93460,家具,ZNWX-5290,AAS4-Naurah-CSO,,,ASSISTANT,接待账号,Jakarta-雅加达,2026-08-21 16:30:05,34
93464,家具,ZNWX-1770,ABS2-CY85576-Sub,,,ASSISTANT,接待账号,福建省-厦门市,2026-07-04 09:09:28,0
93526,家具,FF-测试账号,FF-测试账号,+8618965637800,AI@viraleee.com,ASSISTANT,接待账号,福建省-厦门市,2026-05-28 21:50:40,0
93528,家具,ZNWX-5291,ACS2-YYJ-M,,,ASSISTANT,接待账号,福建省-厦门市,2026-05-28 13:53:02,0
93529,家具,ZNWX-5293,ACS2-OYQH-M,,,ASSISTANT,接待账号,福建省-厦门市,2026-05-29 17:33:02,0
93530,家具,ZNWX-5294,ACS2-ZYH-M,,,ASSISTANT,接待账号,福建省-厦门市,2026-05-29 17:29:55,0
93531,家具,ZNWX-5295,ACS2-KYT-M,,,ASSISTANT,接待账号,福建省-厦门市,2026-06-13 11:52:45,0
93532,家具,ZNWX-5296,ACS2-ZXP-M,,,ASSISTANT,接待账号,福建省-厦门市,2026-05-23 08:54:58,0
93533,家具,ZNWX-5297,ACS2-ZYY-M,,,ASSISTANT,接待账号,,2026-05-21 21:34:39,0
93534,家具,ZNWX-5298,ACS2-PT-M,,,ASSISTANT,接待账号,福建省-厦门市,2026-05-30 16:42:46,0
93535,家具,ZNWX-5299,ACS2-CSQ-M,,,ASSISTANT,接待账号,福建省-厦门市,2026-05-26 14:26:10,0
93571,家具,ZNWX-1771,AGT2-LX+85586-Sub,,,ASSISTANT,接待账号,福建省-厦门市,2026-09-08 15:38:32,0
93605,家具,ZNWX-1762,AAT2-CFQ85489-Sub,,,ASSISTANT,接待账号,福建省-厦门市,2026-06-16 11:07:26,0
93631,家具,ZNWX-1772,AAT2-C85572-Sub,,,ASSISTANT,接待账号,福建省-厦门市,2026-09-16 09:03:14,0
93717,家具,ZNWX-5609,TAS4-SJY85609-Sub,,,ASSISTANT,接待账号,福建省-厦门市,2026-09-16 09:14:58,9
93733,家具,ZNWX-1778,ZNWX-1778,,,ASSISTANT,接待账号,,2026-05-25 16:14:59,18
93750,家具,ZNWX-6525,ZNWX-PJ85599-Sub,,,ASSISTANT,接待账号,福建省-福州,2026-05-26 21:08:24,0
93757,家具,ZNWX-1777,AAS3-XWJ85598-JC,,,ASSISTANT,接待账号,福建省-福州,2026-09-16 09:06:46,3
93774,家具,ZNWX-1780,ACT1-LZM85611-JC,+8619306058669,,ASSISTANT,接待账号,福建省-厦门市,2026-09-15 11:15:24,0
93812,家具,ZNWX-5356,管培生：蒲婷,,,ASSISTANT,接待账号,福建省-厦门市,2026-08-24 16:26:11,0
93813,家具,ZNWX-5357,管培生：张莹莹,,,ASSISTANT,接待账号,上海市-上海,2026-08-30 14:58:06,0
93814,家具,ZNWX-5358,管培生：苏卓琳,,,ASSISTANT,接待账号,福建省-厦门市,2026-09-05 10:00:30,0
93815,家具,ZNWX-5359,管培生：康雨桐,,,ASSISTANT,接待账号,福建省-福州,2026-06-22 20:38:40,0
93818,家具,ZNWX-1782,AFS1-CZC85626-JC,,,ASSISTANT,接待账号,福建省-厦门市,2026-09-16 09:09:34,0
93821,家具,ZNWX-1781,AAS2-HCH85628-Sub,,,ASSISTANT,接待账号,福建省-福州,2026-06-11 13:31:46,0
93827,家具,ZNWX-1783,AGS4-XYX85629-Sub,+8615159972105,,ASSISTANT,接待账号,福建省-厦门市,2026-07-11 17:32:21,0
93869,家具,ZNWX-5244,APH1-Phat-CSO,,,ASSISTANT,接待账号,曼谷-Bang Rak,2026-09-12 17:59:40,36
93883,家具,ZNWX-1784,TAT4-LL85601-JC,,,ASSISTANT,接待账号,福建省-厦门市,2026-07-10 16:22:32,0
93889,家具,ZNWX-85637,AAS3-HJQ85637-CSC,,,ASSISTANT,接待账号,福建省-福州,2026-06-08 13:41:09,0
93966,家具,ZNWX-85641,AAS3-LHF85641-CSC,,,ASSISTANT,接待账号,福建省-厦门市,2026-09-08 22:50:24,0
93969,家具,ZNWX-0528,ZNWX-0528,,,ASSISTANT,接待账号,福建省-厦门市,2026-08-07 17:43:15,0
93989,家具,ZNWX-1786,AFS1-LYF85642-Sub,,,ASSISTANT,接待账号,福建省-厦门市,2026-07-31 18:29:58,0
94050,家具,ZNWX-1788,AST2-LXP85624-J,+8615716056300,,ASSISTANT,接待账号,福建省-厦门市,2026-07-02 14:41:50,0
94087,家具,ZNWX-5272,AGH4-Ririn-CSO,,,ASSISTANT,接待账号,Jakarta-Kebon Jeruk,2026-09-16 08:50:16,35
94108,家具,ZNWX-3447,ZNWX-3447,,,ASSISTANT,接待账号,福建省-厦门市,2026-07-21 15:58:25,0
94109,家具,znwx4949,ANS3-LXM85654-J,+8618704464902,,ASSISTANT,接待账号,福建省-福州,2026-09-16 09:08:17,0
94114,家具,ZNWX-0536,AAT5-ZYS85684-Sub,,,ASSISTANT,接待账号,福建省-厦门市,2026-09-08 16:56:15,4
94121,家具,ZNWX-85677,AJS2-WJH85677-Sub,,,ASSISTANT,接待账号,福建省-厦门市,2026-09-16 12:48:42,0
94124,家具,ZNW-1797,ZNW-1797,,,ASSISTANT,接待账号,福建省-福州,2026-09-15 17:02:05,0
94125,家具,ZNWX-1796,ZNWX-LXY85653-J,,,ASSISTANT,接待账号,福建省-厦门市,2026-08-14 13:42:19,0
94186,家具,ZNWX-1798,ACS3-ZQZ85656-JS,+8618985430163,,ASSISTANT,接待账号,福建省-厦门市,2026-09-15 09:18:37,0
94187,家具,ZNWX-8647,AQS3-CWT+85644-Sub,,,ASSISTANT,接待账号,福建省-福州,2026-09-16 09:06:54,13
94269,家具,ZNWX-1804,TAT2-JY-85657-JS,,,ASSISTANT,接待账号,福建省-福州,2026-09-16 10:01:11,3
94270,家具,ZNWX-1795,ZNWX-1795,,,ASSISTANT,接待账号,福建省-厦门市,2026-08-28 14:32:52,0
94340,家具,ZNWX-2203,TAS3-DY85697-Sub,+8615980741716,,ASSISTANT,接待账号,福建省-福州,2026-09-16 09:34:19,6
94353,家具,ZNWX-81722,ZNWX-81722,,,ASSISTANT,接待账号,福建省-福州市,2026-08-19 18:01:26,0
94354,家具,ZNWX-1814,AQT4-CMP-85651-JC,,,ASSISTANT,接待账号,福建省-厦门市,2026-08-04 15:49:48,0
94360,家具,ZNWX-1790,ADS3-HYX85652-J,,,ASSISTANT,接待账号,福建省-福州,2026-06-04 13:33:05,0
94361,家具,ZNWX-9408,AAT1-LQR85485-Sub,,,ASSISTANT,接待账号,福建省-厦门市,2026-08-27 14:17:03,0
94379,家具,ZNWX-5247,AGH1-Best-CSO,,,ASSISTANT,接待账号,曼谷-Samphanthawong,2026-09-16 13:04:39,33
94380,家具,ZNWX-5250,AGH1-Name2-CSO,,,ASSISTANT,接待账号,,2026-06-03 15:24:13,14
94388,家具,ZNWX-6282,TAS3-CH85700-Sub,+8613247792609,,ASSISTANT,接待账号,福建省-厦门市,2026-09-16 11:15:33,6
94434,家具,ZNWX-1815,AUS4-LJQ,,,ASSISTANT,接待账号,福建省-厦门市,2026-07-01 10:11:12,0
94441,家具,ZNWX-1816,AAS4-LQQ85703-Sub,,,ASSISTANT,接待账号,福建省-厦门市,2026-07-01 16:51:50,0
94474,家具,ZNWX-6268,AAT3-YRJ85537-Sub,,,ASSISTANT,接待账号,福建省-福州,2026-09-16 09:02:59,5
94587,家具,ZNWX-1817,AFT1-ZCM+85706-Sub,,,ASSISTANT,接待账号,福建省-福州,2026-09-15 15:48:25,0
94648,家具,ZNWX-1818,ZNWX-1818,,,ASSISTANT,接待账号,福建省-厦门市,2026-07-09 16:00:48,0
94688,家具,ZNWX-1820,AFS4-LRX85681-Sub,,,ASSISTANT,接待账号,福建省-厦门市,2026-09-09 23:32:47,0
94693,家具,ZNWX-1821,ACH5-ZMQ-85713-Sub,,,ASSISTANT,接待账号,福建省-厦门市,2026-09-16 10:36:45,10
94770,家具,ZNWX-1805,TAT2-MHM-85711-J,,,ASSISTANT,接待账号,福建省-福州,2026-09-16 10:30:41,11
94782,家具,ZNWX-5368,AAH5-Mwyu-CSO,,,ASSISTANT,接待账号,Hanoi-河內市,2026-09-14 21:45:37,28
94811,家具,ZNWX-5372,APH1-Priao-CSA,,,ASSISTANT,接待账号,曼谷-Samphanthawong,2026-09-15 18:40:17,0
94817,家具,ZNWX-0615,AAT1-TWL85734-Sub,,,ASSISTANT,接待账号,福建省-厦门市,2026-08-20 13:41:20,0
94830,家具,ZNWX-1827,AQS2-LY85733-JS,+8618259492851,,ASSISTANT,接待账号,福建省-福州,2026-09-16 09:06:46,5
94970,家具,ZNWX-0626,AAT4-wwj85488-Sub,,,ASSISTANT,接待账号,福建省-厦门市,2026-09-16 09:38:12,2
95117,家具,ZNWX-1830,AGS3-GMJ85759-J,+8618209622848,,ASSISTANT,接待账号,福建省-厦门市,2026-09-16 09:06:00,0
95120,家具,ZNWX-1835,ACS2-JYJ85761-JC,+8618359223033,,ASSISTANT,接待账号,福建省-厦门市,2026-09-05 14:46:58,0
95122,家具,ZNWX-1836,ZNWX-1836,,,ASSISTANT,接待账号,福建省-厦门市,2026-08-31 16:19:31,0
95173,家具,ZNWX-1834,ZNWX-1834,+8618181578236,,ASSISTANT,接待账号,,2026-06-15 17:19:24,0
95192,家具,ZNWX-1832,TAT3-CHT85743-J,,,ASSISTANT,接待账号,福建省-厦门市,2026-08-26 16:42:51,0
95207,家具,ZNWX-1829,ASS1-ZYX85758-J,+8615392161908,,ASSISTANT,接待账号,福建省-厦门市,2026-09-04 15:18:12,0
95214,家具,ZNWX-1837,ACS4-YYK85756-JS,+8613860890421,,ASSISTANT,接待账号,福建省-厦门市,2026-09-05 16:57:44,0
95218,家具,ZNWX-1838,AFS2-WYR85785-Sub,+8619559325386,,ASSISTANT,接待账号,福建省-厦门市,2026-09-16 09:13:04,0
95295,家具,ZNWX-1831,AAS3-LJS85760-JS,,,ASSISTANT,接待账号,福建省-厦门市,2026-09-03 10:59:58,0
95297,家具,ZNWX-85786,AAS3-ZJT85786-CSC,,,ASSISTANT,接待账号,福建省-福州,2026-09-16 09:31:33,7
95311,家具,ZNWX-1825,AAS5-WZH85750-JC,,,ASSISTANT,接待账号,福建省-厦门市,2026-08-17 10:54:34,0
95564,家具,ZNWX-1819,AGS2-XK85816-Sub,+8619979101321,2807191764@qq.com,ASSISTANT,接待账号,福建省-福州,2026-09-16 10:25:33,0
95573,家具,ZNWX-7641,AQS3-LMX+85817-Sub,,,ASSISTANT,接待账号,福建省-厦门市,2026-09-16 10:55:08,7
95636,家具,ZNWX-1839,ASS5-YTT85855-JC,,,ASSISTANT,接待账号,福建省-福州,2026-09-16 09:27:00,18
95661,家具,ZNWX-1840,AAS1-ZWL85854-sub,,,ASSISTANT,接待账号,北海道-札幌市,2026-09-16 08:19:22,0
95708,家具,ZNWX-1842,TAT4-LJ85757-JC,,,ASSISTANT,接待账号,福建省-厦门市,2026-09-02 13:32:54,0
95717,家具,ZNWX-1843,AGS1-LSY85830-Sub,,,ASSISTANT,接待账号,福建省-Wenquan,2026-09-16 11:42:19,0
95736,家具,ZNWX-1844,AFS1-HYD85496-Sub,,,ASSISTANT,接待账号,福建省-厦门市,2026-08-05 13:33:38,0
95796,家具,ZNWX-1845,TAT3-ZY85861-Sub,,,ASSISTANT,接待账号,福建省-厦门市,2026-09-09 14:06:29,0
95806,家具,znwx-6669,AFS3-CJQ85860-Sub,+8618069022265,,ASSISTANT,接待账号,福建省-Wenquan,2026-09-16 09:05:51,0
95887,家具,ZNWX-5421,TAH1-Som-CSO,,,ASSISTANT,接待账号,曼谷-Samphanthawong,2026-09-15 13:57:49,18
95888,家具,ZNWX-5422,TAH1-Jubjang-CSO,,,ASSISTANT,接待账号,曼谷-Samphanthawong,2026-09-16 00:03:22,18
95889,家具,ZNWX-5423,TAH1-Kik-CSA,,,ASSISTANT,接待账号,曼谷-Samphanthawong,2026-09-15 16:46:40,0
95960,家具,ZNWX-1846,ACS3-GYW85866-Sub,+8618359710896,,ASSISTANT,接待账号,福建省-福州市,2026-09-01 09:28:27,0
96092,家具,ZNWX-1849,ACH5-WWB85870-JC,+8619868429735,,ASSISTANT,接待账号,福建省-厦门市,2026-09-16 09:34:58,0
96093,家具,ZNWX-1848,AFT3-SPL85906-Sub,+8619873656295,,ASSISTANT,接待账号,福建省-福州,2026-09-16 09:05:12,7
96109,家具,ZNWX-1850,AFS5-WYR85894-J,+8618287709717,,ASSISTANT,接待账号,福建省-厦门市,2026-09-10 22:20:01,0
96110,家具,ZNWX-1851,AGS5-ZJT85873-J,+8613685071953,,ASSISTANT,接待账号,福建省-厦门市,2026-09-05 15:07:24,0
96119,家具,ZNWX-1852,AQS1-CYW-85877-JC,,,ASSISTANT,接待账号,福建省-福州,2026-09-16 09:00:18,0
96194,家具,ZNWX-1853,ACT3-XJX85921-sub,,,ASSISTANT,接待账号,福建省-厦门市,2026-07-16 16:22:11,0
96223,家具,ZNWX-5478,AGH3-HIKAE-CSO,,,ASSISTANT,接待账号,Metro Manila-马尼拉,2026-09-12 12:29:10,38
96225,家具,ZNWX-5479,AGH3-CALIP-CSO,,,ASSISTANT,接待账号,Metro Manila-马尼拉,2026-09-14 08:10:36,38
96270,家具,ZNWX-0766,ZNWX-0766,,,ASSISTANT,接待账号,福建省-厦门市,2026-08-07 21:05:31,0
96293,家具,ZNWX-1847,ACT1-ZAY85907-JC,+8618120765930,,ASSISTANT,接待账号,福建省-厦门市,2026-08-22 14:47:55,0
96304,家具,ZNWX-5676,AAT5-KYT85058-JC,,,ASSISTANT,接待账号,福建省-厦门市,2026-09-16 10:03:14,0
96367,家具,ZNWX-5424,AAT1-Eve-CSO,,,ASSISTANT,接待账号,曼谷-Samphanthawong,2026-09-16 12:10:10,18
96368,家具,ZNWX-5427,AGH1-Ping-CSO,,,ASSISTANT,接待账号,曼谷-曼谷,2026-08-30 13:56:23,33
96369,家具,ZNWX-5428,APH1-Naruephat-CSO,,,ASSISTANT,接待账号,曼谷-Samphanthawong,2026-09-15 22:00:26,36
96371,家具,ZNWX-5429,AAT1-Day-CSO,,,ASSISTANT,接待账号,曼谷-Samphanthawong,2026-09-15 21:58:40,18
96389,家具,ZNWX-5430,AAT1-Ning-CSO,,,ASSISTANT,接待账号,曼谷-Samphanthawong,2026-09-16 12:59:39,18
96440,家具,ZNWX-7030,ZNWX-7030,,,ASSISTANT,接待账号,福建省-厦门市,2026-07-29 13:55:48,0
96444,家具,ZNWX-8000,AUT3-wtf85871-JC,,,ASSISTANT,接待账号,福建省-厦门市,2026-09-16 08:57:19,0
96453,家具,ZNWX-5433,AAT1-Kkik-CSA,,,ASSISTANT,接待账号,曼谷-Samphanthawong,2026-09-16 11:15:18,0
96464,家具,ZNWX-5158,DDF-85868-JC,+8618950195158,,ASSISTANT,接待账号,福建省-厦门市,2026-08-17 11:28:08,0
96466,家具,ZNWX-6125,SMH-85909-Sub,+8613509596125,,ASSISTANT,接待账号,福建省-厦门市,2026-07-31 09:50:43,0
96480,家具,ZNWX-1854,ATS5-CHQ85171-J,,,ASSISTANT,接待账号,福建省-福州,2026-09-16 12:43:43,4
96507,家具,ZNWX-1856,AAS4-WQR85343-JC,,,ASSISTANT,接待账号,福建省-福州,2026-09-16 09:02:06,0
96597,家具,ZNWX-1864,APT5-HXY-85952-JC,,,ASSISTANT,接待账号,福建省-厦门市,2026-09-16 10:05:52,0
96615,家具,ZNWX-1862,TAT3-LZH85925-J,,,ASSISTANT,接待账号,福建省-厦门市,2026-09-16 10:59:19,3
96653,家具,ZNWX-1866,AGS41-YYJ-85951-JC,,,ASSISTANT,接待账号,福建省-厦门市,2026-09-03 13:34:25,0
96655,家具,ZNWX-1860,ART2-LJL85941-J,,,ASSISTANT,接待账号,福建省-福州,2026-09-16 10:16:48,0
96728,家具,ZNWX-1867,ACS1-ZZR85954-JC,+8619892558057,,ASSISTANT,接待账号,福建省-厦门市,2026-09-05 13:39:29,0
96737,家具,ZNWX-1868,ACT5-CWL85944-CJ,,,ASSISTANT,接待账号,福建省-福州,2026-09-15 13:31:44,0
96756,家具,ZNWX-1861,ZNWX-1861,,,ASSISTANT,接待账号,福建省-厦门市,2026-08-28 18:54:34,0
96816,家具,ZNWX-1863,AAS5-WYS85949-JS,+8615359982682,1723386667@qq.com,ASSISTANT,接待账号,福建省-福州,2026-09-16 08:59:37,2
96841,家具,ZNWX-1870,AAS1-ZXK85975-Sub,,,ASSISTANT,接待账号,福建省-福州,2026-09-16 12:40:26,0
96851,家具,ZNWX-5459,AGH5-Wsqzhong-CSO,,,ASSISTANT,接待账号,胡志明市-胡志明市,2026-08-31 20:55:26,30
96939,家具,ZNWX-2671,AAT3-WH85883-J,,,ASSISTANT,接待账号,福建省-厦门市,2026-07-31 11:22:00,0
97071,家具,ZNWX-5379,ABS3-FYX+85984-Sub,,,ASSISTANT,接待账号,福建省-福州,2026-09-16 11:47:35,0
97199,家具,ZNWX-6715,AAT4-LC-Sub,,,ASSISTANT,接待账号,福建省-厦门市,2026-09-15 11:14:11,0
97201,家具,ZNWX-1882,AGT1-WYY+86023-Sub,,,ASSISTANT,接待账号,福建省-厦门市,2026-09-16 09:42:53,9
97203,家具,ZNWX-1901,ACS4-LAZ85989-Sub,,,ASSISTANT,接待账号,福建省-厦门市,2026-09-16 09:32:44,10
97205,家具,ZNWX-1881,AFS2-LCH86024-Sub,+8615254242530,,ASSISTANT,接待账号,福建省-厦门市,2026-09-02 15:46:19,0
97207,家具,ZNWX-1902,AST2-XCM85990+Sub,+8618759662731,,ASSISTANT,接待账号,福建省-厦门市,2026-09-16 09:06:10,4
97231,家具,ZNWX-1880,AFS3-CY86025-Sub,+8618759280723,,ASSISTANT,接待账号,福建省-福州,2026-09-16 09:05:52,0
97233,家具,ZNWX-1887,AGS3-GYL86018-Sub,,,ASSISTANT,接待账号,福建省-厦门市,2026-09-16 10:20:10,0
97238,家具,ZNWX-1895,AAS3-KXY85995-Sub,,,ASSISTANT,接待账号,福建省-厦门市,2026-09-16 09:09:54,6
97239,家具,ZNWX-1903,AGS1-LXY86017-Sub,,,ASSISTANT,接待账号,福建省-厦门市,2026-09-02 16:49:23,0
97240,家具,ZNWX-1891,AAS2-CSY85996-SUB,,,ASSISTANT,接待账号,福建省-厦门市,2026-09-16 09:07:45,4
97241,家具,ZNWX-1904,ATS4-ZQQ86000-J,,,ASSISTANT,接待账号,福建省-厦门市,2026-09-16 09:13:27,0
97243,家具,ZNWX-6716,ATT2-LYC85998-Sub,,,ASSISTANT,接待账号,福建省-福州,2026-09-16 11:37:24,0
97244,家具,ZNWX-1896,AAS4-XWF85994-sub,,,ASSISTANT,接待账号,福建省-厦门市,2026-09-16 11:32:07,0
97245,家具,ZNWX-1905,ZNWX-WHW86017-Sub,,,ASSISTANT,接待账号,福建省-福州,2026-09-16 11:06:26,4
97253,家具,ZNWX-1883,ZNWX-1883,,,ASSISTANT,接待账号,福建省-福州,2026-09-16 09:08:07,0
97255,家具,ZNWX-1886,AFS1-GJP1124-XJ,+8615059415519,1163576014@qq.com,ASSISTANT,接待账号,福建省-福州,2026-09-16 10:40:21,6
97263,家具,ZNWX-1893,AAS3-QXQ-86019-Sub,,,ASSISTANT,接待账号,福建省-福州,2026-09-16 09:07:49,6
97267,家具,ZNWX-1879,ZNWX-1879,+8618250971952,,ASSISTANT,接待账号,福建省-Wenquan,2026-09-03 16:51:13,0
97269,家具,ZNWX-1898,AAS2-YYY85993-J,,,ASSISTANT,接待账号,福建省-福州,2026-09-16 09:08:44,0
97270,家具,ZNWX-5480,TAH4-Zulfrida-CSO,,,ASSISTANT,接待账号,Jakarta-West Jakarta,2026-09-06 08:12:22,22
97271,家具,ZNWX-1900,ACS1-XYY85997-Sub,+8613905084809,,ASSISTANT,接待账号,福建省-厦门市,2026-09-15 09:09:34,0
97277,家具,ZNWX-1884,AGS2-ZBY86022,+8618760499447,3505075088@qq.com,ASSISTANT,接待账号,福建省-厦门市,2026-09-16 13:00:00,11
97350,家具,ZNWX-1899,ZNWX-1899,,,ASSISTANT,接待账号,福建省-福州,2026-09-16 09:34:35,5
97435,家具,ZNWX-1924,AAS1-ZYP-84706-JC,,,ASSISTANT,接待账号,福建省-福州,2026-09-16 09:38:28,0
97443,家具,ZNWX-6720,ZNWX-6720,,,ASSISTANT,接待账号,东京都-东京,2026-09-16 11:18:31,0
97444,家具,ZNWX-1930,ZNWX-1930,+8613599526439,,ASSISTANT,接待账号,福建省-厦门市,2026-09-04 11:36:57,0
97447,家具,ZNWX-1931,ACS3-ZJD86073-Sub,+8613799284319,,ASSISTANT,接待账号,福建省-厦门市,2026-08-29 13:36:06,0
97454,家具,ZNWX-1922,ZNWX-1922,,,ASSISTANT,接待账号,,2026-07-20 17:01:54,0
97455,家具,ZNWX-1920,TAS3-SYX86047-JS,,,ASSISTANT,接待账号,福建省-厦门市,2026-09-16 09:08:39,0
97478,家具,ZNWX-1919,AFS2-BJY86051-J,+8615737738636,,ASSISTANT,接待账号,福建省-厦门市,2026-08-15 16:02:45,0
97485,家具,ZNWX-1932,ACT4-WZY86046-JC,,,ASSISTANT,接待账号,福建省-厦门市,2026-09-16 09:09:43,0
97493,家具,ZNWX-1885,AFS1-ZX86021-SUB,,,ASSISTANT,接待账号,福建省-厦门市,2026-09-16 09:37:38,4
97508,家具,ZNWX-1926,ZNWX-1926,,,ASSISTANT,接待账号,福建省-厦门市,2026-08-01 13:31:15,0
97516,家具,ZNWX-1921,ZNWX-1921,,,ASSISTANT,接待账号,福建省-厦门市,2026-09-16 09:16:51,2
97535,家具,ZNWX-1894,ZNWX-YWH85999-Sub,,,ASSISTANT,接待账号,福建省-福州,2026-09-16 09:14:43,0
97813,家具,ZNWX-6727,ZNWX-6727,,,ASSISTANT,接待账号,福建省-厦门市,2026-08-08 00:05:09,0
97951,家具,ZNWX-1797,ZNWX-1797,,,ASSISTANT,接待账号,福建省-厦门市,2026-08-13 12:39:44,0
98024,家具,ZNWX-6126,AUT1-SMH85909-Sub,,,ASSISTANT,接待账号,福建省-厦门市,2026-08-22 11:26:38,0
98145,家具,ZNWX-1998,ASS1-ZHK80985-M,,,ASSISTANT,接待账号,福建省-厦门市,2026-08-22 17:13:27,0
98454,家具,JJJF-LTY,数据导出-兰天昱,,,ASSISTANT,接待账号,东京都-东京,2026-08-05 17:05:22,0
98507,家具,ZNWX-1994,ATS4-SSS84720-J,,,ASSISTANT,接待账号,福建省-厦门市,2026-09-16 09:16:10,3
98515,家具,ZNWX-1996,ZNWX-1996,,,ASSISTANT,接待账号,福建省-福州市,2026-08-12 09:24:47,0
98653,家具,ZNWX-1935,AAS3-XBH-86116-J,,,ASSISTANT,接待账号,福建省-福州,2026-09-16 09:32:36,2
98656,家具,ZNWX-1937,ZNWX-1937,+8613607554379,,ASSISTANT,接待账号,加州-洛杉矶,2026-09-15 17:57:54,0
98690,家具,ZNWX-1938,AGS2-SSM86107-JC,+8619207037328,1836543632@qq.com,ASSISTANT,接待账号,福建省-厦门市,2026-09-16 13:12:03,0
98761,家具,ZNWX-1936,TBT2-ZBJ-J,,,ASSISTANT,接待账号,福建省-厦门市,2026-09-16 09:03:38,2
98807,家具,ZNWX-1934,ZNWX-1934,,,ASSISTANT,接待账号,福建省-厦门市,2026-08-31 15:14:58,0
99196,家具,whan6795ZN,whan6795ZN,,han.wang2@leyantech.com,ASSISTANT,接待账号,上海市-上海,2026-09-15 15:16:32,0
99811,家具,ZNWX-6827,ZNWX-6827,,,ASSISTANT,接待账号,福建省-厦门市,2026-09-16 09:07:11,2
99973,家具,ZNWX-5589,赖尔定飞-AI模型训练师,,,ASSISTANT,接待账号,福建省-Wenquan,2026-09-16 09:03:04,0
99974,家具,ZNWX-5590,郭雅雯-AI模型训练师,,,ASSISTANT,接待账号,福建省-Wenquan,2026-09-16 08:58:23,0
99993,家具,ZNWX-5606,张金凤-AI模型训练师,,,ASSISTANT,接待账号,Metro Manila-马尼拉,2026-09-16 12:00:46,0
100369,家具,NL888888,ACS2-NL80742-M,+8619173025625,nielin@southcentr.com,ASSISTANT,接待账号,福建省-厦门市,2026-09-14 18:10:54,0
100432,家具,ZNWX-1940,ZNWX-1940,,,ASSISTANT,接待账号,福建省-厦门市,2026-09-10 15:34:02,0
100505,家具,ZNWX-1944,ZAB1-ZJJ81939-M,,,ASSISTANT,接待账号,福建省-厦门市,2026-09-12 14:52:55,0
100545,家具,ZNWX-1949,TAS3-QYZ82882-M,+8617359785544,,ASSISTANT,接待账号,福建省-福州,2026-09-15 09:53:28,0
11142,家居,ZNWX-2725,ZXX80023-H,,,SUPER_ADMIN,接待账号,福建省-厦门市,2026-09-16 12:11:45,0
24090,家居,ZNWX-1800,EAS1-ZK83749-JS,,,ASSISTANT,接待账号,福建省-厦门市,2026-09-15 09:16:30,0
31512,家居,ZNWX-4760,EAH1-LLY80760-M,,,ASSISTANT,接待账号,Tokyo-東京都,2026-09-08 15:29:26,0
31635,家居,ZNWX-4359,EAT3/EAT5-LSQ80761-M,,,ASSISTANT,接待账号,福建省-厦门市,2026-09-10 18:39:21,0
33050,家居,ZNWX-5948,EAS4-LYM80812-JC,,,ASSISTANT,接待账号,福建省-厦门市,2026-09-12 14:27:29,0
37063,家居,ZNWX-1358,EAH4-ZHK80985-M,,,ASSISTANT,接待账号,福建省-厦门市,2026-08-03 09:37:24,0
38095,家居,ZNWX-5254,KONG,,,ASSISTANT,接待账号,泰国,2025-07-17 14:34:40,0
39705,家居,ZNWX-6718,EBT3/ECT3-GYT81152-M,+8613422222222,,ASSISTANT,接待账号,福建省-福州市,2026-09-05 15:21:39,0
40122,家居,ZNWX-3969,EAH4-WBL81177-JC,,,ASSISTANT,接待账号,福建省-福州市,2026-09-11 14:59:55,0
40976,家居,ZNWX-1143,EAH1-Priao-CSA,,,ASSISTANT,接待账号,曼谷-Samphanthawong,2026-09-15 10:00:07,0
41052,家居,ZNWX-7975,EBS3-QJY81243-JC,,,ASSISTANT,接待账号,福建省-福州市,2026-09-09 16:15:38,0
43529,家居,ZNWX-9296,EAS3-CYL81413-JC,,,ASSISTANT,接待账号,福建省-福州市,2026-09-16 09:09:27,0
43623,家居,ZNWX-6882,EAS4-QYW83436-M,,,ASSISTANT,接待账号,Tokyo-東京都,2026-09-08 15:24:57,0
44563,家居,ZNWX-5246,EBT4-YKN81608-M,,,ASSISTANT,接待账号,福建省-厦门市,2026-09-11 13:38:19,0
48417,家居,ZNWX-0142,EAH3-KJMejorada-CSO,,,ASSISTANT,接待账号,菲律宾,2024-12-03 12:04:09,0
48418,家居,ZNWX-0871,EAH3-KathV-CSO,+639519982090,,ASSISTANT,接待账号,Metro Manila-马尼拉,2026-09-16 08:47:23,31
48420,家居,ZNWX-6665,EAH3-Abiel-CSO,+639129875917,,ASSISTANT,接待账号,Metro Manila-马尼拉,2026-09-15 09:59:05,31
48461,家居,ZNWX-0256,EAH3-MY-CSO,,,ASSISTANT,接待账号,Metro Manila-马尼拉,2026-09-15 11:13:05,0
50071,家居,ZNWX-7606,EAT1-XGR81938-M,,,ASSISTANT,接待账号,福建省-福州市,2026-09-08 10:33:50,0
52074,家居,ZNWX-3369,EAS2-LYC86119-J,+8619890031119,,ASSISTANT,接待账号,福建省-福州市,2026-09-16 08:55:32,0
52080,家居,ZNWX-1527,EBS3-DJY82057-JC,,,ASSISTANT,接待账号,,2026-03-31 16:25:08,0
52084,家居,ZNWX-3112,EAH4-DXY82095-JC,,,ASSISTANT,接待账号,福建省-福州市,2026-09-15 12:21:19,0
52528,家居,ZNWX-9860,EBS3-QJ82121-JC,,,ASSISTANT,接待账号,福建省-厦门市,2025-07-03 20:48:53,0
52611,家居,ZNWX-6069,EAT1-SRX81512-M,,,ASSISTANT,接待账号,,2026-03-16 18:07:03,0
52645,家居,ZNWX-8104,EAT2/EAT4-CMB82079-M,,,ASSISTANT,接待账号,福建省-厦门市,2026-05-29 12:39:13,0
53141,家居,ZNWX-0396,EAL3-HXY82160-JC,,,ASSISTANT,接待账号,,2026-04-02 11:08:29,0
54632,家居,ZNWX-7366,EAH1-XCT82211-J,,,ASSISTANT,接待账号,,2026-04-02 10:36:30,0
55481,家居,ZNWX-1028,EAH1-WDX82648-Sub,+8613069377695,,ASSISTANT,接待账号,福建省-厦门市,2025-10-31 15:34:50,0
55906,家居,ZNWX-8116,EAS3-QJL82070-JS,,,ASSISTANT,接待账号,福建省-厦门市,2026-06-30 09:47:47,0
55927,家居,ZNWX-1941,EAH1-ZYJ82301-J,,,ASSISTANT,接待账号,福建省-厦门市,2025-06-13 11:47:26,0
60930,家居,ZNWX-1947,EAL3-LYT82512-M,+8615260351255,2455842090@qq.com,ASSISTANT,接待账号,福建省-福州,2026-05-25 16:48:55,0
61487,家居,ZNWX-0014,EBS1-ZK83749-J,+8618295510807,,ASSISTANT,接待账号,福建省-厦门市,2026-07-07 19:33:22,0
61493,家居,ZNWX-0010,EAL4-HTY82571-J,,,ASSISTANT,接待账号,,2026-04-03 10:44:36,0
61516,家居,ZNWX-0016,EBS2-SY82601-J,+8618250869566,,ASSISTANT,接待账号,福建省-厦门市,2026-06-23 20:31:28,0
62333,家居,ZNWX-1942,EAT1-CYH83336-J,+8618005002043,,ASSISTANT,接待账号,福建省-厦门市,2026-04-21 13:42:43,0
62634,家居,ZNWX-0035,EAS3-ZGM81356-M,+8618359676795,,ASSISTANT,接待账号,福建省-Wenquan,2026-09-11 09:53:40,0
63292,家居,ZNWX-0011,EBT4-CDH82564-J,,,ASSISTANT,接待账号,福建省-厦门市,2025-06-20 14:41:36,0
63294,家居,ZNWX-0213,EAT4-PMQ82594-J,,,ASSISTANT,接待账号,福建省-厦门市,2026-07-01 13:41:58,0
63737,家居,ZNWX-5994,EAT3-LM82718-J,,,ASSISTANT,接待账号,福建省-厦门市,2025-06-24 15:23:36,0
63750,家居,ZNWX-2955,EAS3-QDB82727-JC,,,ASSISTANT,接待账号,福建省-厦门市,2026-06-26 15:55:16,0
63901,家居,ZNWX-0051,EBT1-ZYX83366-M,,,ASSISTANT,接待账号,福建省-厦门市,2026-09-05 17:10:43,0
63902,家居,ZNWX-0050,EAT4-LXR82721-J,,,ASSISTANT,接待账号,福建省-厦门市,2025-09-17 15:42:54,0
64222,家居,ZNWX-0541,ECT1-HCW82520-Sub,,,ASSISTANT,接待账号,福建省-厦门市,2025-05-04 09:40:20,0
64223,家居,ZNWX-0068,ECT1-XJP82711-J,+8618350981339,,ASSISTANT,接待账号,福建省-福州市,2026-09-16 11:09:45,0
64453,家居,ZNWX-0071,EAT3-LCQ80981-J,,,ASSISTANT,接待账号,福建省-厦门市,2026-05-20 16:13:04,0
65469,家居,ZNWX-5023,EAH1-ZQH82839-J,,,ASSISTANT,接待账号,福建省-厦门市,2025-11-25 16:30:17,0
66084,家居,ZNWX-0100,SP渠道：王昊博,,,ASSISTANT,接待账号,,2026-08-11 11:00:50,0
67103,家居,ZNWX-2430,EAL3-TXY82920-JC,,,ASSISTANT,接待账号,福建省-厦门市,2025-07-21 16:19:22,0
67305,家居,ZNWX-0069,EAL3-HZY82971-JC,,,ASSISTANT,接待账号,福建省-厦门市,2025-10-28 16:54:35,0
68448,家居,ZNWX-0200,EBL1-DY83048-J,+8617765458379,,ASSISTANT,接待账号,福建省-厦门市,2026-04-01 16:12:15,0
69810,家居,ZNWX-0202,ZNWX-0202,,,ASSISTANT,接待账号,福建省-厦门市,2026-05-22 14:07:04,0
70800,家居,ZNWX-0500,EAT2-ZXL83254-J,,,ASSISTANT,接待账号,,2026-03-27 13:47:11,0
70809,家居,ZNWX-0198,EAL1-ZLB83232-J,+8619101531844,,ASSISTANT,接待账号,福建省-厦门市,2026-01-05 13:54:49,0
71459,家居,ZNWX-0203,EAS3-HJY83727-JC,,,ASSISTANT,接待账号,福建省-厦门市,2026-09-16 09:00:22,0
71733,家居,ZNWX-0197,EAS3-ZZF83405-JC,,,ASSISTANT,接待账号,福建省-厦门市,2026-07-09 16:26:01,0
71740,家居,ZNWX-0573,EAL2-LYQ83359-J,+8617750653573,1160804846@qq.com,ASSISTANT,接待账号,福建省-厦门市,2026-03-11 14:45:07,0
71743,家居,ZNWX-0196,EAL3-TSY81876-JC,,,ASSISTANT,接待账号,福建省-厦门市,2025-12-30 09:17:51,0
71886,家居,ZNWX-1001,EAS1-Ing-CSO,,,ASSISTANT,接待账号,曼谷-曼谷,2026-06-28 22:10:52,23
72966,家居,ZNWX-0577,EB/ECT3-LRL83524-JC,,,ASSISTANT,接待账号,,2026-03-27 15:44:01,0
74103,家居,ZNWX-0924,EBT1-LH84543-J,+8618859870852,,ASSISTANT,接待账号,福建省-福州市,2026-09-16 11:10:57,0
74106,家居,ZNWX-0578,EAT5-FRL83658-Sub,,,ASSISTANT,接待账号,福建省-厦门市,2025-10-11 16:32:52,0
74724,家居,ZNWX-0195,EAL3-LJX83689-JC,,,ASSISTANT,接待账号,福建省-厦门市,2026-05-15 13:54:43,0
74906,家居,ZNWX-0211,EBS2-ZRY86112-J,,,ASSISTANT,接待账号,福建省-Wenquan,2026-09-15 13:02:55,0
74912,家居,ZNWX-0567,ECL2-WYX83705-J,+8615359278592,,ASSISTANT,接待账号,福建省-厦门市,2026-02-28 16:32:33,0
75081,家居,ZNWX-0546,EBT1-LSL83641-J,+8618750423151,,ASSISTANT,接待账号,福建省-厦门市,2026-07-31 18:17:04,0
75082,家居,ZNWX-0547,EAT4-CYJ83608-JS,+8617720875898,,ASSISTANT,接待账号,福建省-福州市,2026-09-04 11:42:46,0
75083,家居,ZNWX-0548,EAT4-CYCW83819-Sub,+8616608616175,,ASSISTANT,接待账号,福建省-厦门市,2026-04-25 15:02:30,0
75220,家居,ZNWX-0212,EAL3-WYC83751-Sub,+8615359452551,,ASSISTANT,接待账号,福建省-厦门市,2025-09-22 13:33:02,0
75231,家居,ZNWX-065,ZNWX-065,,,ASSISTANT,接待账号,,2025-09-01 16:56:43,0
75714,家居,ZNWX-0579,EAL3-XH83777-JC,,,ASSISTANT,接待账号,福建省-厦门市,2026-04-02 16:46:40,0
75791,家居,ZNWX-0580,EBS3-ZJY83811-JC,,,ASSISTANT,接待账号,福建省-厦门市,2026-06-22 13:31:07,0
76584,家居,ZNWX-0581,EAS3-LPX83901-JC,,,ASSISTANT,接待账号,福建省-厦门市,2026-02-11 13:38:55,0
76585,家居,ZNWX-0220,EAT2-FXQ83913-J,,,ASSISTANT,接待账号,福建省-厦门市,2026-02-13 09:00:56,0
76586,家居,ZNWX-0582,EAH5-LXL83879-J,,,ASSISTANT,接待账号,福建省-厦门市,2026-09-15 15:50:55,0
77123,家居,ZNWX-0901,EAS1-LJL82505-JS,,,ASSISTANT,接待账号,福建省-厦门市,2026-09-15 09:22:40,0
78057,家居,ZNWX-0221,EAT3-ZST83986-J,,,ASSISTANT,接待账号,福建省-福州市,2026-09-15 09:19:35,0
78435,家居,ZNWX-0736,EAL1-LMQ84002-J,+8613367212519,,ASSISTANT,接待账号,福建省-厦门市,2026-04-04 20:29:28,0
78758,家居,ZNWX-0824,EAS4-FJY-84031-J,,,ASSISTANT,接待账号,福建省-厦门市,2026-01-23 14:23:32,0
78773,家居,ZNWX-0565,EAT3-LYY84090-J,,,ASSISTANT,接待账号,福建省-福州市,2026-09-16 11:56:16,4
79335,家居,ZNWX-0586,EAS4-LT84171-J,,,ASSISTANT,接待账号,福建省-厦门市,2026-06-17 15:37:36,0
79862,家居,ZNWX-0587,EBS1-HKF84206-Sub,,,ASSISTANT,接待账号,福建省-厦门市,2026-04-13 17:04:25,0
80055,家居,ZNWX-0566,ZNWX-0566,,,ASSISTANT,接待账号,,2026-03-17 09:58:11,0
80893,家居,ZNWX-0588,EAH3-Eunice-CSO,,,ASSISTANT,接待账号,,2025-11-24 17:33:19,0
81173,家居,ZNWX-0609,EBT1-ZJF85965-Sub,,,ASSISTANT,接待账号,,2025-11-28 10:37:18,0
81302,家居,ZNWX-0647,EBS1-YZJ83417-J,,,ASSISTANT,接待账号,福建省-福州市,2026-09-15 19:05:33,0
81911,家居,ZNWX-0648,ZNWX-LBM83225-J,,,ASSISTANT,接待账号,福建省-Wenquan,2026-09-16 12:06:46,0
82597,家居,ZNWX-0576,EAL3-CN84370-JC,,,ASSISTANT,接待账号,,2026-03-22 20:19:20,0
84072,家居,ZNWX-1153,EAH1-LSX84541-J,,,ASSISTANT,接待账号,,2026-03-21 16:41:28,0
84074,家居,ZNWX-1154,EBS1-LQC84534-J,,,ASSISTANT,接待账号,福建省-Wenquan,2026-09-16 11:35:48,0
84569,家居,ZNWX-1111,EBS3-WXW84608-Sub,+8613328781414,,ASSISTANT,接待账号,福建省-厦门市,2026-02-13 13:32:44,0
84721,家居,ZNWX-0584,EAS3-XYQ84625-Sub,,,ASSISTANT,接待账号,,2026-03-18 16:02:50,0
85295,家居,ZNWX-4679,EAS1-WCT84679-J,,,ASSISTANT,接待账号,福建省-福州市,2026-09-16 12:45:07,0
85428,家居,ZNWX-1155,EAT2-LHJ84682-Sub,,,ASSISTANT,接待账号,福建省-厦门市,2026-08-31 09:20:55,0
85497,家居,ZNWX-0399,EAS1-YYJ80227-M,,,ASSISTANT,接待账号,福建省-福州市,2026-09-08 09:18:07,0
85505,家居,ZNWX-0479,EBT4-LYS81175-Sub,,,ASSISTANT,接待账号,,2026-04-13 11:18:10,0
85507,家居,ZNWX-1011,EBT2-ZWY84165-J,,,ASSISTANT,接待账号,福建省-厦门市,2026-09-10 10:20:45,0
85513,家居,ZNWX-1193,EAS1-Priao-CSO,,,ASSISTANT,接待账号,,2026-03-31 12:29:15,0
85742,家居,ZNWX-1178,客服负责人：谢文涛,,,ASSISTANT,接待账号,福建省-厦门市,2026-08-11 16:45:21,0
86972,家居,ZNWX-6416,EBS4-WXY84730-Sub,,,ASSISTANT,接待账号,,2026-04-04 01:17:33,0
87090,家居,ZNWX-0649,ZNWX-0649,+8618120697932,,ASSISTANT,接待账号,福建省-厦门市,2026-06-27 17:28:25,0
87687,家居,ZNWX-1430,EBS1-DJH84791-Sub,,,ASSISTANT,接待账号,,2026-03-12 16:46:40,0
87695,家居,ZNWX-1461,EBS1-DJH84791-Sub,,,ASSISTANT,接待账号,广东-广州市,2026-07-03 00:19:30,0
87940,家居,ZNWX-0926,EAS1-Day-CSO,,,ASSISTANT,接待账号,曼谷-Bang Rak,2026-09-10 14:01:21,23
87978,家居,ZNWX-0591,EAS3-LWF84878-Sub,,,ASSISTANT,接待账号,,2026-03-30 13:29:50,0
88519,家居,ZNWX-1250,EAS3-ZLH84968-JC,,,ASSISTANT,接待账号,福建省-福州市,2026-09-16 09:12:38,0
88520,家居,ZNWX-1251,EAS3-WMQ85010-Sub,,,ASSISTANT,接待账号,Metro Manila-马尼拉,2026-09-01 15:45:58,0
88542,家居,ZNWX-0570,EBS1-HMX84978-J,,,ASSISTANT,接待账号,福建省-厦门市,2026-07-08 10:20:33,0
88749,家居,ZNWX-1303,EAT2-WKB84970-J,,,ASSISTANT,接待账号,福建省-福州市,2026-09-16 09:32:00,0
89140,家居,ZNWX-0737,EBT3-LHY85071-J,,,ASSISTANT,接待账号,福建省-福州市,2026-09-01 13:40:51,0
89142,家居,ZNWX-0499,EBT3-LH84543-JC,,,ASSISTANT,接待账号,福建省-福州市,2026-09-05 15:35:55,0
89168,家居,ZNWX-1276,ZNWX-1276,,,ASSISTANT,接待账号,,2026-04-25 09:16:12,0
89339,家居,ZNWX-2057,EAS1-DJY82057-J,,,ASSISTANT,接待账号,福建省-福州市,2026-09-01 14:59:10,0
90151,家居,ZNWX-1494,EAS3-Tri-CSO,,,ASSISTANT,接待账号,Jakarta-West Jakarta,2026-09-15 15:08:07,18
90152,家居,ZNWX-1495,EAS4-Fadhlah-CSO,,,ASSISTANT,接待账号,Jakarta-West Jakarta,2026-09-16 11:46:13,18
90153,家居,ZNWX-1496,EAS3-Tedy-M,,,ASSISTANT,接待账号,Jakarta-West Jakarta,2026-09-15 15:13:33,0
90324,家居,ZNWX-0497,EBT5-YJC84485-J,,,ASSISTANT,接待账号,福建省-Wenquan,2026-09-14 14:29:06,0
90606,家居,ZNWX-1570,EBT4-LYS81175-sub,,,ASSISTANT,接待账号,福建省-Wenquan,2026-09-16 09:58:46,0
90715,家居,ZNWX-1252,EAH3-Ricky Roxas-CSO,+639632559742,,ASSISTANT,接待账号,Metro Manila-马尼拉,2026-09-15 16:17:17,31
90942,家居,ZNWX-1462,EAS4-LYH85242-JC,+8618839011687,,ASSISTANT,接待账号,福建省-Wenquan,2026-09-16 09:32:21,0
91027,家居,ZNWX-0572,EBT/CT3-ZYP84706-Sub,,,ASSISTANT,接待账号,福建省-厦门市,2026-04-30 13:04:01,0
91683,家居,ZNWX-5185,EAS3-Bella-CSO,,,ASSISTANT,接待账号,Jakarta-West Jakarta,2026-09-07 08:13:44,18
91706,家居,ZNWX-1188,EBS3-LZQ85355-JC,+8615960862779,,ASSISTANT,接待账号,福建省-厦门市,2026-06-15 09:56:16,0
92090,家居,ZNWX-5193,EAS4-Devita-CSO,,,ASSISTANT,接待账号,Jakarta-West Jakarta,2026-09-08 08:29:25,18
92092,家居,ZNWX-5195,EAS4-Salsa-CSO,,,ASSISTANT,接待账号,Jakarta-West Jakarta,2026-08-31 08:27:13,18
92107,家居,ZNWX-5205,EAS4-Danti-CSO,,,ASSISTANT,接待账号,Jakarta-West Jakarta,2026-08-20 14:51:52,18
92197,家居,ZNWX-1723,EAA1-Bambam-CSO,,,ASSISTANT,接待账号,曼谷-曼谷,2026-08-09 16:54:57,23
92631,家居,ZNWX-5462,EAS1-CYL85462--Sub,,,ASSISTANT,接待账号,福建省-厦门市,2026-09-09 15:18:07,0
92854,家居,ZNWX-5232,EAS2-Balina-CSO,,,ASSISTANT,接待账号,Jakarta-West Jakarta,2026-09-07 08:24:46,36
92955,家居,ZNWX-5326,EBS4-ZYH85483-YH,,,ASSISTANT,接待账号,福建省-厦门市,2026-06-02 17:58:23,0
93248,家居,ZNWX-1671,EBS3-HSL85516-JC,+8617350392776,,ASSISTANT,接待账号,福建省-厦门市,2026-09-15 15:04:20,0
93459,家居,ZNWX-5289,EAS2-Rida-CSO,,,ASSISTANT,接待账号,Jakarta-West Jakarta,2026-08-31 20:47:36,36
93806,家居,ZNWX-5351,管培生,,,ASSISTANT,接待账号,福建省-厦门市,2026-08-12 11:01:15,0
94137,家居,ZNWX-1185,EAS4-DH86062-J,+8618060557905,,ASSISTANT,接待账号,福建省-Wenquan,2026-09-16 12:54:12,0
94271,家居,ZNWX-5275,EBT2-LYJ85595-J,,,ASSISTANT,接待账号,福建省-Wenquan,2026-09-16 09:21:06,0
94697,家居,ZNWX-1477,ZNWX-1477,,,ASSISTANT,接待账号,福建省-厦门市,2026-07-10 14:05:46,0
95121,家居,ZNWX-5259,EBS2-lhh85772-J,+8618150936989,,ASSISTANT,接待账号,福建省-福州市,2026-09-01 17:49:58,0
95244,家居,ZNWX-5494,EBS3-ZZ85765-J,,,ASSISTANT,接待账号,福建省-厦门市,2026-09-16 11:54:44,0
95356,家居,ZNWX-1810,EAS3-YKX85791-CSC,,,ASSISTANT,接待账号,福建省-福州市,2026-09-07 14:07:20,0
95715,家居,ZNWX-5420,EAH1-Maple-CSO,,,ASSISTANT,接待账号,曼谷-Bang Rak,2026-09-03 13:55:44,23
96049,家居,ZNWX-1808,EAS3-WXY-J,,,ASSISTANT,接待账号,福建省-福州市,2026-09-15 16:03:33,0
96095,家居,ZNWX-5495,EBS3-LXY85875-J,,,ASSISTANT,接待账号,福建省-厦门市,2026-09-16 09:30:24,0
96240,家居,ZNWX-2505,EAS1-LHL2505-JS,,,ASSISTANT,接待账号,,2026-06-30 19:53:59,0
96575,家居,ZNWX-1089,EBT1-ZJF85965-Sub,,,ASSISTANT,接待账号,Metro Manila-马尼拉,2026-08-27 17:47:29,0
96577,家居,ZNWX-1091,EBT1-LBY85063-JS,,,ASSISTANT,接待账号,South East-新加坡,2026-08-11 09:50:15,0
96579,家居,ZNWX-1811,EAS3-TG-J,,,ASSISTANT,接待账号,福建省-福州市,2026-09-07 10:51:24,0
96732,家居,ZNWX-5518,渠道：罗春汉,,,ASSISTANT,接待账号,福建省-福州市,2026-08-22 10:05:37,0
96881,家居,ZNWX-5498,EAS4-Yohana-ESO,,,ASSISTANT,接待账号,Jakarta-West Jakarta,2026-09-16 11:28:55,18
97424,家居,ZNWX-6055,EAS1-ZXJ86055-J,,,ASSISTANT,接待账号,福建省-福州市,2026-09-16 11:37:13,0
97481,家居,ZNWX-6059lxy,ZNWX-6059lxy,+8617305931966,,ASSISTANT,接待账号,福建省-Wenquan,2026-09-15 18:00:11,0
97499,家居,ZNWX-0928,EBS2-WLX86042-J,,,ASSISTANT,接待账号,福建省-Wenquan,2026-09-16 09:37:19,0
97529,家居,ZNWX-1156,EAT1-CLM86056-J,+8613414018820,,ASSISTANT,接待账号,福建省-福州市,2026-09-15 19:09:46,0
98012,家居,ZNWX-5516,EBT1-ZLY85913-Sub,,,ASSISTANT,接待账号,福建省-厦门市,2026-09-16 09:55:33,0
98453,家居,JJSN-LTY,数据导出-兰天昱,,,ASSISTANT,接待账号,东京都-东京,2026-08-05 17:03:48,0
98674,家居,ZNWX-5378,ZNWX-WYT86113-J,,,ASSISTANT,接待账号,福建省-福州市,2026-09-16 11:01:10,0
99992,家居,ZNWX-5605,张金凤-AI模型训练师,,,ASSISTANT,接待账号,Metro Manila-马尼拉,2026-09-16 11:41:10,0
14108,五金,ZNWX-0038,HSK80274-H,,tongyu.wu@leyantech.com,SUPER_ADMIN,接待账号,福建省-厦门市,2026-09-16 11:43:28,0
24197,五金,ZNWX-4070,FAS4-XJ80548-M,,,ASSISTANT,接待账号,福建省-厦门市,2026-05-30 17:04:38,0
29019,五金,ZNWX-2436,FHT4-ZXH80670-M,,,ASSISTANT,接待账号,福建省-厦门市,2026-09-14 16:43:49,0
31113,五金,ZNWX-3053,FK-LFX80706-M,,,ASSISTANT,接待账号,福建省-Wenquan,2026-08-14 21:46:35,0
32371,五金,ZNWX-1534,FKS3-LYF80887-M,,,ASSISTANT,接待账号,福建省-Wenquan,2026-09-14 10:49:40,0
37087,五金,ZNWX-2030,FKS1-XZN80989-M,,,ASSISTANT,接待账号,福建省-福州市,2026-09-09 22:59:18,0
37177,五金,ZNWX-6650,FCS3/FES3-WXY81003-M,,,ASSISTANT,接待账号,,2026-03-25 11:40:29,0
37178,五金,ZNWX-5456,FDT3-LJS80995-M,,,ASSISTANT,接待账号,福建省-厦门市,2026-05-27 16:13:06,0
38143,五金,ZNWX-8765,FAS4-Wulandari-CSO,,,ASSISTANT,接待账号,印度尼西亚,2025-11-27 17:03:41,46
38144,五金,ZNWX-4670,FAS4-Desy-CSO,,,ASSISTANT,接待账号,Jakarta-West Jakarta,2026-09-16 08:20:29,23
38147,五金,ZNWX-9499,FAS4-Silvana-CSO,,,ASSISTANT,接待账号,Jakarta-West Jakarta,2026-07-13 18:43:00,23
38308,五金,ZNWX-9010,客服负责人：陈育全,,,ASSISTANT,接待账号,福建省-厦门市,2026-06-20 09:03:15,0
38309,五金,ZNWX-0449,FHS5-HKS80962-M,,,ASSISTANT,接待账号,福建省-厦门市,2026-09-16 09:37:58,0
39295,五金,ZNWX-4337,CZ80673-见习高级,,,ASSISTANT,接待账号,福建省-福州市,2026-09-11 16:52:11,0
39805,五金,ZNWX-4959,FHT4-ZZM81147-M,,,ASSISTANT,接待账号,福建省-Wenquan,2026-06-09 15:47:16,0
41117,五金,ZNWX-0544,FHS1-HJS80430-M,,,ASSISTANT,接待账号,福建省-Wenquan,2026-09-14 23:48:13,0
41137,五金,ZNWX-9086,FAS3-LSY81257-JS,,,ASSISTANT,接待账号,福建省-厦门市,2026-07-31 16:35:12,0
41144,五金,ZNWX-5146,FCS3-HXQ81227-JC,,,ASSISTANT,接待账号,福建省-福州市,2026-09-08 19:54:22,0
41145,五金,ZNWX-4671,ID-XXL80579-NR,,,ASSISTANT,接待账号,,2024-11-15 19:50:23,0
41336,五金,ZNWX-4882,FAS4-yayuk-CSO,,,ASSISTANT,接待账号,Jakarta-West Jakarta,2026-09-11 16:58:09,46
42370,五金,ZNWX-6565,FAS2-LJX81348-M,,,ASSISTANT,接待账号,福建省-Wenquan,2026-09-14 14:49:26,0
43698,五金,ZNWX-7605,FKT4-LL81438-M,,,ASSISTANT,接待账号,福建省-厦门市,2026-07-10 09:42:20,0
43729,五金,ZNWX-2652,FCT1-ZCB81446-M,,,ASSISTANT,接待账号,,2026-04-02 10:39:45,0
44217,五金,ZNWX-7278,FAS4-RETNO-CSO,,,ASSISTANT,接待账号,Jakarta-West Jakarta,2026-09-15 15:10:42,46
44386,五金,ZNWX-4654,FDS1-GXL81551-M,+8615626068346,,ASSISTANT,接待账号,福建省-福州市,2026-09-04 15:08:26,0
44438,五金,ZNWX-3436,FDS3-HXL81541-JC,,,ASSISTANT,接待账号,福建省-厦门市,2026-08-11 09:50:33,0
44440,五金,ZNWX-3527,FAS4-yusniawati-CSO,,,ASSISTANT,接待账号,Jakarta-West Jakarta,2026-09-16 00:21:22,46
44609,五金,ZNWX-3699,FDT3-MYZ81567-JC,,,ASSISTANT,接待账号,福建省-Wenquan,2026-09-15 13:49:01,3
46396,五金,ZNWX-5271,FHT1-JK81651-M,,,ASSISTANT,接待账号,福建省-厦门市,2026-07-24 16:47:18,0
46398,五金,ZNWX-6385,FAT3-GWT81640-M,,,ASSISTANT,接待账号,加州-洛杉矶,2026-09-16 10:08:37,0
46968,五金,ZNWX-6843,FKT1-LMY80892-M,,,ASSISTANT,接待账号,福建省-Wenquan,2026-06-10 09:14:31,0
47070,五金,ZNWX-1200,FDS4-CQD81695-M,,,ASSISTANT,接待账号,福建省-福州市,2026-09-03 13:32:29,0
47524,五金,ZNWX-7227,菲律宾工具-Joemar-CSO,,,ASSISTANT,接待账号,Metro Manila-马尼拉,2026-08-10 16:05:43,26
48123,五金,ZNWX-7607,FAH5-DZL81788-M,,,ASSISTANT,接待账号,福建省-Wenquan,2026-09-16 09:23:37,0
48331,五金,ZNWX-8864,FHT3-HJ81804-M,,,ASSISTANT,接待账号,福建省-Wenquan,2026-09-12 15:11:15,0
48339,五金,ZNWX-7397,FAT4-CJL81803-M,,,ASSISTANT,接待账号,福建省-厦门市,2026-06-30 15:19:37,0
48345,五金,ZNWX-7450,FDS3-NXY81782-M,,,ASSISTANT,接待账号,福建省-厦门市,2026-09-11 16:43:10,0
48675,五金,ZNWX-4385,Messhy-M,,,ASSISTANT,接待账号,Jakarta-West Jakarta,2026-09-16 09:03:51,0
50026,五金,ZNWX-1090,FKS2-LYJ81888-JC,,,ASSISTANT,接待账号,福建省-Wenquan,2026-09-15 09:35:25,0
50036,五金,ZNWX-0049,FDS2-ZRB81889-J,+8613111111111,,ASSISTANT,接待账号,福建省-厦门市,2026-03-05 17:17:43,0
50197,五金,ZNWX-2305,FDT2-XYC81968-M,+8615659861617,,ASSISTANT,接待账号,福建省-厦门市,2026-07-27 10:25:18,0
50220,五金,ZNWX-1749,FKS4-QZY81899-M,,,ASSISTANT,接待账号,福建省-福州市,2026-09-09 21:39:41,0
50261,五金,ZNWX-1760,FKT2-DJW81940-M,,,ASSISTANT,接待账号,福建省-厦门市,2026-09-13 12:37:46,0
51189,五金,ZNWX-0278,FAS4-Rizta-CSO,,,ASSISTANT,接待账号,Jakarta-West Jakarta,2026-09-15 16:40:59,46
51190,五金,ZNWX-9906,FAS4-Rivkamanik-CSO,,,ASSISTANT,接待账号,印度尼西亚,2025-02-28 08:58:34,46
51191,五金,ZNWX-7623,FAS4- Findi-CSO,,,ASSISTANT,接待账号,印度尼西亚,2025-11-22 12:52:25,23
52067,五金,ZNWX-7469,FHS3-PYX82037-M,,,ASSISTANT,接待账号,福建省-Wenquan,2026-09-14 11:47:55,0
52112,五金,ZNWX-4504,FAS4-WL81199-JC,,,ASSISTANT,接待账号,福建省-厦门市,2026-08-07 16:48:04,0
53564,五金,ZNWX-8160,WLQ80799-BP,,,ASSISTANT,接待账号,福建省-厦门市,2024-11-25 09:28:17,0
54040,五金,ZNWX-3408,FAS3-Jerome-CSO,,,ASSISTANT,接待账号,菲律宾,2024-10-11 13:43:46,0
54312,五金,ZNWX-3403,FAS4-WYH82173-JC,,,ASSISTANT,接待账号,福建省-厦门市,2026-07-21 13:34:03,0
54313,五金,ZNWX-1613,FCS4-LXB82201-M,,,ASSISTANT,接待账号,福建省-Wenquan,2026-09-14 14:25:42,0
54519,五金,ZNWX-2808,FAS3-LYQ80313-M,,,ASSISTANT,接待账号,福建省-福州市,2026-09-07 10:54:48,0
54536,五金,ZNWX-2311,FAS3-CJH80281-M,,,ASSISTANT,接待账号,福建省-厦门市,2026-08-13 11:02:28,0
54698,五金,ZNWX-3802,ZFA3-YG80139-M,,,ASSISTANT,接待账号,,2026-03-28 14:33:22,0
55996,五金,ZNWX-0996,FAT4-YJX84458-JC,,,ASSISTANT,接待账号,福建省-福州市,2026-09-14 09:11:37,0
57533,五金,ZNWX-0992,FAS4-JLJ82362-JC,,,ASSISTANT,接待账号,福建省-厦门市,2026-03-14 14:33:28,0
57534,五金,ZNWX-5863,FCT4-FGH82343-M,,,ASSISTANT,接待账号,福建省-福州市,2026-09-05 16:05:21,0
59315,五金,ZNWX-0997,FKS41-LTH82439-M,,,ASSISTANT,接待账号,福建省-厦门市,2026-06-29 19:17:07,0
59316,五金,ZNWX-0995,FHS2-ZHH82424-M,,,ASSISTANT,接待账号,福建省-厦门市,2026-07-27 15:48:36,0
60542,五金,ZNWX-0999,FAS4-Nabila-CSO,,,ASSISTANT,接待账号,西爪哇省-勿加泗,2026-09-16 11:41:03,46
60929,五金,ZNWX-1000,AID7-YMT84239,,,ASSISTANT,接待账号,福建省-Wenquan,2026-09-16 13:14:23,10
61173,五金,ZNWX-8989,FAT3-ZY82082-JC,,,ASSISTANT,接待账号,福建省-Wenquan,2026-09-16 09:12:57,2
61481,五金,ZNWX-0004,FCT1-WXR82587-JS,+8618259997490,,ASSISTANT,接待账号,福建省-厦门市,2026-07-01 11:44:02,0
61499,五金,ZNWX-0015,FAS2-THQ80134-M,,,ASSISTANT,接待账号,,2026-09-01 16:38:34,0
61500,五金,ZNWX-0007,FHT3-ZGX82541-JC,,,ASSISTANT,接待账号,福建省-福州市,2026-08-31 17:27:58,0
61503,五金,ZNWX-0003,TKAI-ZHQ,,,ASSISTANT,接待账号,福建省-Wenquan,2026-09-11 18:08:29,31
61508,五金,ZNWX-0005,FHT2-QYK86063-JC,,,ASSISTANT,接待账号,福建省-Wenquan,2026-09-16 09:03:27,0
62606,五金,ZNWX-0519,FHT4-LWY82679-M,,,ASSISTANT,接待账号,福建省-厦门市,2026-09-05 14:03:36,0
62619,五金,ZNWX-0168,FHS3-PYJ82658-JC,+8618030141897,,ASSISTANT,接待账号,福建省-Wenquan,2026-09-14 16:41:25,0
63928,五金,ZNWX-0054,FBT4-LZJ82750-J,,,ASSISTANT,接待账号,福建省-厦门市,2026-06-30 15:14:46,0
65457,五金,ZNWX-5094,FKS4-CZW82815-JC,,,ASSISTANT,接待账号,福建省-Wenquan,2026-09-16 11:19:54,0
65459,五金,ZNWX-8693,FHS1-CSR82813-JC,+8618559690181,,ASSISTANT,接待账号,福建省-Wenquan,2026-09-15 20:13:22,0
65460,五金,ZNWX-0002,FFS3/FFS5-CCJ82812-M,,,ASSISTANT,接待账号,福建省-Wenquan,2026-09-14 09:48:36,0
65531,五金,ZNWX-0998,FKS5-SS82834-JC,+8615859749031,,ASSISTANT,接待账号,福建省-Wenquan,2026-09-16 11:07:13,0
65619,五金,ZNWX-0093,FDS1-YKY82863-JS,,,ASSISTANT,接待账号,福建省-福州市,2026-08-25 16:50:02,0
66433,五金,ZNWX-1390,FKS1-ZXY82891-JC,+8618159992539,,ASSISTANT,接待账号,福建省-Wenquan,2026-09-16 09:12:55,0
66952,五金,ZNWX-0070,FKS2-LLS82925-JC,,,ASSISTANT,接待账号,福建省-厦门市,2026-08-11 16:09:19,0
67315,五金,ZNWX-0400,FHS2-CN82975-JC,+8618750365189,,ASSISTANT,接待账号,福建省-福州市,2026-09-16 11:39:29,0
67471,五金,ZNWX-0404,FBS4-ZYX82952-JC,,,ASSISTANT,接待账号,福建省-厦门市,2025-07-08 14:27:31,0
68436,五金,ZNWX-0407,FAL4-LHX83022-J,,,ASSISTANT,接待账号,福建省-厦门市,2025-09-09 14:33:26,0
68437,五金,ZNWX-0120,FBT2-HGJ83041-J,,,ASSISTANT,接待账号,福建省-厦门市,2025-12-01 21:25:40,0
68439,五金,ZNWX-0408,FDT3-CXL83042-JC,,,ASSISTANT,接待账号,福建省-Wenquan,2026-09-15 09:21:57,2
68509,五金,ZNWX-0409,FHT1-LAH83066-JC,,,ASSISTANT,接待账号,福建省-厦门市,2026-02-26 14:24:18,0
69206,五金,ZNWX-8177,FCT4-JY83088-JC,,,ASSISTANT,接待账号,福建省-厦门市,2026-07-23 15:26:19,0
69712,五金,ZNWX-0411,FAS3-WZY83118-Sub,,,ASSISTANT,接待账号,福建省-厦门市,2025-07-31 13:35:18,0
69722,五金,ZNWX-0412,FES3-WJ83168-JC,,,ASSISTANT,接待账号,福建省-厦门市,2026-04-30 16:32:42,0
69804,五金,ZNWX-0414,FAS1-WYH86066-J,+8615260752982,,ASSISTANT,接待账号,福建省-Wenquan,2026-09-16 10:22:38,7
69840,五金,ZNWX-0368,FKS3-ZWW83163-JC,+8613163991192,,ASSISTANT,接待账号,福建省-Wenquan,2026-09-15 13:33:41,0
69961,五金,ZNWX-0416,FDS4-LLJ83187-JC,,,ASSISTANT,接待账号,福建省-福州市,2026-09-02 12:25:30,0
69963,五金,ZNWX-0415,FAS4-HJJ83135-J,,,ASSISTANT,接待账号,福建省-厦门市,2025-06-30 17:56:14,0
70243,五金,ZNWX-0418,FAS2-JLL83210-Sub,+8613666034931,,ASSISTANT,接待账号,,2025-07-31 13:50:39,0
70244,五金,ZNWX-0427,FAT1-SSH83209-J,,,ASSISTANT,接待账号,福建省-厦门市,2026-02-01 09:02:48,0
70245,五金,ZNWX-0417,FAS4-CSS83214-Sub,,,ASSISTANT,接待账号,福建省-厦门市,2025-08-14 09:11:58,0
70250,五金,ZNWX-0395,FHS1-CYY83472-JC,+8615306046991,,ASSISTANT,接待账号,福建省-Wenquan,2026-09-16 10:14:16,0
70251,五金,ZNWX-0397,FKS3-WZ83215-JC,+8615860461214,,ASSISTANT,接待账号,福建省-Wenquan,2026-09-16 11:39:58,0
70265,五金,ZNWX-0419,FFS3-ZLX83212-JC,,,ASSISTANT,接待账号,福建省-Wenquan,2026-09-15 21:43:57,0
70270,五金,ZNWX-0127,FBT2-WLF83216-Sub,,,ASSISTANT,接待账号,福建省-厦门市,2025-08-13 11:25:59,0
70271,五金,ZNWX-0128,FHS5-GYJ83218-M,,,ASSISTANT,接待账号,福建省-厦门市,2026-08-03 21:50:53,0
70327,五金,ZNWX-0421,FHT1-LAN83220-JC,,,ASSISTANT,接待账号,福建省-厦门市,2026-08-07 19:15:52,0
70478,五金,ZNWX-0428,FBS4-XSY83172-J,,,ASSISTANT,接待账号,福建省-厦门市,2025-08-28 18:36:51,0
70553,五金,ZNWX-0422,FAS1-ZQ85888-J,+8615880061387,,ASSISTANT,接待账号,福建省-厦门市,2026-07-15 16:40:04,0
70554,五金,ZNWX-0424,FBT2-ZSK83282-Sub,,,ASSISTANT,接待账号,福建省-厦门市,2025-08-14 16:56:22,0
70622,五金,ZNWX-0426,FAS4-ZX83214-Sub,,,ASSISTANT,接待账号,福建省-厦门市,2025-08-26 16:00:42,0
70700,五金,ZNWX-2719,FCT2-FXY83290-J,,,ASSISTANT,接待账号,福建省-Wenquan,2026-09-16 09:39:22,0
70702,五金,ZNWX-8663,FAT4-CMR83280-JC,,,ASSISTANT,接待账号,福建省-厦门市,2026-08-10 14:42:13,0
70706,五金,ZNWX-5371,FAT2-BYM83273-J,,,ASSISTANT,接待账号,福建省-厦门市,2025-08-29 10:47:28,0
70708,五金,ZNWX-0429,FKS4-LJX83294-JC,,,ASSISTANT,接待账号,福建省-厦门市,2026-03-12 16:47:43,0
70711,五金,ZNWX-0425,FKT1-JHT83246-JC,,,ASSISTANT,接待账号,福建省-厦门市,2026-06-30 09:38:15,0
70723,五金,ZNWX-0430,FAS3-WD83211-JC,,,ASSISTANT,接待账号,福建省-厦门市,2026-02-12 16:05:26,30
70739,五金,ZNWX-0431,FDS1-ZJL84310-Sub,,,ASSISTANT,接待账号,福建省-Wenquan,2026-09-16 09:11:39,3
70859,五金,ZNWX-0433,FAS4-CT83249-JC,,,ASSISTANT,接待账号,福建省-Wenquan,2026-09-16 09:04:05,0
71049,五金,ZNWX-0435,FBS4-HSC83318-Sub,,,ASSISTANT,接待账号,福建省-厦门市,2025-07-07 01:53:47,0
71715,五金,FBL3-QWJ83357-J,FBL3-QWJ83357-J,,,ASSISTANT,接待账号,,2025-07-14 11:24:20,0
71716,五金,FBL3-ZGW83390-J,FBL3-ZGW83390-J,,,ASSISTANT,接待账号,,2025-07-14 11:24:58,0
71720,五金,ZNWX-0436,FBL3-QWJ83357-J,,,ASSISTANT,接待账号,福建省-厦门市,2026-01-31 16:48:12,0
71722,五金,ZNWX-0437,FBL3-ZGW83390-J,,,ASSISTANT,接待账号,福建省-厦门市,2025-09-05 16:44:06,0
71759,五金,ZNWX-0438,FAS4-ZZQ83351-JC,,,ASSISTANT,接待账号,福建省-Wenquan,2026-09-16 11:46:12,0
71777,五金,ZNWX-0405,FDS2-ZYY83362-JS,+8618159246464,,ASSISTANT,接待账号,福建省-厦门市,2026-06-26 14:53:41,0
71816,五金,ZNWX-0388,FHS4-HX83358-JC,,,ASSISTANT,接待账号,福建省-厦门市,2026-08-03 17:34:51,0
71821,五金,ZNWX-0439,FKT2-ZYX83356-J,,,ASSISTANT,接待账号,福建省-Wenquan,2026-09-16 09:14:50,0
71822,五金,ZNWX-0440,FKT4-WWJ83368-JC,,,ASSISTANT,接待账号,福建省-厦门市,2026-08-10 09:28:15,0
71927,五金,ZNWX-0121,FAS5-CJJ83364-J,+8613615090653,,ASSISTANT,接待账号,福建省-厦门市,2026-01-27 17:30:42,0
72042,五金,FAT2-YYW83360-J,FAT2-YYW83360-J,,,ASSISTANT,接待账号,福建省-Wenquan,2026-09-16 09:48:36,0
72332,五金,ZNWX-0390,ZNWX-JP,,,ASSISTANT,接待账号,福建省-厦门市,2025-07-31 13:30:32,0
72883,五金,ZNWX-0504,FAS2-ZST84942-J,,2221626141@qq.com,ASSISTANT,接待账号,福建省-厦门市,2026-05-29 18:01:13,0
72905,五金,ZNWX-3007,FCT4-WYC83475-JC,,,ASSISTANT,接待账号,Tokyo-東京都,2026-09-16 12:15:57,3
72932,五金,ZNWX-1186,FAS4-WSH83519-JC,+8618059280186,,ASSISTANT,接待账号,福建省-Wenquan,2026-04-29 13:32:58,0
72937,五金,ZNWX-7660,FAS4-LZZ83509-JC,,,ASSISTANT,接待账号,福建省-厦门市,2025-08-29 13:31:48,0
72984,五金,ZNWX-0394,FAT3-CJH83487-JC,,,ASSISTANT,接待账号,福建省-厦门市,2026-07-15 17:21:45,0
73170,五金,ZNWX-0666,FKS2-WQY81930-M,,,ASSISTANT,接待账号,福建省-福州市,2026-09-07 10:31:29,0
73570,五金,ZNWX-0618,FDT3-ZQ83498-JC,,2537640175@qq.com,ASSISTANT,接待账号,福建省-厦门市,2026-02-26 10:35:39,0
73803,五金,ZNWX-0485,FBT1-JYJ83602-Sub,,,ASSISTANT,接待账号,福建省-厦门市,2026-01-30 14:31:36,0
73811,五金,ZNWX-0393,FAT3-LQ83601-JC,,,ASSISTANT,接待账号,,2026-03-25 00:09:43,0
73824,五金,ZNWX-0488,FFS3-HWJ83603-JC,,,ASSISTANT,接待账号,福建省-厦门市,2026-08-25 16:20:04,0
73890,五金,ZNWX-3074,FDS4-ZJT83616-JC,,,ASSISTANT,接待账号,,2026-03-31 11:15:41,0
74066,五金,ZNWX-7744,FET2-CYP83623-J,,,ASSISTANT,接待账号,福建省-福州市,2026-08-25 16:22:06,0
74080,五金,ZNWX-0574,FBT1-WXN83659-Sub,,,ASSISTANT,接待账号,福建省-厦门市,2025-09-11 16:41:46,0
74120,五金,ZNWX-0709,FKS5-HSP83615-J,+8613959010709,,ASSISTANT,接待账号,福建省-厦门市,2026-02-26 13:36:01,0
74740,五金,ZNWX-6681,FAS4-LLF83701-Sub,,,ASSISTANT,接待账号,福建省-厦门市,2025-09-08 19:22:10,0
74844,五金,ZNWX-0162,FKS2-SJH84525-JC,,,ASSISTANT,接待账号,福建省-Wenquan,2026-09-16 09:00:38,0
75001,五金,ZNWX-0555,FBS4-LLB83700-J,,,ASSISTANT,接待账号,福建省-厦门市,2025-09-11 15:04:51,0
75211,五金,ZNWX-0601,FHS3-LXM84113-JC,,,ASSISTANT,接待账号,福建省-Wenquan,2026-09-12 19:34:42,0
75213,五金,ZNWX-0619,FBT2-LFN83741-Sub,,,ASSISTANT,接待账号,福建省-厦门市,2025-09-11 16:34:47,0
75339,五金,ZNWX-0808,FAT1-LL83762-J,+8619959177952,,ASSISTANT,接待账号,福建省-厦门市,2026-07-27 15:05:23,0
75653,五金,ZNWX-0809,FDS1-WM85161-J,+8615860483839,,ASSISTANT,接待账号,福建省-Wenquan,2026-09-16 09:08:14,1
75676,五金,ZNWX-7608,FDS3-QR83804-JC,,,ASSISTANT,接待账号,福建省-福州市,2026-09-10 15:12:21,0
75677,五金,ZNWX-0484,FDT2-ZXH83799-SUB,,,ASSISTANT,接待账号,福建省-厦门市,2025-11-07 16:27:33,0
75680,五金,ZNWX-0483,FAT2-LCX83883-J,,,ASSISTANT,接待账号,福建省-厦门市,2025-12-23 16:04:07,0
75682,五金,ZNWX-1115,FCT4-CHP81007-JC,,,ASSISTANT,接待账号,福建省-福州市,2026-09-04 16:34:01,0
75742,五金,ZNWX-0620,FKT3-WJW83786-JC,,,ASSISTANT,接待账号,福建省-Wenquan,2026-09-16 10:41:45,0
75968,五金,ZNWX-0603,FKT4-ZJY83782-JC,,,ASSISTANT,接待账号,福建省-Wenquan,2026-09-16 09:15:10,0
76049,五金,ZNWX-0622,FBT1-CY83681-J,,,ASSISTANT,接待账号,福建省-厦门市,2025-11-11 17:17:25,0
76130,五金,ZNWX-0598,FKS1-SSY83853-JC,,,ASSISTANT,接待账号,福建省-Wenquan,2026-09-16 09:50:31,0
76463,五金,ZNWX-0624,FBT1-JSL83875-Sub,,,ASSISTANT,接待账号,福建省-厦门市,2025-10-09 14:03:17,0
76556,五金,ZNWX-7777,FBS4-ZYY83885-JC,,,ASSISTANT,接待账号,福建省-厦门市,2025-12-29 09:07:37,0
77418,五金,ZNWX-1112,FAS2-WSJ84027-J,,,ASSISTANT,接待账号,福建省-厦门市,2026-08-08 14:20:12,0
77640,五金,ZNWX-0667,FCT4-LYF83963-JC,,,ASSISTANT,接待账号,福建省-厦门市,2026-08-05 16:47:53,0
77941,五金,ZNWX-0690,FBT2-ZML-83980-Sub,,,ASSISTANT,接待账号,福建省-厦门市,2025-10-21 17:40:05,0
78062,五金,ZNWX-0813,FAT3-YSQ83984-J,,,ASSISTANT,接待账号,福建省-厦门市,2026-08-08 14:57:32,0
78179,五金,ZNWX-7991,FAS4-ZYL83988-JC,,,ASSISTANT,接待账号,福建省-福州市,2026-09-08 17:04:03,0
78185,五金,ZNWX-0625,FHT1-FFY83993-Sub,,,ASSISTANT,接待账号,,2026-03-30 23:04:41,0
78349,五金,ZNWX-0585,FKS3-CXH84036-JC,+8613328590845,,ASSISTANT,接待账号,福建省-Wenquan,2026-09-15 10:48:07,0
78355,五金,ZNWX-0664,FAS4-PZY84026-JC,+8613806004664,,ASSISTANT,接待账号,福建省-Wenquan,2026-09-15 17:12:53,0
78709,五金,ZNWX-1110,FAS5-RJC84007-J,,,ASSISTANT,接待账号,福建省-厦门市,2026-05-29 13:41:42,0
78745,五金,ZNWX-0964,FAT4-RMFY85256-JC,,,ASSISTANT,接待账号,Kowloon-香港,2026-07-09 15:50:34,0
78751,五金,ZNWX-0554,FDT3-HYC84099-JC,,,ASSISTANT,接待账号,South East-新加坡,2026-09-14 14:22:07,2
78762,五金,ZNWX-0668,FDT5-YZH84096-JS,,,ASSISTANT,接待账号,福建省-厦门市,2026-05-18 14:28:46,0
78859,五金,ZNWX-6236,FAS4-QXL84123-Sub,,,ASSISTANT,接待账号,,2025-11-01 13:31:03,0
78967,五金,ZNWX-0691,FKT2-FHJ84092-JC,,,ASSISTANT,接待账号,福建省-Wenquan,2026-09-16 11:45:09,0
78968,五金,ZNWX-0692,FKT5-ZBY84137-JC,,,ASSISTANT,接待账号,福建省-Wenquan,2026-09-16 10:53:26,0
78970,五金,ZNWX-0963,FBT4-WJM84104-J,,,ASSISTANT,接待账号,福建省-厦门市,2025-12-31 13:58:50,0
79014,五金,ZNWX-6022,FAS4-LJC84138-Sub,,,ASSISTANT,接待账号,福建省-厦门市,2026-01-23 13:30:55,0
79287,五金,ZNWX-0962,FAT4-XXQ83756-J,,,ASSISTANT,接待账号,福建省-厦门市,2025-11-22 16:57:48,0
79613,五金,ZNWX-1109,FAS5-ZJY83341-J,,,ASSISTANT,接待账号,福建省-厦门市,2026-02-25 16:04:23,0
79741,五金,ZNWX-0551,FAS3-HYJ84160-Sub,,,ASSISTANT,接待账号,福建省-厦门市,2026-06-30 13:33:49,1
79889,五金,ZNWX-1927,FAS4-CYY84197-JC,,,ASSISTANT,接待账号,福建省-厦门市,2026-05-27 15:44:35,0
79892,五金,ZNWX-0552,FCS3-LJM84948-JC,,,ASSISTANT,接待账号,福建省-Wenquan,2026-09-16 09:05:48,0
79893,五金,ZNWX-0596,FKS2-ZJ84204-JC,,,ASSISTANT,接待账号,福建省-厦门市,2026-07-31 09:44:11,0
79904,五金,ZNWX-0604,FBT1-WY84184-J,,,ASSISTANT,接待账号,福建省-厦门市,2026-01-30 16:35:54,0
79917,五金,ZNWX-0961,FHS2-HMT84196-JC,,,ASSISTANT,接待账号,福建省-厦门市,2026-07-07 16:40:29,0
79946,五金,ZNWX-2752,FCS4-LMZ84195-JC,,,ASSISTANT,接待账号,,2026-02-23 12:17:45,0
79973,五金,ZNWX-0643,ZJY83341-管培生,,,ASSISTANT,接待账号,福建省-厦门市,2025-12-12 10:03:22,0
80272,五金,ZNWX-0858,菲律宾-SVKai-CSA,,,ASSISTANT,接待账号,Metro Manila-马尼拉,2026-09-15 20:47:51,0
80273,五金,ZNWX-0859,菲律宾-RON RUZZLE-CSO,,,ASSISTANT,接待账号,Metro Manila-马尼拉,2026-09-16 10:36:14,26
80274,五金,ZNWX-0860,菲律宾-KATHLEEN-CSO,,,ASSISTANT,接待账号,,2026-04-08 18:56:03,26
80275,五金,ZNWX-0861,菲律宾-MARY JOICE-CSO,,,ASSISTANT,接待账号,,2026-02-25 13:12:22,26
80276,五金,ZNWX-0862,菲律宾-JERALDINE-CSO,,,ASSISTANT,接待账号,,2026-04-09 10:51:42,26
80286,五金,ZNWX-0863,菲律宾- JERAL-CSO,,,ASSISTANT,接待账号,Metro Manila-马尼拉,2026-08-31 19:12:02,26
80287,五金,ZNWX-0864,菲律宾- JUANA-CSO,,,ASSISTANT,接待账号,Metro Manila-马尼拉,2026-09-15 15:41:29,26
80372,五金,ZNWX-5417,FAS4-ZRT85612-JC,,,ASSISTANT,接待账号,福建省-厦门市,2026-08-31 09:32:42,0
80444,五金,ZNWX-0960,FDS2-LMY84269-Sub,,,ASSISTANT,接待账号,福建省-Wenquan,2026-09-16 10:38:55,3
80524,五金,ZNWX-0967,FBT4-HYH84271-Sub,,,ASSISTANT,接待账号,福建省-厦门市,2026-01-28 13:39:25,0
80868,五金,ZNWX-0660,FHT2-YMT84239-JS,,,ASSISTANT,接待账号,福建省-Wenquan,2026-09-12 15:11:04,0
80884,五金,ZNWX-0979,FAT4-GZH85365-JC,,,ASSISTANT,接待账号,福建省-厦门市,2026-05-11 17:32:29,3
80960,五金,ZNWX-6911,FCS4-CJ84295-SUB,,,ASSISTANT,接待账号,福建省-厦门市,2026-01-29 17:51:07,0
80992,五金,ZNWX-0959,ZNWX-0959,,,ASSISTANT,接待账号,福建省-厦门市,2026-01-07 16:25:33,0
81378,五金,ZNWX-0656,FHS4-CJ84248-JC,,,ASSISTANT,接待账号,福建省-厦门市,2026-07-02 15:41:49,0
81505,五金,ZNWX-0921,泰国-Nureehan-CSO,,,ASSISTANT,接待账号,曼谷-曼谷,2026-05-15 13:59:57,20
81507,五金,ZNWX-0970,泰国-Priao-CSA,,,ASSISTANT,接待账号,曼谷-Samphanthawong,2026-09-15 10:09:41,0
81538,五金,ZNWX-0841,FBS4-Gultom-CSO,,,ASSISTANT,接待账号,印度尼西亚,2026-02-10 00:52:49,23
81550,五金,ZNWX-0557,FDS3-MHY84267-J,,,ASSISTANT,接待账号,福建省-Wenquan,2026-09-16 11:09:33,3
81951,五金,ZNWX-0800,FBS4-ZXQ84340-SUB,,,ASSISTANT,接待账号,福建省-厦门市,2025-12-30 16:47:17,0
82242,五金,ZNWX-1073,泰国-Thidarat-CSO,,,ASSISTANT,接待账号,曼谷-Samphanthawong,2026-09-16 12:57:33,20
82491,五金,ZNWX-0610,FKT2-XYX84372-JC,,,ASSISTANT,接待账号,福建省-Wenquan,2026-09-16 12:32:15,0
82515,五金,ZNWX-0482,FDT2-WZX84386-JC,,,ASSISTANT,接待账号,福建省-Wenquan,2026-09-16 11:03:19,4
82529,五金,ZNWX-0491,FAT1-LYZ84363-J,,,ASSISTANT,接待账号,Tokyo-東京都,2026-06-29 17:06:55,0
82583,五金,ZNWX-7654,FAS4-Miftah-CSO,,,ASSISTANT,接待账号,Jakarta-雅加达,2026-05-28 08:40:13,46
82584,五金,ZNWX-7651,FAS4-Farida-CSO,,,ASSISTANT,接待账号,Jakarta-West Jakarta,2026-08-31 08:49:51,46
82585,五金,ZNWX-7655,FAS4-Citra-CSO,,,ASSISTANT,接待账号,西爪哇省-勿加泗,2026-09-16 11:41:03,46
82587,五金,ZNWX-7661,FAS4-Nadya-CSO,,,ASSISTANT,接待账号,Jakarta-雅加达,2026-08-14 14:39:53,46
82599,五金,ZNWX-1077,FHS3-Jastine-CSO,,,ASSISTANT,接待账号,Metro Manila-马尼拉,2026-09-16 06:50:16,29
82600,五金,ZNWX-1078,FHS3- NeilJansen-CSO,,,ASSISTANT,接待账号,Metro Manila-马尼拉,2026-09-15 15:26:14,29
82617,五金,ZNWX-0694,FES3-WCM84368-JC,,,ASSISTANT,接待账号,福建省-厦门市,2026-08-22 10:51:59,0
83314,五金,ZNWX-0612,FKT3-LKK84482-JC,,,ASSISTANT,接待账号,福建省-厦门市,2026-07-31 11:36:07,0
83321,五金,ZNWX-0481,FHT1-LLL84459+JC,,,ASSISTANT,接待账号,福建省-Wenquan,2026-09-16 09:04:50,0
83391,五金,ZNWX-1333,FKS5-GR84443-JC,,,ASSISTANT,接待账号,福建省-Wenquan,2026-09-16 09:23:23,0
83544,五金,ZNWX-0695,FAS3-LJY84444-JC,,,ASSISTANT,接待账号,福建省-Wenquan,2026-09-16 11:00:48,3
83753,五金,ZNWX-0646,FAS1-LYN85509-J,,,ASSISTANT,接待账号,福建省-厦门市,2026-08-07 14:39:24,0
83967,五金,ZNWX-4435,ZFA3-QBH84435-J,,,ASSISTANT,接待账号,,2026-04-03 15:31:30,0
84045,五金,ZNWX-5262,FES4-JBL84539-JC,+8615159082652,1925588798@qq.com,ASSISTANT,接待账号,,2026-03-27 16:56:50,0
84122,五金,ZNWX-1176,FAS4-CBX84536-JC,,,ASSISTANT,接待账号,福建省-厦门市,2026-08-08 18:07:26,0
84172,五金,ZNWX-0955,FKS4-ZBZ84527-JC,,,ASSISTANT,接待账号,福建省-Wenquan,2026-09-16 11:16:20,0
84391,五金,ZNWX-0661,FHT2-GJS84727-Sub,,,ASSISTANT,接待账号,福建省-福州市,2026-09-07 10:23:40,0
84440,五金,ZNWX-0944,泰国-Chonchanok-CSO,,,ASSISTANT,接待账号,泰国,2026-01-31 21:59:00,0
84604,五金,ZNWX-0977,FKS4-XYB84602-Sub,,,ASSISTANT,接待账号,福建省-Wenquan,2026-09-16 13:21:36,0
84732,五金,ZNWX-0478,FHS3-LYZ84622-JC,,,ASSISTANT,接待账号,福建省-Wenquan,2026-09-16 10:46:28,0
84867,五金,ZNWX-1383,FAS4-ZYG84630-JC,,,ASSISTANT,接待账号,福建省-厦门市,2026-06-13 13:41:29,0
84868,五金,ZNWX-0945,FH-GZW80017-M,,,ASSISTANT,接待账号,福建省-福州市,2026-08-22 15:36:04,0
85032,五金,ZNWX-0493,FKT1-LYL84645-JC,,,ASSISTANT,接待账号,福建省-厦门市,2026-06-01 09:59:30,0
85086,五金,ZNWX-1242,FCS3-XZH85597-J,,,ASSISTANT,接待账号,福建省-福州市,2026-09-05 15:57:43,0
85148,五金,ZNWX-0040,FHS4-JYH84647-SUB,,,ASSISTANT,接待账号,福建省-厦门市,2026-02-06 13:32:36,0
85388,五金,ZNWX-0662,FHT3-WZJ84644-Sub,,,ASSISTANT,接待账号,福建省-福州市,2026-08-15 09:00:49,0
85391,五金,ZNWX-1602,FAS3-GSL84698-Sub,,,ASSISTANT,接待账号,福建省-Wenquan,2026-09-16 11:46:24,0
85404,五金,ZNWX-1174,客服负责人:黄坤盛,,,ASSISTANT,接待账号,福建省-厦门市,2026-08-11 15:44:22,0
85724,五金,ZNWX-1175,客服负责人：林旭彬,,,ASSISTANT,接待账号,福建省-福州市,2026-09-07 09:48:30,0
85735,五金,ZNWX-0616,FHS1-HJX84691-JC,,,ASSISTANT,接待账号,福建省-Wenquan,2026-09-16 09:42:46,0
85945,五金,ZNWX-1208,FAS4-Lourentysa-CSO,,,ASSISTANT,接待账号,Jakarta-West Jakarta,2026-07-12 16:37:41,46
85946,五金,ZNWX-1210,FAS4-Dewanti-CSO,,,ASSISTANT,接待账号,Jakarta-West Jakarta,2026-08-31 23:38:32,23
86329,五金,ZNWX-1221,AAH4-Lisma-CSO,,,ASSISTANT,接待账号,Jakarta-West Jakarta,2026-09-15 16:20:25,23
86330,五金,ZNWX-1224,AAH4-Widya-CSO,,,ASSISTANT,接待账号,Jakarta-West Jakarta,2026-09-02 08:33:44,46
86730,五金,ZNWX-0627,FDT3-LM84918-SUB,,,ASSISTANT,接待账号,福建省-Wenquan,2026-09-15 10:02:09,2
86800,五金,ZNWX-0848,FHS2-LY84722-Sub,,,ASSISTANT,接待账号,福建省-厦门市,2026-05-30 16:11:29,0
86818,五金,ZNWX-1300,FHT4-XJB84713-Sub,,,ASSISTANT,接待账号,福建省-厦门市,2026-03-10 09:09:17,0
87087,五金,ZNWX-84740,FHT1-ZL84740-Sub,,,ASSISTANT,接待账号,福建省-厦门市,2026-08-04 16:01:49,0
87197,五金,ZNWX-84747,FHT1-SZW84747-Sub,,,ASSISTANT,接待账号,,2026-03-20 13:37:35,0
87294,五金,ZNWX-3022,FAS5-HSY84752-J,+8618250033022,,ASSISTANT,接待账号,福建省-福州市,2026-08-24 14:10:07,0
87310,五金,ZNWX-84753,FHT1-GYX84753-JC,,,ASSISTANT,接待账号,福建省-Wenquan,2026-09-16 09:50:43,0
87355,五金,ZNWX-0697,FAT3-LHL84778-SUB,,,ASSISTANT,接待账号,福建省-厦门市,2026-05-29 11:07:45,0
87365,五金,ZNWX-1460,FKT4-GXB85459-Sub,,,ASSISTANT,接待账号,福建省-厦门市,2026-08-05 14:24:05,0
87408,五金,ZNWX-0805,FKS1-LZZ84785-JC,,,ASSISTANT,接待账号,福建省-Wenquan,2026-09-16 09:03:12,0
87413,五金,ZNWX-0402,FKS2-CH84777-JC,,,ASSISTANT,接待账号,福建省-Wenquan,2026-09-16 10:23:04,0
87446,五金,ZNWX-1298,FCT1-ZWY84801-Sub,,,ASSISTANT,接待账号,,2026-03-16 15:54:36,0
87450,五金,ZNWX-0677,FKS4-TXD84799-Sub,,,ASSISTANT,接待账号,福建省-Wenquan,2026-09-16 11:37:16,0
87525,五金,ZNWX-1480,FDS2-LYA85464-Sub,,,ASSISTANT,接待账号,福建省-Wenquan,2026-09-16 11:42:38,3
87550,五金,ZNWX-1663,FKS3-SBT84803-Sub,+8619032316904,,ASSISTANT,接待账号,Metro Manila-马尼拉,2026-05-21 17:46:55,0
87570,五金,ZNWX-4811,FCS3-HBF84811-Sub,,,ASSISTANT,接待账号,,2026-03-21 13:37:15,0
87647,五金,ZNWX-1521,FDT2-WJH84814-J,,,ASSISTANT,接待账号,福建省-福州市,2026-08-27 13:31:12,0
87971,五金,ZNWX-0650,FHS4-JYM84884-Sub,,,ASSISTANT,接待账号,,2026-04-20 13:31:12,0
87979,五金,ZNWX-2683,FAS3-JKP84861-Sub,+8615965662683,,ASSISTANT,接待账号,福建省-Wenquan,2026-04-16 17:02:08,0
88037,五金,ZNWX-0980,FKS4-SRR84881-Sub,,,ASSISTANT,接待账号,,2026-03-20 15:24:43,0
88046,五金,ZNWX-0849,FHS2-ZN84880-JC,,,ASSISTANT,接待账号,福建省-Wenquan,2026-09-15 14:27:27,0
88080,五金,ZNWX-1331,FKS5-LYT84855-JC,,,ASSISTANT,接待账号,福建省-厦门市,2026-07-31 15:51:44,0
88081,五金,ZNWX-9751,FAS4-CSW84765-JC,,,ASSISTANT,接待账号,福建省-厦门市,2026-08-14 16:04:25,0
88163,五金,ZNWX-1634,ZFA1-MXY84842-J,,,ASSISTANT,接待账号,福建省-苏坂,2026-05-14 16:10:55,0
88187,五金,ZNWX-84919,FHS3-FSB84919-JC,,,ASSISTANT,接待账号,福建省-Wenquan,2026-09-16 11:08:09,0
88274,五金,ZNWX-1301,FHT4-HSS84923-Sub,,,ASSISTANT,接待账号,福建省-厦门市,2026-05-11 14:35:11,0
88515,五金,ZNWX-8009,FAS3-ZHW84938-JC,+8613509538009,,ASSISTANT,接待账号,福建省-厦门市,2026-07-07 00:21:30,0
88516,五金,ZNWX-3051,FAS4-ZSM85004-Sub,,,ASSISTANT,接待账号,,2026-04-07 13:33:02,0
88563,五金,ZNWX-0981,FKS4-LZW85020-Sub,,,ASSISTANT,接待账号,,2026-04-01 15:41:24,0
88566,五金,ZNWX-0982,FKS41-YYY84947-JC,,,ASSISTANT,接待账号,福建省-厦门市,2026-07-28 11:08:59,0
88571,五金,ZNWX-1302,FHT4-ZSK83282-JC,,,ASSISTANT,接待账号,福建省-厦门市,2026-06-26 14:29:08,0
88656,五金,ZNWX-0698,FDS3-YY83281-JC,,,ASSISTANT,接待账号,福建省-厦门市,2026-06-17 09:08:56,0
88698,五金,ZNWX-0594,FHS5-WWF84946-JC,,,ASSISTANT,接待账号,福建省-厦门市,2026-08-21 10:15:49,0
88699,五金,ZNWX-1667,FKS1-HN84950-JC,+8619835651886,,ASSISTANT,接待账号,福建省-Wenquan,2026-09-16 09:11:51,2
88870,五金,ZNWX-0703,FDS3-CXR85038-Sub,,,ASSISTANT,接待账号,福建省-Wenquan,2026-09-16 13:21:15,1
89123,五金,ZNWX-0665,FHS4-LSZ85059-JC,,,ASSISTANT,接待账号,福建省-Wenquan,2026-09-16 11:35:29,0
89176,五金,ZNWX-1668,FCT1-MGY85118-Sub,,,ASSISTANT,接待账号,福建省-厦门市,2026-07-21 16:38:24,0
89177,五金,ZNWX-1669,FDT1-LYA85062--J,,,ASSISTANT,接待账号,福建省-Wenquan,2026-09-16 10:53:25,5
89365,五金,ZNWX-6651,FAS3-LJY85142-Sub,,,ASSISTANT,接待账号,福建省-Wenquan,2026-09-16 09:10:46,2
89778,五金,ZNWX-1330,FKS5-HD85066-JC,+8618687658986,,ASSISTANT,接待账号,福建省-Wenquan,2026-09-16 11:22:51,0
90060,五金,ZNWX-1530,FKS4-DF85158-Sub,,,ASSISTANT,接待账号,,2026-04-15 11:28:38,0
90158,五金,ZNWX-1499,ZFA4-Marsya-CSO,,,ASSISTANT,接待账号,Jakarta-雅加达,2026-05-05 15:02:46,23
90900,五金,ZNWX-1320,FKS1-SSF85227-Sub,,,ASSISTANT,接待账号,福建省-厦门市,2026-05-12 17:00:39,0
90932,五金,ZNWX-85230,FHT1-ZHQ85230-Sub,,,ASSISTANT,接待账号,福建省-福州市,2026-09-04 08:45:12,5
91286,五金,ZNWX-0663,FHT3-PCL85275-JC,,,ASSISTANT,接待账号,福建省-Wenquan,2026-09-12 15:26:23,0
91287,五金,ZNWX-0659,FHT3-WL85508-JC,,,ASSISTANT,接待账号,福建省-Wenquan,2026-09-16 09:50:52,0
91357,五金,ZNWX-5280,FCT4-LWH85280-J,,,ASSISTANT,接待账号,福建省-Wenquan,2026-09-16 12:38:53,4
91422,五金,ZNWX-1703,FKS41-MXS85273-J,,,ASSISTANT,接待账号,Tokyo-東京都,2026-06-12 14:17:15,0
91436,五金,ZNWX-3100,FAS3-WWL85331-Sub,+8618250133100,,ASSISTANT,接待账号,福建省-厦门市,2026-05-08 13:45:57,0
91469,五金,ZNWX-5172,FCT1-Findi-CSO,,,ASSISTANT,接待账号,,2026-09-16 08:20:31,23
91681,五金,ZNWX-5186,FCT2-Putri-CSO,,,ASSISTANT,接待账号,Jakarta-West Jakarta,2026-09-14 08:21:42,22
91682,五金,ZNWX-5187,FCT2-Amtul-CSO,,,ASSISTANT,接待账号,Jakarta-West Jakarta,2026-09-16 08:25:54,22
92083,五金,ZNWX-0704,FES3-LSY85351-JC,,,ASSISTANT,接待账号,福建省-厦门市,2026-06-26 14:38:40,0
92108,五金,ZNWX-5206,FCT2-Rahmawati-CSO,,,ASSISTANT,接待账号,Jakarta-West Jakarta,2026-08-03 18:15:56,22
92140,五金,ZNWX-5390,FKT5-LSY85346-J,,,ASSISTANT,接待账号,福建省-Wenquan,2026-09-16 09:45:12,0
92201,五金,ZNWX-1725,FAA1-Pin-CSO,,,ASSISTANT,接待账号,曼谷-曼谷,2026-08-31 21:59:35,20
92641,五金,ZNWX-5215,FKT3-XNM85453-Sub,,,ASSISTANT,接待账号,福建省-福州市,2026-08-27 15:29:00,0
92733,五金,ZNWX-5229,FKT5-DJshun-CSO,,,ASSISTANT,接待账号,Hanoi-河內市,2026-09-15 14:04:58,16
92822,五金,ZNWX-0715,FES3-SYF85473-Sub,,,ASSISTANT,接待账号,福建省-厦门市,2026-07-04 16:46:33,0
92840,五金,ZNWX-5230,FKT5-Grong-M,,,ASSISTANT,接待账号,Hanoi-河內市,2026-09-16 10:53:53,0
92855,五金,ZNWX-5233,FAS4-Wina-CSO,,,ASSISTANT,接待账号,Jakarta-West Jakarta,2026-09-01 00:18:37,23
92857,五金,ZNWX-5234,FAS2-Farida-CSO,,,ASSISTANT,接待账号,Jakarta-West Jakarta,2026-09-14 08:27:15,20
92858,五金,ZNWX-5236,FAS4-Sintia-CSO,,,ASSISTANT,接待账号,Jakarta-West Jakarta,2026-09-16 08:41:03,20
92859,五金,ZNWX-5235,FAS2-Rahma-CSO,,,ASSISTANT,接待账号,Jakarta-雅加达,2026-05-31 16:44:16,20
92893,五金,ZNWX-1744,FAA1-Bam-CSO,,,ASSISTANT,接待账号,曼谷-Samphanthawong,2026-09-15 13:45:58,20
92995,五金,ZNWX-5237,FKT5-DHZlin-CSO,,,ASSISTANT,接待账号,Hanoi-河內市,2026-09-16 10:47:00,16
93174,五金,ZNWX-5288,FKS3-ZLY85531-Sub,+8616605969125,z16605969125@126.com,ASSISTANT,接待账号,福建省-福州市,2026-08-31 16:43:33,0
93176,五金,ZNWX-3741,FAS5-ZLJ83118-JC,,,ASSISTANT,接待账号,福建省-Wenquan,2026-09-16 09:09:12,4
93288,五金,ZNWX-2360,ZNWX-2360,+8613110912360,,ASSISTANT,接待账号,福建省-厦门市,2026-06-30 15:31:19,0
93332,五金,ZNWX-1329,FKS1-WY85511-J,+8617350227873,,ASSISTANT,接待账号,福建省-Wenquan,2026-09-16 09:36:51,2
93729,五金,ZNWX-0652,FHS1-CN85606-JC,,,ASSISTANT,接待账号,福建省-Wenquan,2026-09-16 12:25:52,0
93810,五金,ZNWX-5355,管培生,,,ASSISTANT,接待账号,福建省-厦门市,2026-08-24 13:47:24,0
93824,五金,ZNWX-5307,FHS2-CWJ85512-JC,,,ASSISTANT,接待账号,福建省-Wenquan,2026-09-16 11:33:38,0
93906,五金,ZNWX-0595,FKS2-BYR85594-JC,,,ASSISTANT,接待账号,福建省-Wenquan,2026-09-14 19:40:19,2
94064,五金,ZNWX-2950,FAS4-Ebietia-CSO,,,ASSISTANT,接待账号,,2026-05-29 15:06:57,46
94118,五金,FDT4-WY85678-Sub,FDT4-WY85678-Sub,,,ASSISTANT,接待账号,福建省-厦门市,2026-06-27 10:43:49,0
94119,五金,ZNWX-5393,FCT2-ZWJ85680-Sub,,,ASSISTANT,接待账号,福建省-厦门市,2026-08-08 10:23:04,0
94120,五金,FDT4-WCX85664-J,FDT4-WCX85664-JC,,,ASSISTANT,接待账号,福建省-厦门市,2026-07-31 16:06:54,0
94185,五金,ZNWX-8931,FAS2-ZLJ85663-JC,,,ASSISTANT,接待账号,福建省-Wenquan,2026-09-16 09:24:41,0
94240,五金,ZNWX-1071,FKT1-TYH85659-J,,,ASSISTANT,接待账号,福建省-Wenquan,2026-09-16 10:42:27,2
94258,五金,ZNWX-0614,FKS2-SKX85686-Sub,,,ASSISTANT,接待账号,福建省-厦门市,2026-07-24 15:35:04,0
94290,五金,ZNWX-0972,FDS5-YJP85661-J,,,ASSISTANT,接待账号,福建省-Wenquan,2026-09-16 10:38:38,3
94297,五金,ZNWX-5511,FHT1-CQ85662-JC,+8618559953516,,ASSISTANT,接待账号,福建省-厦门市,2026-08-14 09:13:37,0
94525,五金,ZNWX-5362,FKS1-WJ85705-Sub,,,ASSISTANT,接待账号,广东-广州市,2026-08-31 22:12:42,0
94662,五金,ZNWX-7774,FES4-ZSX85623-SUB,+8618779587774,,ASSISTANT,接待账号,福建省-厦门市,2026-07-13 16:34:06,0
94665,五金,ZNWX-2668,FAS2-Cecilia,,,ASSISTANT,接待账号,Jakarta-West Jakarta,2026-08-31 23:58:42,20
94728,五金,ZNWX-7185,FAS4-QLZ85933-JC,,,ASSISTANT,接待账号,福建省-福州市,2026-08-31 12:16:00,0
95017,五金,ZNWX-5374,FAS4-Stefhanie-CSO,,,ASSISTANT,接待账号,Jakarta-West Jakarta,2026-08-31 23:27:33,46
95125,五金,ZNWX-5556,FAS3-LY85748-JC,,,ASSISTANT,接待账号,福建省-Wenquan,2026-09-16 09:03:51,0
95177,五金,ZNWX-5394,FCS1-LX85769-J,,,ASSISTANT,接待账号,福建省-Wenquan,2026-09-16 09:48:36,3
95201,五金,ZNWX-0658,FHS1-CWJ85762-JC,,,ASSISTANT,接待账号,福建省-Wenquan,2026-09-16 09:33:31,0
95212,五金,ZNWX-5305,FKS41-WXY-85771-J,+8615924062166,2927228486@qq.com,ASSISTANT,接待账号,福建省-厦门市,2026-08-06 13:48:22,0
95239,五金,ZNWX-5416,FHS5-LAW85766-JC,+8618650882618,,ASSISTANT,接待账号,福建省-Wenquan,2026-09-16 12:56:22,0
95451,五金,ZNWX-1027,FCT3-LZH85775-JS,,,ASSISTANT,接待账号,福建省-厦门市,2026-08-05 22:20:43,0
95554,五金,ZNWX-85831,FHS3-LYX85831-Sub,+8618065870113,,ASSISTANT,接待账号,福建省-Wenquan,2026-09-16 11:54:33,0
96123,五金,ZNWX-5472,FAT1-LY85874-J,,,ASSISTANT,接待账号,福建省-Wenquan,2026-09-16 09:10:16,3
96216,五金,ZNWX-5395,FDS3-XMH85881-J,,,ASSISTANT,接待账号,福建省-厦门市,2026-07-25 13:41:05,0
96226,五金,ZNWX-0645,ZNWX-0645,,,ASSISTANT,接待账号,福建省-Wenquan,2026-09-16 09:06:22,0
96285,五金,ZNWX-0672,FKT1-GGQ85869-J,,,ASSISTANT,接待账号,福建省-Wenquan,2026-09-16 09:24:57,3
96471,五金,ZNWX-0670,FKS5-YLJ-83771-J,+8618559277327,825628626@qq.com,ASSISTANT,接待账号,福建省-Wenquan,2026-09-16 12:37:46,2
96528,五金,ZNWX-5577,FHS3- Sophia-CSO,,,ASSISTANT,接待账号,Metro Manila-马尼拉,2026-08-11 07:41:51,29
96616,五金,ZNWX-0721,FDS3-YJQ85969-Sub,,,ASSISTANT,接待账号,福建省-Wenquan,2026-09-16 09:20:44,3
96646,五金,ZNWX-5322,FKS3-SYM-JC,+8618985579623,,ASSISTANT,接待账号,福建省-福州市,2026-08-31 13:38:01,0
96658,五金,ZNWX-7033,FDT3-ZJ85926--J,+8613860417033,,ASSISTANT,接待账号,福建省-Wenquan,2026-09-16 09:25:51,3
96736,五金,ZNWX-5512,FDT4-XYX85939-JC,,,ASSISTANT,接待账号,Tokyo-東京都,2026-09-16 12:46:37,3
96769,五金,FAT4-LXY85937-J,FAT4-LXY85937-J,,,ASSISTANT,接待账号,福建省-厦门市,2026-07-31 09:28:21,0
96818,五金,ZNWX-5375,FDS2-HHJ85935-J,,,ASSISTANT,接待账号,福建省-Wenquan,2026-09-16 09:02:17,3
97180,五金,ZNWX-1352,FCS3-JYT85987-Sub,,,ASSISTANT,接待账号,福建省-Wenquan,2026-09-16 09:14:50,8
97313,五金,ZNWX-1342,FES3-HZX84442-J,,,ASSISTANT,接待账号,福建省-Wenquan,2026-09-16 09:59:13,2
97490,五金,ZNWX-7349,FCS4-GH86049-JC,+8617879357349,,ASSISTANT,接待账号,福建省-Wenquan,2026-09-16 13:22:10,0
97525,五金,ZNWX-0806,FHS5-CY86050-JC,+8613959160743,2406833268@qq.com,ASSISTANT,接待账号,福建省-Wenquan,2026-09-16 09:15:36,0
97846,五金,ZNWX-5514,FAT3-LYQ86036-JC,,,ASSISTANT,接待账号,福建省-Wenquan,2026-09-16 10:03:05,2
98452,五金,WJGJ-LTY,数据导出-兰天昱,,,ASSISTANT,接待账号,东京都-东京,2026-08-05 17:02:07,0
98543,五金,ZNWX-1981,FAT3-GXB85459-JC,,,ASSISTANT,接待账号,福建省-Wenquan,2026-09-16 09:31:58,2
98636,五金,ZNWX-9927,FDT3-WSH86104-J,,,ASSISTANT,接待账号,福建省-Wenquan,2026-09-16 09:22:54,2
98689,五金,ZNWX-5216,FKS2-JH-86109-JC,,,ASSISTANT,接待账号,福建省-厦门市,2026-08-13 14:49:40,0
98759,五金,znwx-7689,znwx-7689,,,ASSISTANT,接待账号,福建省-福州市,2026-08-24 20:23:44,0
99384,五金,ZNWX-5489,FKH5-RSYqiong-CSO,,,ASSISTANT,接待账号,胡志明市-胡志明市,2026-09-10 23:34:02,16
99387,五金,ZNWX-5490,FKH5-CSCheng-CSO,,,ASSISTANT,接待账号,Hanoi-河內市,2026-09-15 16:55:58,16
99982,五金,ZNWX-5595,赵华庆-AI模型训练师,,,ASSISTANT,接待账号,福建省-Wenquan,2026-09-16 08:51:39,0
99983,五金,ZNWX-5597,罗杰-AI模型训练师,,,ASSISTANT,接待账号,福建省-Wenquan,2026-09-11 18:10:33,0
100468,五金,ZNWX-5302,ZNWX-5302,,,ASSISTANT,接待账号,福建省-Wenquan,2026-09-16 10:08:35,0
100761,五金,ZNWX-5581,ZNWX-5581,,,ASSISTANT,接待账号,福建省-Wenquan,2026-09-16 11:07:12,0
16027,家电,ZNWX-9339,TJH80003-H,,,SUPER_ADMIN,接待账号,福建省-厦门市,2026-09-16 11:59:26,0
33842,家电,ZNWX-6305,HJQ,,,ASSISTANT,接待账号,福建省-厦门市,2026-09-16 12:02:08,6
33875,家电,ZNWX-8640,K01-0259-XJB80671-M,,,ASSISTANT,接待账号,福建省-厦门市,2026-09-07 09:14:04,0
38867,家电,ZNWX-0756,LTY,,,ASSISTANT,接待账号,福建省-厦门市,2026-09-16 12:04:01,9
42341,家电,ZNWX-5687,KB/KCS1-WJH83141-JS,,,ASSISTANT,接待账号,福建省-厦门市,2026-07-15 10:41:27,0
43020,家电,ZNWX-1734,KBS3-CZM81467-JC,,,ASSISTANT,接待账号,福建省-Wenquan,2026-07-27 16:08:48,0
44647,家电,ZNWX-4055,K01-0260-LFC80768-M,,,ASSISTANT,接待账号,福建省-Wenquan,2026-09-16 09:09:43,0
45226,家电,ZNWX-9269,K01-0259-YJB81893-M,,,ASSISTANT,接待账号,福建省-Wenquan,2026-09-08 14:34:22,0
48820,家电,ZNWX-7303,KBS3-LXY81785-JC,,,ASSISTANT,接待账号,福建省-厦门市,2026-08-17 11:05:15,0
54554,家电,ZNWX-5016,GHH81557-储高,,,ASSISTANT,接待账号,福建省-Wenquan,2026-09-15 11:16:33,0
54630,家电,ZNWX-4154,KBT1/KCT1-YH81979-M,,,ASSISTANT,接待账号,福建省-厦门市,2026-07-16 09:10:27,0
60119,家电,ZNWX-2025125,KAH3-KIA-CSA,,,ASSISTANT,接待账号,Metro Manila-马尼拉,2026-09-15 18:23:18,0
60222,家电,ZNWX-250205,KAH3-Kath-CSO,,,ASSISTANT,接待账号,Metro Manila-马尼拉,2026-09-14 08:00:22,12
62257,家电,ZNWX-2519,K01-259-GYJ82060-J,,,ASSISTANT,接待账号,福建省-Wenquan,2026-09-16 10:24:26,0
64124,家电,ZNWX-0067,KB/KCS1-ZEC82723-JS,+8615259268132,,ASSISTANT,接待账号,福建省-厦门市,2026-08-17 11:01:18,0
64580,家电,ZNWX-0204,KB/KCS4-YBL82371-M,,,ASSISTANT,接待账号,福建省-厦门市,2026-07-22 10:40:00,0
66105,家电,ZNWX-0287,KCS3-HQY82888-JC,,,ASSISTANT,接待账号,福建省-Wenquan,2026-07-22 16:33:23,0
66440,家电,ZNWX-8882,KB/KCS4-LQF82852-J,,,ASSISTANT,接待账号,福建省-厦门市,2026-08-25 09:52:56,0
67457,家电,ZNWX-0289,KCS3-YSJ82904-JC,,,ASSISTANT,接待账号,福建省-厦门市,2026-07-20 17:52:14,0
68440,家电,ZNWX-2325,KB/KCT1 -HXY83355-J,,,ASSISTANT,接待账号,福建省-厦门市,2026-07-31 14:55:10,0
70701,家电,ZNWX-0802,KCS3-LDF83242-JC,,,ASSISTANT,接待账号,福建省-厦门市,2026-07-27 15:54:51,0
71234,家电,ZNWX-6688,K01-260-LYL83255-J,,,ASSISTANT,接待账号,福建省-厦门市,2026-08-20 17:05:36,0
73028,家电,ZNWX-0729,KAL1-CWJ84365-J,,,ASSISTANT,接待账号,福建省-厦门市,2026-08-11 14:22:34,0
73357,家电,ZNWX-8886,KB/KCT4-ZJW83518-Jc,,,ASSISTANT,接待账号,,2026-06-22 18:22:43,0
75202,家电,ZNWX-0811,K01-259-CHL83745-J,,,ASSISTANT,接待账号,福建省-厦门市,2026-09-15 16:18:36,0
75832,家电,ZNWX-6768,K01-060-LYQ84981-J,+8618596531865,,ASSISTANT,接待账号,福建省-厦门市,2026-09-14 15:28:10,3
75835,家电,ZNWX-8867,KB/KCT1-QWB84282-J,+8613705919325,,ASSISTANT,接待账号,福建省-厦门市,2026-06-25 19:21:27,0
78891,家电,ZNWX4102,K01-260-CBY85268-J,,,ASSISTANT,接待账号,福建省-厦门市,2026-09-14 10:03:36,5
78892,家电,ZNWX4095,KB/KCT4-ZXY84095-J,,,ASSISTANT,接待账号,福建省-厦门市,2026-07-30 16:35:53,0
79968,家电,ZNWX-1136,K01-259-ZB84193-J,,,ASSISTANT,接待账号,福建省-Wenquan,2026-09-16 10:25:34,0
80058,家电,ZNWX-0194,KAH3-Kiarah-CSO,,,ASSISTANT,接待账号,Metro Manila-马尼拉,2026-08-29 13:24:10,0
81116,家电,ZNWX-6769,K01-260-XR84247-J,,,ASSISTANT,接待账号,福建省-厦门市,2026-08-28 17:26:58,0
81117,家电,ZNWX-4155,KB/KCT3-CXL84670-Sub,,,ASSISTANT,接待账号,福建省-Wenquan,2026-04-30 14:11:33,0
83301,家电,ZNWX-1146,KCS3-ZHY84492-JC,,,ASSISTANT,接待账号,福建省-厦门市,2026-07-06 15:30:02,0
83329,家电,ZNWX-1230,KB/KCS5-ZT84448-J,,,ASSISTANT,接待账号,福建省-厦门市,2026-07-21 14:24:42,0
84234,家电,ZNWX-0114,KB/KCS5-TCX84551-J,,,ASSISTANT,接待账号,福建省-厦门市,2026-08-10 09:05:33,0
85202,家电,ZNWX-1081,KAH3-Yesha-CSO,,,ASSISTANT,接待账号,Metro Manila-马尼拉,2026-09-16 07:22:04,12
85739,家电,ZNWX-1120,家电客服负责人：黄飞飞,,,ASSISTANT,接待账号,福建省-厦门市,2026-06-27 14:42:19,0
86051,家电,ZNWX-0718,KAH3-海外客服-CSO,,,ASSISTANT,接待账号,Metro Manila-马尼拉,2026-09-15 14:52:28,12
86103,家电,ZNWX-1431,ZKB3-WJF81843-M,,,ASSISTANT,接待账号,福建省-厦门市,2026-09-08 23:06:59,0
87114,家电,ZNWX-0946,KB/KCS3-zelle-CSO,,,ASSISTANT,接待账号,Metro Manila-马尼拉,2026-08-06 14:17:22,0
87181,家电,ZNWX-0307,KB/KCS4-HW84745-Sub,,,ASSISTANT,接待账号,福建省-厦门市,2026-08-06 10:37:07,0
87415,家电,ZNWX-1658,KCS1-YSJ84759-J,,,ASSISTANT,接待账号,,2026-06-22 15:43:29,0
87416,家电,ZNWX-1659,KBS3-YMD84755-JC,,,ASSISTANT,接待账号,福建省-厦门市,2026-07-13 11:01:56,0
87633,家电,ZNWX-1660,K01-259-LMH84820-J,,,ASSISTANT,接待账号,福建省-厦门市,2026-09-16 11:44:51,0
87635,家电,ZNWX-1661,K01-259-LXR84805-J,,,ASSISTANT,接待账号,福建省-Wenquan,2026-09-16 10:52:27,0
87965,家电,ZNWX-1673,KBS3-YYJ84886-SUB,,,ASSISTANT,接待账号,福建省-厦门市,2026-07-15 01:44:24,0
88253,家电,ZNWX-5689,KB/KCT4-LAY85226-Sub,,,ASSISTANT,接待账号,福建省-厦门市,2026-06-30 16:03:17,0
89146,家电,ZNWX-6678,KB/KCT1-WYL85126-Sub,,,ASSISTANT,接待账号,福建省-厦门市,2026-07-30 15:18:56,0
89337,家电,ZNWX-0401,K01-259-LKY85061-J,,,ASSISTANT,接待账号,福建省-Wenquan,2026-09-16 11:58:25,0
90919,家电,ZNWX-1878,KB/KCT1-LYQ85151-Sub,+8618359295341,,ASSISTANT,接待账号,福建省-厦门市,2026-07-31 17:31:31,0
91145,家电,ZNWX-8526,K01-060-CXL84670-J,,,ASSISTANT,接待账号,福建省-厦门市,2026-09-05 09:45:45,3
91226,家电,ZNWX-5223,KBS1-YHY85250-J,,,ASSISTANT,接待账号,福建省-厦门市,2026-07-30 14:45:46,0
91743,家电,ZNWX-8538,K01-260-XJM85374-Sub,,,ASSISTANT,接待账号,福建省-Wenquan,2026-09-16 10:44:43,16
91800,家电,ZNWX-8539,K01-059-HLJX86048-J,,,ASSISTANT,接待账号,福建省-厦门市,2026-09-16 09:45:02,0
92226,家电,ZNWX-1728,KB/KCS3-K-CSO,,,ASSISTANT,接待账号,Metro Manila-马尼拉,2026-09-15 18:23:07,0
93286,家电,ZNWX-5785,KB/KCT1-ZKY85514-J,,,ASSISTANT,接待账号,福建省-厦门市,2026-07-31 09:52:10,0
93473,家电,ZNWX-5575,KBS1-WYJ85575-Sub,,,ASSISTANT,接待账号,福建省-厦门市,2026-09-09 16:55:25,0
94399,家电,ZNWX-5666,KB/KCS5-HJ85666-JC,,,ASSISTANT,接待账号,福建省-厦门市,2026-08-22 13:41:14,0
94550,家电,ZNWX-5365,KBT1-Pompam-CSO,,,ASSISTANT,接待账号,曼谷-Samphanthawong,2026-09-16 12:57:34,16
94551,家电,ZNWX-5366,KBT1-Xian-CSA,,,ASSISTANT,接待账号,曼谷-Samphanthawong,2026-09-15 16:30:58,0
94807,家电,ZNWX-5370,KBT1-Som-CSO,,,ASSISTANT,接待账号,曼谷-Bang Kho Laem,2026-08-16 23:00:55,16
94818,家电,ZNWX-1311,KB/KCS4-Olyfia-CSO,,,ASSISTANT,接待账号,Jakarta-West Jakarta,2026-09-15 18:33:31,13
94844,家电,ZNWX-5373,印尼客服主管,,,ASSISTANT,接待账号,Jakarta-West Jakarta,2026-09-15 15:12:52,0
95243,家电,ZNWX-0815,K01-060-SJH85755-J,,,ASSISTANT,接待账号,福建省-厦门市,2026-09-14 09:03:26,0
96078,家电,ZNWX-2909,KB/KCT1-LBH84102-J,,,ASSISTANT,接待账号,福建省-厦门市,2026-08-19 16:19:56,0
96257,家电,ZNWX-7556,K01-260-LYX85887-J,,,ASSISTANT,接待账号,福建省-Wenquan,2026-09-15 11:32:21,6
96645,家电,ZNWX-5497,KB/KCT4-ZSZ85890-J,,,ASSISTANT,接待账号,福建省-厦门市,2026-08-31 09:59:35,0
96715,家电,ZNWX-5947,K01-259-YJJ85947-J,,,ASSISTANT,接待账号,福建省-Wenquan,2026-09-16 09:01:45,0
98089,家电,ZNWX-5340,KB/KCT1-ZYB80745-M,,,ASSISTANT,接待账号,福建省-厦门市,2026-08-10 15:08:56,0
98457,家电,JYDQ-LTY,数据导出-兰天昱,,,ASSISTANT,接待账号,福建省-厦门市,2026-08-21 16:13:10,0
99665,家电,ZNWX-5583,AI模型训练师,,,ASSISTANT,接待账号,福建省-厦门市,2026-08-25 18:54:11,0
99666,家电,ZNWX-5588,测试,,,ASSISTANT,接待账号,福建省-厦门市,2026-08-26 09:16:28,0
99975,家电,ZNWX-5592,KBH4-Call-CSO,,,ASSISTANT,接待账号,,2026-08-31 20:10:36,13
99989,家电,ZNWX-5602,李涵-AI模型训练师,,,ASSISTANT,接待账号,福建省-Wenquan,2026-09-16 09:03:24,0
30911,宠物,ZNWX-6533,HX80699-H,,,SUPER_ADMIN,接待账号,Metro Manila-马尼拉,2026-09-16 13:25:35,0
39530,宠物,ZNWX-5018,G01-0261-LHY80039-M,,,ASSISTANT,接待账号,福建省-厦门市,2026-09-08 11:31:57,0
42388,宠物,ZNWX-8377,G01-261-CJD81032-J,,,ASSISTANT,接待账号,福建省-Wenquan,2026-09-14 09:15:05,0
44794,宠物,ZNWX-1304,LTY,,,ASSISTANT,接待账号,福建省-厦门市,2026-07-31 11:23:59,8
46443,宠物,ZNWX-0108,GAT1-HHH81672-M,,,ASSISTANT,接待账号,福建省-漳州市,2026-07-28 18:07:40,0
50092,宠物,ZNWX-4025,GBS1-YJB81893-M,,,ASSISTANT,接待账号,福建省-厦门市,2026-05-31 08:00:52,0
54216,宠物,ZNWX-4579,TL MY,,,ASSISTANT,接待账号,Metro Manila-马尼拉,2026-09-15 14:19:26,0
55531,宠物,ZNWX-2629,G01-262-ZYB80745-M,,,ASSISTANT,接待账号,福建省-厦门市,2026-09-07 09:50:24,0
57558,宠物,ZHANGXIAOWAN,GAS2-ZXW82358-M,,,ASSISTANT,接待账号,福建省-厦门市,2026-07-20 17:53:03,0
57628,宠物,ZNWX-4547,G01-0261-WYF82346-M,,,ASSISTANT,接待账号,华盛顿州-肯特,2026-09-15 15:46:05,0
59019,宠物,ZNWX-8399,GAA1-Fame-CSA,,,ASSISTANT,接待账号,曼谷-曼谷,2026-08-07 18:59:58,0
62660,宠物,GAS2-HYF82686-J,GAS2-HYF82686-JC,,,ASSISTANT,接待账号,福建省-Wenquan,2026-05-29 15:13:50,0
63777,宠物,ZNWX-2736,G01-261-WLF82736-J,,,ASSISTANT,接待账号,福建省-厦门市,2026-09-16 10:35:39,0
64127,宠物,ZNWX-0064,GBH3-Queen-CSO,,,ASSISTANT,接待账号,Metro Manila-马尼拉,2026-09-15 07:29:46,17
66081,宠物,ZNWX-0136,GAS1-CWX82887-JC,,,ASSISTANT,接待账号,福建省-厦门市,2026-01-20 09:40:14,0
66460,宠物,ZNWX-0137,G01-0262-XW81297-M,,,ASSISTANT,接待账号,福建省-Wenquan,2026-09-16 11:34:43,0
67347,宠物,ZNWX-0141,GAT4-YJX82946-J,,,ASSISTANT,接待账号,福建省-福州市,2025-07-28 16:39:59,0
67864,宠物,ZNWX-0140,GAT2-LSN83003-J,+8615641193191,,ASSISTANT,接待账号,福建省-厦门市,2025-09-28 17:08:08,0
67988,宠物,ZNWX-0138,ZNWX-LVV83008-Sub,,,ASSISTANT,接待账号,福建省-厦门市,2025-07-12 16:57:50,0
68513,宠物,ZNWX-3063,GAT3-YN83063-J,,,ASSISTANT,接待账号,,2026-04-03 10:20:08,0
69750,宠物,ZNWX-0139,G01-262-QLY83140-J,,,ASSISTANT,接待账号,福建省-厦门市,2026-09-14 17:07:19,0
70803,宠物,ZNWX-3299,G01-261-HRH83299-J,,,ASSISTANT,接待账号,福建省-厦门市,2026-09-13 00:28:24,0
70815,宠物,ZNWX-0133,GAS1-LZT83306-Sub,,,ASSISTANT,接待账号,福建省-厦门市,2025-11-20 16:23:28,0
71770,宠物,ZNWX-0131,G01-262-KY83350-J,,,ASSISTANT,接待账号,福建省-Wenquan,2026-09-16 10:22:25,0
71771,宠物,ZNWX-0132,GAT3-ZZJ81991-Sub,,,ASSISTANT,接待账号,福建省-厦门市,2025-07-25 16:26:26,0
71935,宠物,ZNWX-0163,GAS2-ZLN83770-J,,,ASSISTANT,接待账号,福建省-厦门市,2026-07-31 17:23:13,0
73984,宠物,ZNWX-0164,GAT4-ZY83653-J,,,ASSISTANT,接待账号,美国阿里云,2025-08-19 19:22:57,0
74737,宠物,ZNWX-0165,GAT2-WSP83708-J,,,ASSISTANT,接待账号,福建省-厦门市,2026-01-30 09:32:58,0
75492,宠物,ZNWX-0630,GAT4-LTH83750-JC,,,ASSISTANT,接待账号,,2025-12-30 11:37:27,0
75675,宠物,ZNWX-0498,GAS2-WYR83801-JC,,,ASSISTANT,接待账号,福建省-厦门市,2026-04-30 17:14:42,0
75694,宠物,ZNWX-0635,GAS1-PQQ83795-JC,,,ASSISTANT,接待账号,,2026-02-15 22:38:05,0
77913,宠物,ZNWX-0794,GBH4-Ulfah-CSO,,,ASSISTANT,接待账号,Jakarta-West Jakarta,2026-09-16 09:28:35,22
78379,宠物,ZNWX-0673,GAS2-LYC84015-J,,,ASSISTANT,接待账号,福建省-厦门市,2026-06-30 16:47:47,0
78543,宠物,ZNWX-0823,印尼海外客服主管,,,ASSISTANT,接待账号,Jakarta-West Jakarta,2026-09-15 15:11:53,0
78545,宠物,ZNWX-4008,G01-261-ZZQ84008-J,,,ASSISTANT,接待账号,福建省-厦门市,2026-09-13 23:21:27,3
78750,宠物,ZNWX-0637,赋能中心管培生,,,ASSISTANT,接待账号,福建省-厦门市,2025-12-12 15:27:05,0
78778,宠物,ZNWX-0639,G01-262-CSQ84091-J,,,ASSISTANT,接待账号,福建省-厦门市,2026-09-16 10:41:41,0
79513,宠物,ZNWX-1003,GBH2-Maya-CSO,,,ASSISTANT,接待账号,Jakarta-West Jakarta,2026-09-03 09:28:19,22
79516,宠物,ZNWX-1004,Tedy-CSA,,,ASSISTANT,接待账号,Jakarta-雅加达,2026-04-17 17:23:59,0
79860,宠物,ZNWX-2099,G01-261-FHY84190-J,+8613801512921,1439872278@qq.com,ASSISTANT,接待账号,福建省-Wenquan,2026-09-16 09:21:14,0
79932,宠物,ZNWX-3553,GAS5-ZXP83553-J,,,ASSISTANT,接待账号,福建省-厦门市,2026-02-24 18:37:06,0
79934,宠物,ZNWX-1008,GBH1- Palita-CSO,,,ASSISTANT,接待账号,曼谷-Samphanthawong,2026-09-16 12:50:17,22
79937,宠物,ZNWX-1020,GBH1-Naruephat -CSO,,,ASSISTANT,接待账号,曼谷-曼谷,2026-08-31 22:00:03,22
79938,宠物,ZNWX-1021,Priao-CSA,,,ASSISTANT,接待账号,曼谷-Samphanthawong,2026-09-15 14:46:23,0
79994,宠物,ZNWX-0631,G01-262-HHH84181-J,,,ASSISTANT,接待账号,福建省-厦门市,2026-09-16 10:25:10,0
80878,宠物,ZNWX-1035,GAH3-Ricky-CSO,,,ASSISTANT,接待账号,Metro Manila-马尼拉,2026-08-04 07:21:08,0
80907,宠物,ZNWX-4250,GAS3-LBD84250-JC,,,ASSISTANT,接待账号,,2026-03-27 14:05:46,0
80924,宠物,ZNWX-0678,GAT3-HL84265-J,,,ASSISTANT,接待账号,福建省-厦门市,2026-03-11 13:42:52,0
80964,宠物,ZNWX-8848,G01-261-CYL84283-J,+8618350661501,2629941391@qq.com,ASSISTANT,接待账号,福建省-厦门市,2026-09-15 10:38:31,0
82218,宠物,ZNWX-1037,GAH2-Princess-CSO,,,ASSISTANT,接待账号,印度尼西亚,2026-01-31 16:21:06,0
82524,宠物,GAT1-WX84360-J,GAT1-WX84360-J,,,ASSISTANT,接待账号,福建省-厦门市,2026-08-10 14:47:52,0
84050,宠物,ZNWX-0640,GBT2-LFX84545-JC,,,ASSISTANT,接待账号,福建省-厦门市,2026-08-31 13:32:24,0
84563,宠物,ZNWX-1157,G01-261-SMJ84595-J,,,ASSISTANT,接待账号,福建省-厦门市,2026-09-16 11:42:41,0
84637,宠物,ZNWX-1158,GAS1-CWX82887-JC,,,ASSISTANT,接待账号,福建省-厦门市,2026-01-30 10:16:08,0
84764,宠物,GAT3-ZXY84579-Su,GBT3-ZXY84579-Sub,,,ASSISTANT,接待账号,,2026-04-09 14:25:54,0
84870,宠物,ZNWX-1159,GAT4-YBR84598-Sub,,,ASSISTANT,接待账号,福建省-厦门市,2026-01-29 15:46:16,0
84883,宠物,ZNWX-1190,客服主管,,,ASSISTANT,接待账号,曼谷-Khlong Toei,2026-04-20 20:34:36,0
84948,宠物,ZNWX-1162,GAS2-XYW84632-Sub,,,ASSISTANT,接待账号,福建省-厦门市,2026-01-24 13:33:09,0
84949,宠物,ZNWX-1170,GAS2-HZF84635-Sub,,,ASSISTANT,接待账号,福建省-漳州市,2026-05-15 09:26:53,0
85041,宠物,ZNWX-4528,G01-0261-HZY84528-M,,,ASSISTANT,接待账号,福建省-厦门市,2026-09-14 17:03:10,0
85397,宠物,ZNWX-1369,ZGA1-PQQ83795-JC,,,ASSISTANT,接待账号,,2026-04-02 11:00:38,0
85398,宠物,ZNWX-1370,ZGA3-CL83860-JC,,,ASSISTANT,接待账号,,2026-04-02 09:20:58,0
85743,宠物,ZNWX-1197,客服负责人-叶建斌,,,ASSISTANT,接待账号,福建省-厦门市,2026-09-07 11:08:16,0
86151,宠物,ZNWX-1047,ZGA1-LQX82089-M,,,ASSISTANT,接待账号,,2026-04-01 14:54:29,0
86731,宠物,GAT3-KLX84714-Su,GAT3-KLX84714-Sub,,,ASSISTANT,接待账号,福建省-厦门市,2026-08-03 00:24:08,0
87292,宠物,ZNWX-0925,G01-061-TYK84780-J,,,ASSISTANT,接待账号,福建省-Wenquan,2026-09-16 09:18:36,2
87407,宠物,ZNWX-0642,GBT4-WDR84754-J,,,ASSISTANT,接待账号,福建省-Wenquan,2026-04-24 15:15:41,0
87643,宠物,ZNWX-0644,GBT2-WMT84813-J,,,ASSISTANT,接待账号,,2026-04-10 17:11:33,0
87996,宠物,ZNWX-0969,GAS2-HJB84883-Sub,,,ASSISTANT,接待账号,福建省-Wenquan,2026-05-30 13:32:40,0
88013,宠物,ZNWX-1314,ZNWX-1314,+8619105935985,,ASSISTANT,接待账号,,2026-03-16 20:55:39,0
88014,宠物,ZNWX-1315,GBT1-LZW84864-Sub,,,ASSISTANT,接待账号,,2026-03-26 16:07:20,0
88534,宠物,ZNWX-0669,G01-061-ZWJ84952-J,,,ASSISTANT,接待账号,福建省-厦门市,2026-09-11 13:42:49,0
89120,宠物,ZNWX-1344,GBS1-WL85068-JC,,,ASSISTANT,接待账号,福建省-厦门市,2026-09-16 11:20:03,1
89263,宠物,ZNWX-1601,GBT1-GHQ85064-JC,,,ASSISTANT,接待账号,福建省-厦门市,2026-08-29 13:39:37,0
90608,宠物,ZNWX-5209,GAS3-XMJ-85209SUB,,,ASSISTANT,接待账号,福建省-厦门市,2026-08-18 14:39:55,0
90623,宠物,GBT3-LYL85203-Su,GBT3-LYL85203-Sub,,,ASSISTANT,接待账号,福建省-厦门市,2026-06-16 15:01:30,0
90711,宠物,ZNWX-1323,GBT1-YF85197-Sub,,,ASSISTANT,接待账号,福建省-厦门市,2026-08-20 16:53:58,0
91121,宠物,ZNWX-5167,AAS4-Wardani-CSO,,,ASSISTANT,接待账号,Jakarta-West Jakarta,2026-09-15 16:12:27,22
91150,宠物,ZNWX-1345,G01-261-LYW85249-J,,,ASSISTANT,接待账号,福建省-厦门市,2026-09-16 09:20:38,0
91251,宠物,GBT3-LZH85267-J,GBT3-LZH85267-J,,,ASSISTANT,接待账号,福建省-厦门市,2026-08-24 10:37:40,0
91763,宠物,ZNWX-0728,G01-262-CYS85341-J,,,ASSISTANT,接待账号,福建省-Wenquan,2026-09-16 10:42:46,0
93170,宠物,ZNWX-5332,G01-061-MWY85519-J,,,ASSISTANT,接待账号,福建省-厦门市,2026-09-16 09:16:49,0
93424,宠物,ZNWX-0674,GBT5-RY85520-J,,,ASSISTANT,接待账号,福建省-厦门市,2026-06-30 09:15:36,0
93758,宠物,ZNWX-5593,G01-061-SJJ85593-J,,,ASSISTANT,接待账号,福建省-厦门市,2026-09-15 15:58:33,1
93805,宠物,ZNWX-5350,管培生,,,ASSISTANT,接待账号,福建省-厦门市,2026-08-24 13:38:32,0
94201,宠物,GBS2-ZZK85668-JC,GBS2-ZZK85668-JC,,,ASSISTANT,接待账号,Kowloon-香港,2026-08-19 13:50:31,0
96260,宠物,ZNWX-0074,GBS3-YRJ82103-JC,,,ASSISTANT,接待账号,福建省-厦门市,2026-07-14 08:59:18,0
96605,宠物,GBT5-GNX85940-J,GBT5-GNX85940-J,,,ASSISTANT,接待账号,福建省-厦门市,2026-08-03 14:17:09,0
97280,宠物,ZNWX-5483,G-Kamilia-CSO,,,ASSISTANT,接待账号,Jakarta-West Jakarta,2026-08-04 08:45:18,0
97464,宠物,ZNWX-6038,G01-061-LA86038-J,,,ASSISTANT,接待账号,福建省-Wenquan,2026-09-16 12:48:52,1
97714,宠物,GBT3-WZH86043-J,G01-262-WZH86043-J,,,ASSISTANT,接待账号,福建省-Wenquan,2026-09-16 09:03:04,0
98456,宠物,CWYP-LTY,数据导出-兰天昱,,,ASSISTANT,接待账号,东京都-东京,2026-08-05 21:10:16,0
98466,宠物,ZNWX-0505,G01-261-HW84745-Sub,,,ASSISTANT,接待账号,福建省-厦门市,2026-09-16 09:47:42,5
99990,宠物,ZNWX-5603,李涵-AI模型训练师,,,ASSISTANT,接待账号,福建省-Wenquan,2026-09-14 11:42:23,0
54049,个护箱包,ZNWX-0535,CYH80021-H,,,SUPER_ADMIN,接待账号,福建省-厦门市,2026-09-15 17:19:40,0
54062,个护箱包,ZNWX-4494,JAS1/JAS3-ZWJ80753-M,,,ASSISTANT,接待账号,福建省-厦门市,2026-09-05 13:58:30,0
54301,个护箱包,ZNWX-5572,JAT1-YZF81671-M,,,ASSISTANT,接待账号,福建省-厦门市,2026-08-30 14:28:24,0
54464,个护箱包,ZNWX-0115,JAS1-LZY82850-J,,,ASSISTANT,接待账号,福建省-厦门市,2026-06-02 13:39:12,0
61646,个护箱包,ZNWX-0028,JAH3-CZK83164-J,,,ASSISTANT,接待账号,福建省-厦门市,2026-08-05 10:22:38,1
63731,个护箱包,ZNWX-0046,JAH4-LDZ81468-J,,,ASSISTANT,接待账号,福建省-厦门市,2025-12-01 09:12:48,0
63740,个护箱包,ZNWX-0047,JAS3-SMY83684-J,,,ASSISTANT,接待账号,,2026-04-28 12:57:29,0
64254,个护箱包,ZNWX-0052,JAS2-CYJ81332-J,,,ASSISTANT,接待账号,福建省-厦门市,2026-08-03 14:33:33,0
68401,个护箱包,ZNWX-0118,ZNWX-0118,,,ASSISTANT,接待账号,福建省-厦门市,2026-04-18 09:02:21,0
70771,个护箱包,ZNWX-3270,JAS1-TSX83270-J,,,ASSISTANT,接待账号,福建省-厦门市,2026-08-13 15:40:27,0
80057,个护箱包,ZNWX-0569,ZNWX-0569,,,ASSISTANT,接待账号,,2025-11-11 21:07:04,0
80887,个护箱包,ZNWX-3658,JAS4-YH84256-J,,,ASSISTANT,接待账号,福建省-厦门市,2026-07-23 15:19:51,0
82431,个护箱包,ZNWX-6789,JAS3-LH84371-J,,,ASSISTANT,接待账号,福建省-厦门市,2026-08-18 13:32:11,1
84470,个护箱包,ZNWX-4549,JAT1-QAK4549-J,,,ASSISTANT,接待账号,福建省-厦门市,2026-06-29 09:35:31,1
85740,个护箱包,ZNWX-1132,箱包客服负责人：张伟杰,,,ASSISTANT,接待账号,福建省-厦门市,2026-05-14 10:04:52,0
88544,个护箱包,ZNWX-4967,JAS3-ZYX84967-J,,,ASSISTANT,接待账号,,2026-05-15 16:26:57,0
91750,个护箱包,ZNWX-5347,JAS1-GXH85347-J,,,ASSISTANT,接待账号,广东-深圳,2026-08-04 16:19:11,0
98455,个护箱包,GHXB-LTY,数据导出-兰天昱,,,ASSISTANT,接待账号,东京都-东京,2026-08-05 20:08:58,0
99987,个护箱包,ZNWX-5600,罗杰-AI模型训练师,,,ASSISTANT,接待账号,福建省-Wenquan,2026-09-14 20:41:56,0
60336,汽摩配,zqb123456789,郑启滨,+8617689748395,,SUPER_ADMIN,接待账号,福建省-厦门市,2026-09-16 12:13:02,0
60462,汽摩配,ZNWX-1168,ZZC,,,ASSISTANT,接待账号,福建省-厦门市,2026-07-31 13:32:25,30
60465,汽摩配,ZNWX-7887,L01269-QZL80592,,,ASSISTANT,接待账号,福建省-厦门市,2026-09-14 13:46:10,0
60466,汽摩配,ZNWX-0623,LTY,,,ASSISTANT,接待账号,福建省-厦门市,2026-09-08 14:05:03,30
63089,汽摩配,ZNWX-5463,LAH3-WJX84725-J,,,ASSISTANT,接待账号,福建省-厦门市,2026-09-16 11:19:49,8
63803,汽摩配,ZNWX-0057,L01-270-CLH83907,,,ASSISTANT,接待账号,福建省-厦门市,2026-09-16 10:53:50,9
63812,汽摩配,ZNWX-0066,LB-CW80729-M,,,ASSISTANT,接待账号,福建省-厦门市,2026-09-14 10:26:28,0
64760,汽摩配,ZNWX-0084,赋能中心管培生,,,ASSISTANT,接待账号,福建省-厦门市,2025-11-24 09:47:07,0
64761,汽摩配,ZNWX-0085,LBH3-LBK80910-J,,,ASSISTANT,接待账号,福建省-Wenquan,2026-09-16 10:01:20,5
66216,汽摩配,ZNWX-4161,L01-270-ZJQ81808,,,ASSISTANT,接待账号,福建省-Wenquan,2026-09-16 09:19:53,6
66243,汽摩配,ZNWX-0107,LBL3-WZC81101-J,,,ASSISTANT,接待账号,福建省-厦门市,2026-09-07 17:30:01,0
68394,汽摩配,ZNWX-6549,LAH3-ZSQ80910-M,,,ASSISTANT,接待账号,福建省-厦门市,2026-07-09 21:11:30,0
68398,汽摩配,ZNWX-5561,LAT3-CZK83164-J,,,ASSISTANT,接待账号,福建省-厦门市,2026-09-05 08:53:07,0
68408,汽摩配,ZNWX-6661,LAT1-GXR82735-J,,,ASSISTANT,接待账号,福建省-厦门市,2026-08-31 14:25:01,0
70000,汽摩配,ZNWX-0252,LAT3-LMJ83160-J,,,ASSISTANT,接待账号,福建省-厦门市,2026-08-03 09:23:07,0
75581,汽摩配,ZNWX-0599,LBT1-FDH83449-Sub,,,ASSISTANT,接待账号,福建省-厦门市,2026-08-15 03:12:26,0
75681,汽摩配,ZNWX-1270,LBH2-YRJ84369-J,+8615759515006,,ASSISTANT,接待账号,福建省-厦门市,2026-09-07 13:30:30,0
76664,汽摩配,ZNWX-8611,ZNWX-8611,,1727491080@qq.com,ASSISTANT,接待账号,,2026-08-08 14:41:04,0
78351,汽摩配,LBH1-ZNWX-ZJQ,LBH1-ZJQ81808-J,,,ASSISTANT,接待账号,,2026-03-28 17:58:31,0
79454,汽摩配,LAT4-SHT83125-J,LAT4-SHT83125-J,,,ASSISTANT,接待账号,,2026-02-28 00:51:51,0
80858,汽摩配,ZNWX-6513,LAS1-HJ84266-J,,,ASSISTANT,接待账号,福建省-厦门市,2026-01-31 19:46:35,0
81220,汽摩配,ZNWX-0593,LBH1-LYH81030-J,,,ASSISTANT,接待账号,福建省-厦门市,2026-07-25 13:54:51,0
81313,汽摩配,ZNWX-5986,LAS1-CMK84311-Sub,,1213681404@qq.com,ASSISTANT,接待账号,,2026-03-31 15:12:15,0
83290,汽摩配,ZNWX-1651,LAS4-ZY84439-J,+8618779035026,,ASSISTANT,接待账号,福建省-厦门市,2026-09-08 15:14:50,0
85546,汽摩配,ZNWX-8888,LAT4-ZJW84687-J,,,ASSISTANT,接待账号,广东-广州市,2026-08-02 11:46:13,0
85744,汽摩配,ZNWX-1198,客服负责人,,,ASSISTANT,接待账号,福建省-厦门市,2026-09-08 09:24:52,0
86321,汽摩配,ZNWX-1688,UAS1-YWK82491-J,,,ASSISTANT,接待账号,福建省-厦门市,2026-07-23 11:34:06,0
87015,汽摩配,w13225903609,LAS3-WJX84725-Sub,+8613225903609,13225903609@163.com,ASSISTANT,接待账号,福建省-Wenquan,2026-05-12 11:25:38,0
87296,汽摩配,LAT4-YWJ84761-J,LAT4-YWJ84761-J,,,ASSISTANT,接待账号,福建省-厦门市,2026-07-22 13:30:16,0
87989,汽摩配,ZNWX-5311,LBS1-LJX84867-Sub,,,ASSISTANT,接待账号,福建省-厦门市,2026-08-29 16:32:15,0
88664,汽摩配,ZNWX-1692,LBT3-LM84969-J,,,ASSISTANT,接待账号,福建省-厦门市,2026-08-29 16:52:55,0
88665,汽摩配,ZNWX-1691,LBS1-DPQ84964-J,,,ASSISTANT,接待账号,福建省-厦门市,2026-06-26 09:56:42,0
89227,汽摩配,LAT2-YSF85060-J,LAT2-YXF85060-J,,,ASSISTANT,接待账号,广东-广州市,2026-08-06 10:25:36,0
89244,汽摩配,ZNWX-1690,LBT4-HYN85065-J,,,ASSISTANT,接待账号,福建省-厦门市,2026-08-02 01:32:28,0
89346,汽摩配,LBT1-CJB81808-J,LBT1-CJB81808-J,,,ASSISTANT,接待账号,福建省-Wenquan,2026-09-16 09:14:38,5
89364,汽摩配,ZNWX-7799,LBT3-LZH81411-J,,,ASSISTANT,接待账号,福建省-Wenquan,2026-09-16 11:15:46,6
90459,汽摩配,ZNWX-1685,LBS2-LJJ85178-Sub,,,ASSISTANT,接待账号,福建省-厦门市,2026-09-07 14:37:55,0
90829,汽摩配,ZNWX-7783,LAS1-XF84966-J,,,ASSISTANT,接待账号,福建省-Wenquan,2026-04-28 17:41:13,0
91720,汽摩配,WQR13007992519,LAS2-WQR85343-J,+8613007992519,1547247172@qq.com,ASSISTANT,接待账号,,2026-04-27 14:16:56,0
91809,汽摩配,ZNWX-04281,ZNWX-WQR85343-J,,,ASSISTANT,接待账号,福建省-Yingcun,2026-07-01 00:44:36,0
92102,汽摩配,ZNWX-5196,LBS2-Danti-CSO,,,ASSISTANT,接待账号,,2026-05-04 11:17:10,0
92103,汽摩配,ZNWX-5203,LBS2-tedy-M,,,ASSISTANT,接待账号,,2026-05-04 11:17:59,0
92161,汽摩配,ZNWX-3333,LAT1-ZBY81253-J,+8613215917719,,ASSISTANT,接待账号,福建省-厦门市,2026-08-21 13:57:30,0
93690,汽摩配,ZNWX-5212,LBH2-LLS85152-Sub,,,ASSISTANT,接待账号,福建省-Wenquan,2026-09-16 10:58:52,4
93721,汽摩配,ZNWX-1793,LAH1-HWW85507-J,,,ASSISTANT,接待账号,福建省-厦门市,2026-09-16 10:40:30,7
93888,汽摩配,ZNWX-5213,LBT4-PBC85603-J,,,ASSISTANT,接待账号,福建省-厦门市,2026-08-05 14:35:44,0
94355,汽摩配,ZNWX-5525,LAT3-LMY80892-J,+8613959236870,,ASSISTANT,接待账号,广东-广州市,2026-08-17 20:22:49,0
95396,汽摩配,ZNWX-5329,LBL3-Carl-CSO,,,ASSISTANT,接待账号,Metro Manila-马尼拉,2026-08-14 07:58:22,0
95527,汽摩配,ZNWX-5451,LAS3-Kia-CSA,,,ASSISTANT,接待账号,Metro Manila-马尼拉,2026-08-25 09:28:00,0
95656,汽摩配,ZNWX-5418,LAH1-Jay-CSO,,,ASSISTANT,接待账号,曼谷-曼谷,2026-08-31 17:40:35,0
95657,汽摩配,ZNWX-5419,LAH1-XIAN-CSA,,,ASSISTANT,接待账号,曼谷-曼谷,2026-08-31 18:53:08,0
95726,汽摩配,ZNWX-5859,LBT2-FLF85859-sub,,,ASSISTANT,接待账号,福建省-厦门市,2026-09-09 15:19:46,0
95873,汽摩配,ZNWX-1691-,LBS3-DPQ84964-J,,,ASSISTANT,接待账号,福建省-厦门市,2026-07-31 09:23:01,0
96262,汽摩配,ZNWX-5656,LAH2-PT85360-J,,,ASSISTANT,接待账号,福建省-Wenquan,2026-09-16 12:02:34,6
96273,汽摩配,ZNWX-5425,LBH4-ZYH85359-J,,,ASSISTANT,接待账号,福建省-厦门市,2026-08-07 22:24:13,0
97440,汽摩配,ZNWX-5461,UAH1-CZW86057-J,,,ASSISTANT,接待账号,福建省-Wenquan,2026-09-16 09:39:45,4
98094,汽摩配,ZNWX-9987,LAT4-PBC85603-J,,,ASSISTANT,接待账号,福建省-Wenquan,2026-09-16 09:38:56,5
98460,汽摩配,QPMP-LTY,数据导出-兰天昱,,,ASSISTANT,接待账号,加州-聖荷西,2026-08-08 15:18:35,0
99984,汽摩配,ZNWX-5598,罗杰-AI模型训练师,,,ASSISTANT,接待账号,福建省-Wenquan,2026-09-16 12:58:28,0
64697,新加坡,znwx8888,LTY81259-H,+8618959263627,,SUPER_ADMIN,接待账号,福建省-厦门市,2026-09-15 17:33:52,0
64708,新加坡,ZNWX-0072,SA-LXL80177-M,,,ASSISTANT,接待账号,福建省-厦门市,2026-08-22 17:11:46,0
64711,新加坡,ZNWX-0073,SE-CJY82126-M,,,ASSISTANT,接待账号,福建省-厦门市,2026-06-08 11:25:10,0
64712,新加坡,ZNWX-0075,SC-ZXY80678-M,,,ASSISTANT,接待账号,福建省-厦门市,2026-06-06 21:16:25,0
64714,新加坡,ZNWX-0081,DAB/FAB/KB-NL80742-M,,,ASSISTANT,接待账号,福建省-福州,2026-09-15 17:46:43,0
64719,新加坡,ZNWX-0076,SA-LL81269-JS,,,ASSISTANT,接待账号,福建省-厦门市,2026-08-07 15:43:54,0
64721,新加坡,ZNWX-0078,SA-WCW82717-JS,,,ASSISTANT,接待账号,福建省-厦门市,2026-09-15 13:38:02,0
64722,新加坡,ZNWX-0083,SC-LXY84030-JC,,,ASSISTANT,接待账号,福建省-厦门市,2026-04-23 04:12:55,0
64725,新加坡,ZNWX-0079,SE-LLF82438-JC,,,ASSISTANT,接待账号,福建省-福州,2026-09-16 10:38:00,0
64726,新加坡,ZNWX-0080,SE-DYJ82687-JC,,,ASSISTANT,接待账号,福建省-厦门市,2026-07-29 15:00:23,3
64816,新加坡,ZNWX-0086,SD-LTY81259-H,,,ASSISTANT,接待账号,,2025-04-10 09:35:34,0
64817,新加坡,ZNWX-0087,MA-CYN83339-Sub,,,ASSISTANT,接待账号,福建省-厦门市,2025-11-22 18:39:26,0
64819,新加坡,ZNWX-0088,SA-SY83999-JC,,,ASSISTANT,接待账号,,2026-06-15 09:13:20,0
65461,新加坡,ZNWX-0092,LTY81259-储高,,,ASSISTANT,接待账号,福建省-厦门市,2026-08-07 17:21:38,0
65465,新加坡,ZNWX-0090,MA-ZXP83553-Sub,,,ASSISTANT,接待账号,福建省-厦门市,2025-11-13 03:48:46,0
65475,新加坡,ZNWX-0091,MA-ZWQ83552-Sub,,,ASSISTANT,接待账号,福建省-厦门市,2025-11-15 14:14:02,0
67342,新加坡,ZNWX-0110,SE-HJY85522-JC,,,ASSISTANT,接待账号,福建省-厦门市,2026-08-07 16:02:44,1
67405,新加坡,ZNWX-0112,SE-LSQ82746-J,,,ASSISTANT,接待账号,福建省-厦门市,2026-08-25 11:16:16,3
67919,新加坡,ZNWX-0117,MA-CWY83526-Sub,,,ASSISTANT,接待账号,福建省-厦门市,2025-11-18 10:53:05,0
69680,新加坡,ZNWX-0123,SD-YYH83000-J,,,ASSISTANT,接待账号,福建省-厦门市,2026-07-20 11:48:08,6
69890,新加坡,ZNWX-0124,SE-HYR83147-JC,,,ASSISTANT,接待账号,福建省-福州,2026-09-15 13:36:32,0
71814,新加坡,ZNWX-0153,CJY82126-储高,,,ASSISTANT,接待账号,福建省-厦门市,2026-08-07 17:26:09,0
71851,新加坡,ZNWX-0152,SA-LJF83396-J,,,ASSISTANT,接待账号,福建省-厦门市,2026-09-14 19:36:20,0
72436,新加坡,ZNWX-0480,SC-LXY83725-JC,,,ASSISTANT,接待账号,福建省-厦门市,2026-09-15 14:52:11,0
73896,新加坡,ZNWX-0545,SC-ZQQ84359-JC,,,ASSISTANT,接待账号,福建省-厦门市,2026-07-03 21:05:39,0
75539,新加坡,ZNWX-0495,SG-LHM81250-M,,,ASSISTANT,接待账号,福建省-厦门市,2026-04-29 09:56:10,0
77981,新加坡,ZNWX-ID001,CZB81240-储高,,,ASSISTANT,接待账号,福建省-厦门市,2026-09-05 15:52:21,0
78335,新加坡,ZNWX-0966,SG-WP84034-J,,,ASSISTANT,接待账号,福建省-厦门市,2026-07-29 17:14:00,0
78984,新加坡,ZNWX-0989,ZNWX-SELVIA-CSO,,,ASSISTANT,接待账号,,2026-04-30 08:16:29,48
79457,新加坡,ZNWX-0993,ZNWX-FATIMAH-CSO,,,ASSISTANT,接待账号,印度尼西亚,2025-11-11 11:42:32,48
79458,新加坡,ZNWX-0994,ZNWX-FINDI-CSO,,,ASSISTANT,接待账号,,2026-04-30 16:30:38,48
79459,新加坡,ZNWX-1002,ZNWX-TEDY-CSO,,,ASSISTANT,接待账号,Jakarta-雅加达,2026-05-02 14:39:05,0
80050,新加坡,ZNWX-0699,SC-HXY84179-JC,,,ASSISTANT,接待账号,福建省-福州,2026-09-16 02:46:35,0
82531,新加坡,ZNWX-0932,ZNWX-YF84378-JC,,,ASSISTANT,接待账号,福建省-厦门市,2026-09-16 11:26:11,0
82532,新加坡,ZNWX-0933,AI第六中心A组-XTT84004-J,,,ASSISTANT,接待账号,福建省-厦门市,2026-08-14 11:29:19,0
83043,新加坡,ZNWX-0985,ZNWX-JERALDINE-CSO,,,ASSISTANT,接待账号,菲律宾,2026-01-13 15:50:10,8
83045,新加坡,ZNWX-0986,ZNWX-LANZ-CSO,,,ASSISTANT,接待账号,,2026-04-09 11:04:40,26
83211,新加坡,ZNWX-0987,ZNWX-Kai-CSO,,,ASSISTANT,接待账号,菲律宾,2026-01-20 21:05:26,0
83562,新加坡,ZNWX-0934,SA-MJH84440-JS,,,ASSISTANT,接待账号,福建省-厦门市,2026-07-30 15:13:32,0
84040,新加坡,ZNWX-0968,S-JZH84567-CSC,,,ASSISTANT,接待账号,福建省-漳州市,2026-05-31 16:30:49,0
84043,新加坡,ZNWX-0935,SC-WWQ84532-JC,,,ASSISTANT,接待账号,福建省-厦门市,2026-05-30 14:49:43,0
85734,新加坡,ZNWX-1116,客服负责人：郑学熠,,,ASSISTANT,接待账号,福建省-厦门市,2026-06-06 21:17:08,0
86715,新加坡,ZNWX-1235,S-FFY83993-CSC,+8615980940784,,ASSISTANT,接待账号,福建省-福州,2026-09-15 19:30:34,46
87538,新加坡,ZNWX-0082,SE-YQY84764-JC,+8618950167609,,ASSISTANT,接待账号,福建省-厦门市,2026-07-15 15:46:17,3
88365,新加坡,ZNWX-1680,SA-DFY84758-J,,,ASSISTANT,接待账号,福建省-厦门市,2026-09-12 10:25:28,0
88616,新加坡,ZNWX-0476,ZLJ80441-储高,,,ASSISTANT,接待账号,福建省-福州市,2026-09-07 00:00:33,0
88659,新加坡,ZNWX-1254,SG-LJY84941-J,,,ASSISTANT,接待账号,,2026-06-03 13:37:30,0
90605,新加坡,ZNWX-1610,S-QZW85192-CSC,,,ASSISTANT,接待账号,福建省-厦门市,2026-07-31 16:31:06,0
90629,新加坡,ZNWX-1670,S-LYW85206-CSC,,,ASSISTANT,接待账号,福建省-厦门市,2026-06-30 17:05:13,0
91734,新加坡,ZNWX-0971,S-LN85368-CSC,,,ASSISTANT,接待账号,福建省-福州,2026-09-15 20:03:10,15
91765,新加坡,ZNWX-5242,SG-LYY85348-J,,,ASSISTANT,接待账号,福建省-福州,2026-09-15 17:50:00,0
91867,新加坡,SK-LZL85253-J,SK-LZL85253-J,,,ASSISTANT,接待账号,福建省-厦门市,2026-09-16 09:08:20,0
95226,新加坡,ZNWX-5437,SE-TR85752-J,,,ASSISTANT,接待账号,福建省-厦门市,2026-09-16 09:03:42,0
95228,新加坡,ZNWX-5397,LX85742-J,,,ASSISTANT,接待账号,福建省-厦门市,2026-09-07 09:13:04,6
98461,新加坡,XJP-LTY,数据导出-兰天昱,,,ASSISTANT,接待账号,加州-聖荷西,2026-08-11 04:21:19,0
99994,新加坡,ZNWX-5607,张金凤-AI模型训练师,,,ASSISTANT,接待账号,Metro Manila-马尼拉,2026-09-16 09:13:45,0
100429,新加坡,ZNWX-1939,ZNWX-1939,,,ASSISTANT,接待账号,福建省-厦门市,2026-09-15 11:48:23,0
86565,LAZADA,,+8618559808040,+8618559808040,,SUPER_ADMIN,接待账号,福建省-厦门市,2026-09-16 11:03:28,0
89178,LAZADA,ZNWX-1371,ZKB3-WJF81843-M,,,ASSISTANT,接待账号,福建省-厦门市,2026-09-09 14:50:27,0
89179,LAZADA,ZNWX-1373,ZCA-LP81806-M,,,ASSISTANT,接待账号,福建省-福州,2026-09-16 10:07:03,7
89181,LAZADA,ZNWX-1374,ZBB1-LJY80383-M,,,ASSISTANT,接待账号,福建省-厦门市,2026-09-09 00:08:36,0
89183,LAZADA,ZNWX-1376,ZCB1-LX83269-M,,,ASSISTANT,接待账号,福建省-厦门市,2026-09-03 17:18:57,0
89185,LAZADA,ZNWX-1377,ZFB1-QXY81225-M,,,ASSISTANT,接待账号,福建省-厦门市,2026-09-09 17:00:08,0
89186,LAZADA,ZNWX-1378,ZAB1-ZJJ81939-M,,,ASSISTANT,接待账号,福建省-厦门市,2026-09-08 16:15:24,0
89187,LAZADA,ZNWX-1379,ZNWX-1379,,,ASSISTANT,接待账号,Jakarta-West Jakarta,2026-08-22 08:49:10,0
89189,LAZADA,ZNWX-1380,ZHA3-XSS1380-M,,,ASSISTANT,接待账号,福建省-厦门市,2026-09-12 16:40:31,0
89190,LAZADA,ZNWX-1381,ZEA3-LYT1381-M,,,ASSISTANT,接待账号,福建省-厦门市,2026-09-15 09:59:46,2
89191,LAZADA,ZNWX-1382,ZFA1-YG80139-M,,,ASSISTANT,接待账号,福建省-厦门市,2026-09-09 17:00:24,0
89192,LAZADA,ZNWX-1384,ZAA1-STT81340-M,,,ASSISTANT,接待账号,福建省-福州,2026-09-16 09:06:41,0
89193,LAZADA,ZNWX-1385,ZDA3-FLH82075-M,,,ASSISTANT,接待账号,福建省-厦门市,2026-09-09 14:44:05,0
89194,LAZADA,ZNWX-1442,ZNWX-1442,,,ASSISTANT,接待账号,,2026-03-30 17:10:59,0
89195,LAZADA,ZNWX-1443,ZAC1-CWY81508-M,,,ASSISTANT,接待账号,福建省-厦门市,2026-09-09 15:44:10,0
89196,LAZADA,ZNWX-1444,ZAB1-LQX82089-J,,,ASSISTANT,接待账号,福建省-厦门市,2026-09-09 11:12:48,0
89197,LAZADA,ZNWX-1445,ZNWX-1445-SZR,,,ASSISTANT,接待账号,福建省-厦门市,2026-09-08 23:20:54,0
89198,LAZADA,ZNWX-1446,ZNWX-1446,,,ASSISTANT,接待账号,福建省-厦门市,2026-09-02 00:00:25,0
89199,LAZADA,ZNWX-1447,ZAF1-LHH-81704-M,,,ASSISTANT,接待账号,福建省-福州,2026-09-15 16:45:36,0
89200,LAZADA,ZNWX-1448,ZAT1-ZYC80128-M,,,ASSISTANT,接待账号,福建省-厦门市,2026-09-01 10:56:12,0
89201,LAZADA,ZNWX-1449,ZNWX-1449,,,ASSISTANT,接待账号,,2026-03-30 17:14:18,0
89425,LAZADA,ZNWX-3411,ZNWX-3411,,,ASSISTANT,接待账号,,2026-04-01 16:08:55,0
89428,LAZADA,ZNWX-1656,ZNWX-YYT-84838-J,,,ASSISTANT,接待账号,福建省-厦门市,2026-09-16 09:22:10,8
89431,LAZADA,ZNWX-1676,ZFB1-SY81215-J,,,ASSISTANT,接待账号,福建省-厦门市,2026-07-15 10:14:40,0
89433,LAZADA,ZNWX-1677,ZFB2-BXT83020-J,,,ASSISTANT,接待账号,福建省-厦门市,2026-09-15 14:25:28,5
89435,LAZADA,ZNWX-1675,ZFB4-LYQ83131-J,,,ASSISTANT,接待账号,福建省-厦门市,2026-09-11 08:57:05,5
89437,LAZADA,ZNWX-1679,ZFB3-ZHL83511-J,,,ASSISTANT,接待账号,福建省-福州,2026-09-15 14:30:50,3
89439,LAZADA,ZNWX-2135,ZBB1-HCL82910-J,,,ASSISTANT,接待账号,福建省-厦门市,2026-09-14 14:53:52,3
89440,LAZADA,ZNWX-2654,ZBB3-YQQ82038-J,,,ASSISTANT,接待账号,福建省-厦门市,2026-09-15 15:52:18,5
89441,LAZADA,ZNWX-2563,ZBB3-LSQ82469-J,,,ASSISTANT,接待账号,福建省-福州,2026-05-23 13:59:25,0
89442,LAZADA,ZNWX-2643,ZBB3-WB83462-J,,,ASSISTANT,接待账号,福建省-厦门市,2026-09-16 11:11:54,6
89443,LAZADA,ZNWX-2463,ZBB1-LJ84395-J,,,ASSISTANT,接待账号,福建省-厦门市,2026-09-16 11:08:25,4
89444,LAZADA,ZNWX-7001,ZBB1-ZHZ84847-J,,,ASSISTANT,接待账号,福建省-厦门市,2026-07-31 10:58:09,0
89445,LAZADA,ZNWX-1293,ZEA3-HXY82160-J,,,ASSISTANT,接待账号,,2026-05-13 10:00:46,0
89446,LAZADA,ZNWX-7002,ZBA1-DJL83308-JS,,,ASSISTANT,接待账号,,2026-04-18 17:23:50,0
89447,LAZADA,ZNWX-7003,ZBA3-HYF82912-J,,,ASSISTANT,接待账号,福建省-厦门市,2026-09-14 10:22:12,6
89448,LAZADA,ZNWX-1681,ZHA1-CN84370-J,,,ASSISTANT,接待账号,福建省-厦门市,2026-06-25 15:43:34,0
89449,LAZADA,ZNWX-7000,ZBA3-YH82523-JS,,,ASSISTANT,接待账号,,2026-04-25 11:01:41,0
89450,LAZADA,ZNWX-7004,ZBA1-LZK85052-Sub,,,ASSISTANT,接待账号,,2026-04-08 14:06:46,0
89452,LAZADA,ZNWX-4236,ZNWX-4236,,,ASSISTANT,接待账号,,2026-04-01 16:53:49,0
89453,LAZADA,ZNWX-4440,ZKB1-CWJ84365-J,,,ASSISTANT,接待账号,福建省-福州,2026-09-16 09:38:23,7
89454,LAZADA,ZNWX-4441,ZKB3-QWJ83357-J,,,ASSISTANT,接待账号,福建省-厦门市,2026-08-05 17:06:46,0
89455,LAZADA,ZNWX-4442,ZKB3-XJB84189-JS,,,ASSISTANT,接待账号,福建省-福州,2026-05-18 16:23:32,0
89456,LAZADA,ZNWX-1294,ZHB3-LMQ84002-J,,,ASSISTANT,接待账号,福建省-厦门市,2026-09-16 09:46:42,5
89457,LAZADA,ZNWX-4443,ZKB3-LSM84844-J,,,ASSISTANT,接待账号,福建省-厦门市,2026-08-06 14:23:31,0
89458,LAZADA,ZNWX-1295,ZEA1-XCT82211-J,,,ASSISTANT,接待账号,福建省-厦门市,2026-09-14 11:30:10,2
89459,LAZADA,ZNWX-4444,ZKB3-DJL85311-Sub,,,ASSISTANT,接待账号,福建省-福州,2026-05-12 17:01:33,0
89461,LAZADA,ZNWX-6001,ZHC1/3/4-YMH81247-JS,,,ASSISTANT,接待账号,福建省-福州,2026-09-16 09:39:57,5
89462,LAZADA,ZNWX-6002,ZHC1/2-LYM81045-JS,,,ASSISTANT,接待账号,福建省-厦门市,2026-09-16 11:26:16,5
89463,LAZADA,ZNWX-6003,ZHC1-QHB83943-J,,,ASSISTANT,接待账号,,2026-04-08 13:54:01,0
89464,LAZADA,ZNWX-6004,ZHC1-ZZJ83731-J,,,ASSISTANT,接待账号,Kowloon-香港,2026-09-16 10:47:42,5
89465,LAZADA,ZNWX-6005,ZHC1/3-LZH84843-J,,,ASSISTANT,接待账号,福建省-福州,2026-04-29 09:21:41,0
89466,LAZADA,ZNWX-6006,ZHC1-YBY85046-Sub,,,ASSISTANT,接待账号,Kuala Lumpur-吉隆坡,2026-09-15 17:21:51,2
89467,LAZADA,ZNWX-1289,ZEA4-HTY82571-J,,,ASSISTANT,接待账号,福建省-福州,2026-06-25 16:23:59,0
89468,LAZADA,ZNWX-1297,ZEA3-LJX83689-J,,,ASSISTANT,接待账号,福建省-厦门市,2026-09-16 10:01:52,6
89469,LAZADA,ZNWX-1296,ZEA3-XH83777-J,,,ASSISTANT,接待账号,,2026-09-16 10:06:09,7
89471,LAZADA,ZNWX-1682,ZHA3-LKP83114-J,,,ASSISTANT,接待账号,福建省-福州,2026-09-16 09:33:43,5
89473,LAZADA,ZNWX-1288,ZEA1-DY83048-J,,,ASSISTANT,接待账号,福建省-厦门市,2026-09-14 14:10:18,6
89474,LAZADA,ZNWX-1666,林勇滨,,,ASSISTANT,接待账号,福建省-厦门市,2026-09-15 11:06:18,0
89475,LAZADA,ZNWX-1544,ZAA1-ZFY81645-JC,,,ASSISTANT,接待账号,福建省-厦门市,2026-07-31 16:01:47,0
89476,LAZADA,ZNWX-7110,ZAB1-YZH82913-J,,,ASSISTANT,接待账号,福建省-福州,2026-05-26 14:36:33,0
89477,LAZADA,ZNWX-1686,ZNWX-1686,,,ASSISTANT,接待账号,,2026-04-01 17:15:48,0
89478,LAZADA,ZNWX-5339,ZAB3-LSH82917-J,+8619327811483,,ASSISTANT,接待账号,福建省-福州,2026-09-16 11:42:17,0
89479,LAZADA,ZNWX-1483,ZFA1-JFJ81758-J,,,ASSISTANT,接待账号,福建省-厦门市,2026-08-14 09:51:00,0
89480,LAZADA,ZNWX-2011,ZAB3-LCS84315-J,,,ASSISTANT,接待账号,福建省-福州,2026-09-16 11:44:01,0
89482,LAZADA,ZNWX-1531,ZDA3-SSH83626-J,,,ASSISTANT,接待账号,,2026-04-10 09:26:00,0
89483,LAZADA,ZFA1-QBH84435-J,ZFA1-QBH84435-J,,,ASSISTANT,接待账号,,2026-04-01 17:22:53,0
89484,LAZADA,ZNWX-1484,ZFA1-QBH84435-J,,,ASSISTANT,接待账号,福建省-厦门市,2026-06-14 20:32:18,0
89485,LAZADA,ZNWX-1532,ZDA3-HKB82988-J,,,ASSISTANT,接待账号,,2026-04-09 15:17:49,0
89486,LAZADA,ZNWX-1485,ZFA1-MXY84842-J,,,ASSISTANT,接待账号,福建省-厦门市,2026-09-16 13:24:40,3
89487,LAZADA,ZNWX-1533,ZDA1-WWY83709-J,,,ASSISTANT,接待账号,福建省-福州,2026-09-16 10:00:05,73
89488,LAZADA,ZNWX-1487,ZFA3-ZL81516-JS,,,ASSISTANT,接待账号,福建省-福州,2026-07-06 15:23:55,0
89489,LAZADA,ZNWX-1488,ZFA3-ZJB83598-JS,,,ASSISTANT,接待账号,福建省-厦门市,2026-09-15 14:42:20,4
89490,LAZADA,ZNWX-1489,ZFA3-ZC83514-JS,,,ASSISTANT,接待账号,福建省-厦门市,2026-09-16 10:05:10,3
89491,LAZADA,ZNWX-1684,ZHA1-ZYP84848-J,,,ASSISTANT,接待账号,福建省-福州,2026-09-16 09:42:23,5
89492,LAZADA,ZNWX-1490,ZFA4-ZLJ82579-J,,,ASSISTANT,接待账号,福建省-厦门市,2026-09-15 17:12:12,6
89493,LAZADA,ZNWX-1683,ZHA3-GNP84361-J,,,ASSISTANT,接待账号,,2026-04-03 21:12:31,0
89494,LAZADA,ZNWX-1491,ZFA4-ZJP81004-J,,,ASSISTANT,接待账号,福建省-福州,2026-04-28 14:31:21,0
89495,LAZADA,ZNWX-1545,ZAA3-HWH82206-M,,,ASSISTANT,接待账号,福建省-福州,2026-09-16 09:24:46,0
89496,LAZADA,ZNWX-1535,ZDB1-YHY84261-J,,,ASSISTANT,接待账号,福建省-福州,2026-04-30 10:24:17,0
89497,LAZADA,ZNWX-1536,ZDA3-CYX85383-J,,,ASSISTANT,接待账号,福建省-厦门市,2026-09-16 12:59:41,4
89499,LAZADA,ZNWX-1537,ZDA1-RK85140-Sub,,,ASSISTANT,接待账号,福建省-厦门市,2026-09-16 11:22:23,5
89501,LAZADA,ZNWX-1051,ZNWX-ZSH82389-JS,,,ASSISTANT,接待账号,,2026-04-01 17:33:00,9
89502,LAZADA,ZNWX-1546,ZAA1-WJ82799-JC,,,ASSISTANT,接待账号,福建省-厦门市,2026-09-16 09:08:47,0
89503,LAZADA,ZNWX-1563,ZAA1-WYL83788-JS,,,ASSISTANT,接待账号,福建省-厦门市,2026-06-30 13:32:17,0
89504,LAZADA,ZNWX-1052,ZNWX-DZB81982-JS,,,ASSISTANT,接待账号,,2026-04-01 17:35:35,5
89506,LAZADA,ZNWX-1053,ZHB1-WLP83380-J,,,ASSISTANT,接待账号,福建省-厦门市,2026-09-16 09:22:50,5
89508,LAZADA,ZNWX-1561,ZAA1-JSW81097-JC,,,ASSISTANT,接待账号,福建省-福州,2026-05-28 17:41:31,0
89509,LAZADA,ZNWX-1054,ZHB2-HXM84845-J,,,ASSISTANT,接待账号,福建省-福州,2026-09-16 09:45:51,5
89510,LAZADA,ZNWX-1888,ZNWX-1888,,,ASSISTANT,接待账号,福建省-厦门市,2026-09-08 23:42:06,0
89511,LAZADA,ZNWX-1055,ZHB3-CZH82577-J,,,ASSISTANT,接待账号,福建省-福州,2026-09-16 11:48:54,3
89512,LAZADA,ZNWX-1056,ZNWX-SXY84000-JS,,,ASSISTANT,接待账号,福建省-厦门市,2026-09-16 09:18:34,7
89513,LAZADA,ZNWX-1057,ZHB3-WL84226-J,,,ASSISTANT,接待账号,福建省-福州,2026-09-15 17:18:57,5
89514,LAZADA,ZNWX-1560,ZAA3-ZHX82168-JC,,,ASSISTANT,接待账号,福建省-厦门市,2026-09-16 11:58:53,0
89515,LAZADA,ZNWX-1559,ZAA1-XSY82454-JC,,,ASSISTANT,接待账号,福建省-福州,2026-08-27 17:33:36,0
89516,LAZADA,ZNWX-1999,ZNWX-1999,,,ASSISTANT,接待账号,福建省-厦门市,2026-09-10 16:46:23,0
89518,LAZADA,ZNWX-1059,ZHB1-ZH85120-Sub,,,ASSISTANT,接待账号,福建省-厦门市,2026-08-29 15:47:59,0
89521,LAZADA,ZNWX-1735,ZCA1-LJW83345-JS,,,ASSISTANT,接待账号,福建省-福州,2026-06-24 11:26:46,0
89523,LAZADA,ZNWX-2793,ZCA3-FPY82569-JS,,,ASSISTANT,接待账号,福建省-宁德,2026-07-12 20:38:38,0
89524,LAZADA,ZNWX-9202,ZCA1-LJX84837-J,,,ASSISTANT,接待账号,福建省-厦门市,2026-08-08 16:51:56,0
89525,LAZADA,ZNWX-4514,ZCA3-LBY84849-J,,,ASSISTANT,接待账号,福建省-福州,2026-05-30 09:09:10,0
89526,LAZADA,ZNWX-1558,ZAA2-WXS84063-JC,,,ASSISTANT,接待账号,福建省-福州,2026-07-31 13:34:29,0
89527,LAZADA,ZNWX-6395,ZCA3-LSH85045-J,,,ASSISTANT,接待账号,福建省-厦门市,2026-08-19 11:46:23,0
89528,LAZADA,ZNWX-1557,ZAA4-XDH84839-JC,,,ASSISTANT,接待账号,福建省-福州,2026-05-19 09:10:36,0
89529,LAZADA,ZNWX-1605,ZAA1-Rizkia-CSO,,,ASSISTANT,接待账号,Jakarta-West Jakarta,2026-09-15 22:40:00,26
89532,LAZADA,ZNWX-4001,ZAF5-LWH81773-JS,,,ASSISTANT,接待账号,福建省-福州,2026-09-16 11:43:18,0
89533,LAZADA,ZNWX-4002,ZAF3-WJT83314-JS,,,ASSISTANT,接待账号,福建省-厦门市,2026-09-15 10:12:06,0
89534,LAZADA,ZNWX-4003,ZAF2-CY83337-J,,,ASSISTANT,接待账号,福建省-福州,2026-09-15 09:59:27,0
89535,LAZADA,ZNWX-0248,ZAC1-YYL82623-J,,,ASSISTANT,接待账号,福建省-厦门市,2026-09-15 10:50:50,4
89536,LAZADA,ZNWX-4004,ZAF3-LJH83889-JC,,,ASSISTANT,接待账号,福建省-厦门市,2026-09-12 15:41:32,5
89537,LAZADA,ZNWX-4006,ZAF4-ZC84840-J,,,ASSISTANT,接待账号,,2026-04-01 18:14:06,0
89538,LAZADA,ZNWX-4119,ZAF3-SXH83133-JS,,,ASSISTANT,接待账号,福建省-福州,2026-07-31 16:44:20,0
89539,LAZADA,ZNWX-4120,ZAF1-ZSZ-84462-JS,,,ASSISTANT,接待账号,福建省-福州,2026-09-15 09:12:57,7
89540,LAZADA,ZNWX-0249,ZAC2-PWJ82792-J,,,ASSISTANT,接待账号,福建省-厦门市,2026-09-15 15:44:22,5
89541,LAZADA,ZNWX-4121,ZAF1-CYH84794-J,,,ASSISTANT,接待账号,福建省-厦门市,2026-09-04 14:31:57,0
89542,LAZADA,ZNWX-1565,ZAA3-SYL80749-JC,,,ASSISTANT,接待账号,福建省-福州,2026-09-15 09:26:45,0
89543,LAZADA,ZNWX-4989,ZTA1-QXY84989-Sub,,,ASSISTANT,接待账号,湖南-长沙,2026-05-14 22:31:41,0
89544,LAZADA,ZTA1-QYZ,ZTA1-QYZ82882-JS,,,ASSISTANT,接待账号,,2026-04-01 18:26:36,0
89545,LAZADA,ZNWX-3872,ZTA1-ZHY83872-JS,,,ASSISTANT,接待账号,福建省-厦门市,2026-08-29 13:35:12,0
89546,LAZADA,ZNWX-4846,ZTA3-WYT84846-J,,,ASSISTANT,接待账号,福建省-厦门市,2026-09-16 12:35:37,0
89547,LAZADA,ZNWX-3311,ZTA3-ZJN83311-JS,,,ASSISTANT,接待账号,福建省-厦门市,2026-08-08 00:02:30,0
89548,LAZADA,ZNWX-2521,ZTA1-LZH82521-JS,,,ASSISTANT,接待账号,,2026-04-08 17:09:31,0
89550,LAZADA,ZNWX-4495,ZTA2-HHJ84494-J,,,ASSISTANT,接待账号,福建省-厦门市,2026-08-31 16:06:44,0
89551,LAZADA,ZNWX-3666,ZGA3-CL83860-J,,,ASSISTANT,接待账号,福建省-厦门市,2026-09-15 15:37:19,6
89553,LAZADA,ZNWX-3665,ZNWX-3665,,,ASSISTANT,接待账号,,2026-04-01 18:36:25,0
89558,LAZADA,ZNWX-1606,ZAA1-Hani-CSO,,,ASSISTANT,接待账号,Jakarta-West Jakarta,2026-08-31 23:21:56,26
89559,LAZADA,ZNWX-1604,ZAA1-Tedy-M,,,ASSISTANT,接待账号,Jakarta-West Jakarta,2026-09-15 15:12:27,0
89591,LAZADA,ZNWX-4589,ZAF4-ZC84840-J,,,ASSISTANT,接待账号,福建省-厦门市,2026-07-20 11:27:20,0
89592,LAZADA,ZNWX-3664,ZNWX-3664,,,ASSISTANT,接待账号,福建省-福州,2026-04-30 14:01:02,0
89601,LAZADA,ZNWX-2882,ZTA1-QYZ84989-JS,,,ASSISTANT,接待账号,福建省-厦门市,2026-09-10 11:42:36,0
89614,LAZADA,ZNWX-1492,ZNWX-1492,,,ASSISTANT,接待账号,,2026-04-02 11:11:54,0
89616,LAZADA,ZNWX-1493,ZFA3-LZY85150-Sub,,,ASSISTANT,接待账号,福建省-厦门市,2026-09-15 17:31:51,2
89671,LAZADA,ZNWX-1585,ZAA3-Jera-CSO,,,ASSISTANT,接待账号,Metro Manila-马尼拉,2026-09-15 07:57:47,27
89825,LAZADA,ZNWX-1611,ZNWX-1611,,,ASSISTANT,接待账号,Metro Manila-马尼拉,2026-09-16 12:23:20,0
90050,LAZADA,ZNWX-1699,ZAA1-ZSW85168-Sub,,,ASSISTANT,接待账号,,2026-04-13 13:33:06,0
90207,LAZADA,ZNWX-1450,ZAA1-Yuk-CSO,,,ASSISTANT,接待账号,曼谷-曼谷,2026-09-16 08:55:00,38
90211,LAZADA,ZNWX-1451,ZAA1-Fame-CSA,,,ASSISTANT,接待账号,曼谷-Samphanthawong,2026-09-15 16:45:14,0
90770,LAZADA,ZNWX-1789,ZAA3-ZZC85229-JC,,,ASSISTANT,接待账号,福建省-厦门市,2026-09-16 09:21:05,0
90885,LAZADA,ZNWX-3999,ZNWX-3999,,,ASSISTANT,接待账号,福建省-福州,2026-04-30 15:36:34,0
91094,LAZADA,ZNWX-1391,ZNWX-1391,,,ASSISTANT,接待账号,,2026-04-20 11:28:20,0
91099,LAZADA,ZNWX-1966,ZEA3-MKRM85284-Sub,,,ASSISTANT,接待账号,福建省-福州,2026-05-23 15:48:52,0
91168,LAZADA,ZNWX-8146,ZTA3-WWT-Sub,+8613328788146,,ASSISTANT,接待账号,福建省-福州,2026-05-18 14:10:14,0
91181,LAZADA,ZNWX-1704,ZAF1-DHJ85289-Sub,,,ASSISTANT,接待账号,福建省-福州,2026-05-14 17:26:46,0
91876,LAZADA,ZNWX-2565,ZBB3-YCX85397-sub,,,ASSISTANT,接待账号,福建省-福州,2026-04-30 17:15:53,0
92114,LAZADA,ZNWX-1865,ZEA3-ZC85388-J,,,ASSISTANT,接待账号,福建省-厦门市,2026-09-16 09:52:51,5
92116,LAZADA,ZNWX-1715,ZNWX-WJJ-85390-J,,,ASSISTANT,接待账号,福建省-厦门市,2026-08-08 21:04:07,0
92117,LAZADA,ZNWX-1719,ZHC1/3-LZT85386-J,,,ASSISTANT,接待账号,福建省-厦门市,2026-09-16 11:28:15,3
92120,LAZADA,ZNWX-1713,ZGA1-LH85382-J,,,ASSISTANT,接待账号,福建省-厦门市,2026-06-30 13:58:43,0
92126,LAZADA,ZNWX-4446,ZKB1-CYX85383-J,,,ASSISTANT,接待账号,福建省-厦门市,2026-08-17 09:58:17,0
92131,LAZADA,ZNWX-1714,ZFB3-SMM85391-J,,,ASSISTANT,接待账号,福建省-福州,2026-05-28 13:38:33,0
92135,LAZADA,ZNWX-1718,ZAA1-LJZ85392-JC,,,ASSISTANT,接待账号,福建省-厦门市,2026-07-15 09:05:11,0
92160,LAZADA,ZNWX-1727,ZTAL2-WHT85389-J,,,ASSISTANT,接待账号,福建省-Houxi,2026-09-11 09:49:56,0
92205,LAZADA,ZNWX-5210,客服负责人,,,ASSISTANT,接待账号,,2026-05-05 15:00:02,0
92206,LAZADA,ZNWX-5220,客服负责人,,,ASSISTANT,接待账号,福建省-福州,2026-05-25 21:13:59,0
92216,LAZADA,ZNWX-1716,ZHB3-YZY85384-J,,,ASSISTANT,接待账号,福建省-福州,2026-09-16 11:44:03,8
92307,LAZADA,ZNWX-1985,ZBB3-ZJH85429-sub,,,ASSISTANT,接待账号,福建省-福州,2026-05-15 14:27:04,0
93273,LAZADA,ZNWX-9224,ZHC1/3-XSY85539-Sub,,,ASSISTANT,接待账号,福建省-厦门市,2026-07-31 21:50:07,0
93480,LAZADA,ZNWX-85573,ZAT1-CLY85573-Sub,,,ASSISTANT,接待账号,福建省-厦门市,2026-07-04 14:50:35,0
93716,LAZADA,ZNWX-1857,ZEA3-YLJ85621-Sub,,,ASSISTANT,接待账号,,2026-05-25 14:09:10,0
93720,LAZADA,ZNWX-1858,ZEA1-YLJ85621-Sub,,,ASSISTANT,接待账号,福建省-福州,2026-06-09 17:21:45,0
93808,LAZADA,ZNWX-5352,管培生,,,ASSISTANT,接待账号,福建省-厦门市,2026-07-26 23:40:16,0
93870,LAZADA,ZNWX-5245,ZAA1-Ged-CSO,,,ASSISTANT,接待账号,曼谷-曼谷,2026-09-16 12:57:09,38
94123,LAZADA,ZNWX-3998,ZAC1-XQL85682-SUB,,,ASSISTANT,接待账号,福建省-厦门市,2026-08-07 14:00:04,0
94249,LAZADA,ZNWX-85689,ZNWX-5689-Sub,,,ASSISTANT,接待账号,福建省-厦门市,2026-08-31 15:56:40,0
94257,LAZADA,ZNWX-1802,ZAF1-LA5693-Sub,,,ASSISTANT,接待账号,福建省-厦门市,2026-09-16 09:03:41,0
94265,LAZADA,ZNWX-1803,ZAA3-JARRED-CSO,,,ASSISTANT,接待账号,Metro Manila-马尼拉,2026-09-16 07:50:29,27
94552,LAZADA,ZNWX-5367,ZAH1-Maple-CSO,,,ASSISTANT,接待账号,曼谷-曼谷,2026-09-14 22:00:25,38
95604,LAZADA,ZNWX-52222,ZNWX-52222,,,ASSISTANT,接待账号,福建省-厦门市,2026-09-08 14:14:16,0
95605,LAZADA,ZNWX-53333,ZNWX-53333,,,ASSISTANT,接待账号,福建省-厦门市,2026-08-06 14:00:27,0
95804,LAZADA,ZNWX-2515,ZNWX-WXM85864-SUB,,,ASSISTANT,接待账号,福建省-厦门市,2026-09-08 14:03:10,0
97510,LAZADA,ZNWX-1933,ZTA1-CSJ-86045,,,ASSISTANT,接待账号,福建省-厦门市,2026-09-07 15:29:16,0
97608,LAZADA,ZNWX-1928,ZAA1-CSS-86052,,,ASSISTANT,接待账号,福建省-厦门市,2026-09-16 09:19:52,0
98462,LAZADA,LAZD-LTY,数据导出-兰天昱,,,ASSISTANT,接待账号,东京都-东京,2026-08-06 14:13:59,0
98531,LAZADA,ZNWX-1995,AI6--XTT-84004,,,ASSISTANT,接待账号,福建省-福州市,2026-08-20 16:05:16,0
100198,LAZADA,ZNWX-5610,罗杰-AI模型训练师,,,ASSISTANT,接待账号,福建省-福州市,2026-09-07 15:32:25,0
100199,LAZADA,ZNWX-5611,赵华庆-AI模型训练师,,,ASSISTANT,接待账号,福建省-厦门市,2026-09-08 10:07:20,0
100200,LAZADA,ZNWX-5612,詹旭杰-AI模型训练师,,,ASSISTANT,接待账号,福建省-福州市,2026-09-04 19:36:39,0
100201,LAZADA,ZNWX-5613,钱琪-AI模型训练师,,,ASSISTANT,接待账号,福建省-福州市,2026-09-04 09:13:43,0
100202,LAZADA,ZNWX-5614,赖尔定飞-AI模型训练师,,,ASSISTANT,接待账号,,2026-09-03 20:58:33,0
100203,LAZADA,ZNWX-5615,郭雅雯-AI模型训练师,,,ASSISTANT,接待账号,,2026-09-03 20:59:11,0
100204,LAZADA,ZNWX-5616,李涵-AI模型训练师,,,ASSISTANT,接待账号,福建省-福州市,2026-09-04 15:59:09,0
100205,LAZADA,ZNWX-5617,张金凤-AI模型训练师,,,ASSISTANT,接待账号,福建省-福州市,2026-09-04 09:17:17,0
